date,open,high,low,close,volume,amount,factor
2018-10-19,2.46,2.79,2.46,2.79,20157,5184.038,1.0
2018-10-22,2.99,2.99,2.99,2.99,5804,1648.217,1.0
2018-10-23,3.21,3.21,3.21,3.21,19998,6239.276,1.0
2018-10-24,3.45,3.45,3.45,3.45,16388,5620.94,1.0
2018-10-25,3.71,3.71,3.71,3.71,40759,15366.2,1.0
2018-10-26,4.0,4.0,4.0,4.0,15489,6428.018,1.0
2018-10-29,4.32,4.32,4.32,4.32,22372,10223.99,1.0
2018-10-30,4.68,4.68,4.68,4.68,123329,62034.246,1.0
2018-10-31,5.06,5.06,5.06,5.06,47631,26339.7,1.0
2018-11-01,5.49,5.49,5.49,5.49,23945,14558.609,1.0
2018-11-02,5.95,5.95,5.95,5.95,37156,24857.257,1.0
2018-11-05,6.47,6.47,6.47,6.47,45865,33756.684,1.0
2018-11-06,7.04,7.04,6.65,6.71,3812281,2988130.16,1.0
2018-11-07,6.43,6.62,6.2,6.47,2328514,1696514.208,1.0
2018-11-08,6.5,6.53,5.96,6.04,2388085,1676938.048,1.0
2018-11-09,5.92,6.1,5.84,5.91,1399037,936963.696,1.0
2018-11-12,5.86,6.26,5.78,6.14,1879385,1270041.536,1.0
2018-11-13,6.03,6.58,5.99,6.24,2372928,1668199.232,1.0
2018-11-14,6.12,6.26,5.97,6.01,1525312,1051580.592,1.0
2018-11-15,5.93,6.3,5.9,6.21,1661291,1153075.904,1.0
2018-11-16,6.18,6.47,6.07,6.23,2017386,1432363.44,1.0
2018-11-19,6.15,6.78,6.13,6.78,1715305,1259026.272,1.0
2018-11-20,7.01,7.38,6.81,6.92,2630292,2155687.296,1.0
2018-11-21,7.04,7.28,6.67,7.08,2826168,2291316.992,1.0
2018-11-22,6.98,7.08,6.53,6.58,2002578,1543384.112,1.0
2018-11-23,6.49,6.61,6.09,6.14,1513712,1084744.896,1.0
2018-11-26,6.14,6.2,5.99,6.12,899680,617622.64,1.0
2018-11-27,6.17,6.18,5.95,6.03,808745,552164.96,1.0
2018-11-28,6.02,6.27,5.95,6.12,1301651,901624.96,1.0
2018-11-29,6.14,6.15,5.59,5.59,1435819,946006.4,1.0
2018-11-30,5.46,5.6,5.23,5.52,1369911,818458.304,1.0
2018-12-03,5.75,5.76,5.56,5.6,1143499,720716.528,1.0
2018-12-04,5.55,5.81,5.51,5.79,1047730,657860.56,1.0
2018-12-05,5.63,5.72,5.59,5.62,756113,476184.0,1.0
2018-12-06,5.53,5.71,5.52,5.59,702770,439624.688,1.0
2018-12-07,5.6,5.69,5.56,5.6,517614,323442.176,1.0
2018-12-10,5.5,5.55,5.39,5.43,551501,332990.768,1.0
2018-12-11,5.46,5.48,5.39,5.44,365852,219680.06,1.0
2018-12-12,5.45,5.57,5.43,5.48,528257,323103.904,1.0
2018-12-13,5.49,5.65,5.36,5.56,870682,534689.168,1.0
2018-12-14,5.53,5.55,5.34,5.38,604625,364705.856,1.0
2018-12-17,5.33,5.45,5.33,5.41,317325,189592.189,1.0
2018-12-18,5.4,5.45,5.26,5.34,406821,239912.741,1.0
2018-12-19,5.35,5.39,5.29,5.31,290067,170564.075,1.0
2018-12-20,5.27,5.76,5.26,5.58,1138852,702301.552,1.0
2018-12-21,5.51,5.75,5.5,5.73,1452037,916345.168,1.0
2018-12-24,5.69,5.75,5.54,5.6,989120,621106.704,1.0
2018-12-25,5.5,5.8,5.39,5.78,1369520,854955.728,1.0
2018-12-26,5.7,5.76,5.62,5.68,933520,591501.952,1.0
2018-12-27,5.81,5.85,5.52,5.54,979144,620878.496,1.0
2018-12-28,5.55,5.79,5.5,5.6,896659,564347.984,1.0
2019-01-02,5.61,5.65,5.36,5.5,754751,460374.944,1.0
2019-01-03,5.51,5.77,5.48,5.57,1093803,687396.624,1.0
2019-01-04,5.45,6.05,5.45,6.05,1269345,826544.416,1.0
2019-01-07,6.47,6.57,6.25,6.42,2954558,2169865.6,1.0
2019-01-08,6.31,6.49,6.15,6.35,1971089,1410953.696,1.0
2019-01-09,6.28,6.8,6.21,6.51,2135247,1559800.576,1.0
2019-01-10,6.42,6.63,6.29,6.35,1632176,1201458.016,1.0
2019-01-11,6.27,6.56,6.25,6.45,1385933,1007985.088,1.0
2019-01-14,6.62,6.75,6.33,6.36,1311005,971905.888,1.0
2019-01-15,6.31,6.92,6.28,6.78,2350117,1788469.456,1.0
2019-01-16,6.65,6.71,6.53,6.6,1318781,993971.152,1.0
2019-01-17,6.6,6.65,6.39,6.46,1091141,810990.336,1.0
2019-01-18,6.47,6.5,6.25,6.35,953501,691620.352,1.0
2019-01-21,6.34,6.45,6.29,6.41,598464,432229.04,1.0
2019-01-22,6.36,6.63,6.28,6.44,1010023,741886.72,1.0
2019-01-23,6.41,6.49,6.31,6.42,613536,445734.368,1.0
2019-01-24,6.52,6.99,6.47,6.72,2507524,1949817.088,1.0
2019-01-25,6.63,6.67,6.39,6.41,1644508,1224219.2,1.0
2019-01-28,6.52,6.61,6.31,6.44,1149836,845571.456,1.0
2019-01-29,6.35,6.42,6.06,6.29,864399,614038.928,1.0
2019-01-30,6.24,6.39,6.15,6.19,548961,389066.816,1.0
2019-01-31,6.21,6.31,6.02,6.07,737260,514279.168,1.0
2019-02-01,6.2,6.33,6.15,6.31,693285,489488.864,1.0
2019-02-11,6.28,6.49,6.24,6.44,846287,611211.92,1.0
2019-02-12,6.43,6.54,6.33,6.46,887262,648411.808,1.0
2019-02-13,6.41,6.95,6.39,6.66,1643399,1251906.112,1.0
2019-02-14,6.55,6.64,6.51,6.57,935622,700930.88,1.0
2019-02-15,6.55,6.75,6.5,6.54,962353,726897.888,1.0
2019-02-18,6.58,7.12,6.57,6.94,1724904,1356938.592,1.0
2019-02-19,6.85,7.13,6.83,6.92,1657582,1328405.84,1.0
2019-02-20,6.95,6.99,6.77,6.91,849782,668765.104,1.0
2019-02-21,6.69,7.14,6.5,6.79,1896351,1476418.88,1.0
2019-02-22,6.82,7.39,6.62,7.39,2267583,1842495.616,1.0
2019-02-25,7.73,8.05,7.62,8.05,2212806,2037598.816,1.0
2019-02-26,8.42,8.78,8.31,8.37,2543654,2590589.664,1.0
2019-02-27,8.39,8.99,8.08,8.72,2612156,2638771.408,1.0
2019-02-28,8.33,8.46,7.92,7.93,1381065,1314182.528,1.0
2019-03-01,8.02,8.45,7.77,8.23,1392018,1331269.264,1.0
2019-03-04,8.42,8.98,8.08,8.62,2273945,2304007.008,1.0
2019-03-05,8.35,8.85,8.28,8.71,1674489,1695584.8,1.0
2019-03-06,8.65,9.5,8.57,9.5,2261489,2436955.104,1.0
2019-03-07,9.75,10.37,9.39,10.37,2063866,2482854.752,1.0
2019-03-08,9.42,10.18,9.42,9.42,1939173,2228057.408,1.0
2019-03-11,9.11,9.53,8.65,9.37,1192097,1296938.976,1.0
2019-03-12,9.49,10.18,9.35,9.82,1591032,1871416.224,1.0
2019-03-13,9.85,10.12,9.29,9.66,1354350,1563129.872,1.0
2019-03-14,9.35,9.83,9.14,9.32,1022578,1151227.616,1.0
2019-03-15,9.5,9.86,9.32,9.45,1038715,1184564.24,1.0
2019-03-18,9.27,9.49,8.7,9.45,992292,1084823.792,1.0
2019-03-19,9.38,9.59,9.29,9.36,710408,796185.504,1.0
2019-03-20,9.29,9.58,9.19,9.54,844889,950117.488,1.0
2019-03-21,9.58,10.03,9.42,9.62,1293903,1496910.352,1.0
2019-03-22,9.46,9.6,9.22,9.41,724509,810258.864,1.0
2019-03-25,9.15,9.37,8.94,8.95,724239,785213.216,1.0
2019-03-26,8.97,9.08,8.62,8.72,591790,615859.2,1.0
2019-03-27,8.77,8.93,8.59,8.78,513282,532517.456,1.0
2019-03-28,8.66,8.86,8.51,8.58,490885,501882.048,1.0
2019-03-29,8.65,9.25,8.63,9.22,1067808,1137886.88,1.0
2019-04-01,9.25,9.62,9.04,9.41,1116063,1235516.608,1.0
2019-04-02,9.37,9.53,9.15,9.24,858735,953616.416,1.0
2019-04-03,9.12,9.5,9.05,9.42,903659,1003122.4,1.0
2019-04-04,9.48,9.48,9.19,9.26,728426,806235.312,1.0
2019-04-08,9.31,9.37,8.85,8.98,530316,570827.84,1.0
2019-04-09,9.03,9.23,8.97,9.09,404433,435747.712,1.0
2019-04-10,9.09,9.16,8.79,8.99,529348,559069.248,1.0
2019-04-11,8.9,8.94,8.72,8.72,322525,335732.032,1.0
2019-04-12,8.77,8.86,8.69,8.73,260490,270091.984,1.0
2019-04-15,8.9,8.96,8.65,8.66,287051,298681.888,1.0
2019-04-16,8.5,8.77,8.39,8.7,483397,490135.52,1.0
2019-04-17,8.69,8.69,8.48,8.54,424703,428564.24,1.0
2019-04-18,8.56,8.6,8.42,8.45,346851,347126.608,1.0
2019-04-19,8.39,8.59,8.39,8.45,354798,354114.128,1.0
2019-04-22,8.57,8.59,8.36,8.39,328872,326865.264,1.0
2019-04-23,8.39,8.75,8.27,8.63,651764,655676.528,1.0
2019-04-24,8.54,8.67,8.52,8.57,325370,328389.744,1.0
2019-04-25,8.6,8.73,8.28,8.32,558804,563124.272,1.0
2019-04-26,8.12,8.32,7.89,7.9,502314,474097.52,1.0
2019-04-29,7.9,7.99,7.32,7.36,492499,430299.984,1.0
2019-04-30,7.35,7.44,7.24,7.35,295901,252324.76,1.0
2019-05-06,6.97,7.16,6.69,6.69,486169,382314.896,1.0
2019-05-07,6.73,7.05,6.54,6.97,585634,458307.296,1.0
2019-05-08,6.77,6.96,6.69,6.82,347670,273391.968,1.0
2019-05-09,6.75,7.02,6.74,6.85,432136,342203.616,1.0
2019-05-10,6.93,7.17,6.79,7.1,607052,491542.928,1.0
2019-05-13,6.99,7.05,6.92,6.99,281194,225976.598,1.0
2019-05-14,6.89,7.19,6.89,7.11,492119,400135.744,1.0
2019-05-15,7.13,7.2,7.05,7.15,486675,400059.84,1.0
2019-05-16,7.11,7.12,7.03,7.08,282166,229849.152,1.0
2019-05-17,7.08,7.09,6.62,6.73,373139,293591.52,1.0
2019-05-20,6.72,6.9,6.56,6.79,272376,211037.967,1.0
2019-05-21,6.77,6.92,6.75,6.85,264308,207584.809,1.0
2019-05-22,6.86,6.86,6.67,6.75,226082,175291.438,1.0
2019-05-23,6.69,7.03,6.69,6.84,397305,312781.152,1.0
2019-05-24,6.82,7.04,6.82,7.04,541580,433117.952,1.0
2019-05-27,7.12,7.66,7.02,7.66,691231,584005.136,1.0
2019-05-28,7.7,8.18,7.59,7.88,1277790,1169880.384,1.0
2019-05-29,7.81,8.34,7.75,8.09,1103372,1039926.192,1.0
2019-05-30,7.89,7.95,7.75,7.85,709382,648648.144,1.0
2019-05-31,7.9,8.07,7.85,7.91,745241,692998.288,1.0
2019-06-03,8.15,8.49,7.96,8.01,959400,919711.024,1.0
2019-06-04,7.81,8.15,7.7,8.05,698757,645834.544,1.0
2019-06-05,8.19,8.41,7.92,8.03,845766,807093.216,1.0
2019-06-06,7.89,8.19,7.88,8.02,567306,534533.984,1.0
2019-06-10,8.02,8.03,7.43,7.8,567999,512655.776,1.0
2019-06-11,7.81,8.35,7.7,8.33,1016433,963621.568,1.0
2019-06-12,8.22,8.49,8.17,8.21,947428,924797.152,1.0
2019-06-13,8.1,8.63,8.08,8.5,1086303,1080681.712,1.0
2019-06-14,8.42,8.62,8.27,8.35,856432,852431.936,1.0
2019-06-17,8.35,8.48,8.28,8.39,379037,372795.872,1.0
2019-06-18,8.51,8.58,8.37,8.39,417291,414867.424,1.0
2019-06-19,9.14,9.15,8.54,8.6,1140517,1195006.128,1.0
2019-06-20,8.42,9.38,8.41,9.38,1830867,1957972.736,1.0
2019-06-21,9.3,9.65,9.18,9.26,1540921,1723032.464,1.0
2019-06-24,9.43,9.47,8.95,9.07,953667,1038210.56,1.0
2019-06-25,9.08,9.88,8.95,9.69,1403369,1558031.136,1.0
2019-06-26,9.07,9.25,8.81,8.81,1109652,1184842.72,1.0
2019-06-27,8.89,9.38,8.84,9.04,890917,963230.464,1.0
2019-06-28,9.0,9.31,8.98,9.15,676990,734030.096,1.0
2019-07-01,9.51,9.78,9.3,9.54,1137798,1288724.512,1.0
2019-07-02,9.41,9.55,9.26,9.34,673330,747830.352,1.0
2019-07-03,9.32,9.34,9.01,9.18,545528,589976.896,1.0
2019-07-04,9.22,9.34,8.97,9.12,468156,504745.68,1.0
2019-07-05,9.02,9.16,8.98,9.04,282652,303496.656,1.0
2019-07-08,8.97,9.22,8.91,9.02,582572,626349.168,1.0
2019-07-09,8.97,9.1,8.36,8.67,709817,725034.16,1.0
2019-07-10,8.65,8.65,8.38,8.43,396639,397138.64,1.0
2019-07-11,8.53,8.58,8.28,8.38,389242,385490.72,1.0
2019-07-12,8.37,8.41,8.28,8.32,265303,260027.296,1.0
2019-07-15,8.33,8.65,8.21,8.55,471652,470376.64,1.0
2019-07-16,8.53,8.61,8.47,8.51,264008,264915.762,1.0
2019-07-17,8.44,8.61,8.44,8.52,223861,225098.189,1.0
2019-07-18,8.47,8.5,8.38,8.38,242956,240401.575,1.0
2019-07-19,8.44,8.63,8.44,8.58,373053,375706.032,1.0
2019-07-22,8.66,8.72,8.34,8.34,328439,326252.112,1.0
2019-07-23,8.34,8.43,8.27,8.34,189468,185532.126,1.0
2019-07-24,8.41,8.46,8.3,8.34,254515,250452.623,1.0
2019-07-25,8.31,8.33,8.11,8.18,370363,355400.48,1.0
2019-07-26,8.12,8.12,7.83,7.88,425554,393616.432,1.0
2019-07-29,7.94,7.94,7.87,7.92,194741,179522.021,1.0
2019-07-30,7.92,8.16,7.91,8.04,329291,310257.44,1.0
2019-07-31,8.04,8.04,7.94,7.98,154486,143996.553,1.0
2019-08-01,7.91,8.01,7.84,7.89,170584,157191.178,1.0
2019-08-02,7.66,7.75,7.58,7.68,269343,239891.272,1.0
2019-08-05,7.64,7.88,7.6,7.71,264264,238573.889,1.0
2019-08-06,7.51,8.19,7.43,7.94,635096,580110.384,1.0
2019-08-07,7.84,7.84,7.61,7.65,436714,391850.32,1.0
2019-08-08,7.86,7.93,7.67,7.68,330831,299684.48,1.0
2019-08-09,7.71,7.74,7.52,7.54,233387,205665.378,1.0
2019-08-12,7.6,7.71,7.6,7.71,267450,238639.696,1.0
2019-08-13,7.58,7.66,7.55,7.61,148992,131517.256,1.0
2019-08-14,7.71,7.75,7.58,7.58,198584,176173.957,1.0
2019-08-15,7.35,7.54,7.28,7.48,261601,224251.803,1.0
2019-08-16,7.45,7.62,7.44,7.48,251607,219732.11,1.0
2019-08-19,7.61,7.93,7.52,7.91,637239,576077.504,1.0
2019-08-20,7.91,7.98,7.74,7.79,435537,399053.296,1.0
2019-08-21,7.78,7.81,7.71,7.74,237637,214668.71,1.0
2019-08-22,7.78,7.78,7.68,7.73,155184,139350.975,1.0
2019-08-23,7.73,7.8,7.67,7.71,166941,149913.021,1.0
2019-08-26,7.52,7.66,7.48,7.61,166944,147132.898,1.0
2019-08-27,7.62,7.84,7.62,7.7,301458,271090.848,1.0
2019-08-28,7.68,7.68,7.57,7.58,206030,181747.661,1.0
2019-08-29,7.57,7.61,7.51,7.54,175565,153720.539,1.0
2019-08-30,7.59,7.64,7.43,7.45,176150,153800.542,1.0
2019-09-02,7.47,7.64,7.46,7.58,222342,195284.712,1.0
2019-09-03,7.59,7.63,7.53,7.6,193070,169670.322,1.0
2019-09-04,7.57,7.81,7.54,7.74,438691,394173.44,1.0
2019-09-05,7.84,8.43,7.84,8.04,927323,879634.208,1.0
2019-09-06,8.11,8.15,7.95,8.06,469162,440458.688,1.0
2019-09-09,8.26,8.31,8.09,8.14,514691,492790.208,1.0
2019-09-10,8.13,8.41,8.02,8.27,593256,569593.504,1.0
2019-09-11,8.38,8.44,8.22,8.31,570117,557567.2,1.0
2019-09-12,8.3,8.45,8.21,8.44,451416,441584.432,1.0
2019-09-16,8.44,8.44,8.24,8.28,375734,367317.872,1.0
2019-09-17,8.28,8.38,8.03,8.13,412683,396102.592,1.0
2019-09-18,8.13,8.16,7.99,8.01,236964,222999.032,1.0
2019-09-19,8.05,8.11,8.0,8.1,216743,204280.846,1.0
2019-09-20,8.09,8.11,8.01,8.06,221528,208397.612,1.0
2019-09-23,8.03,8.03,7.86,7.93,194642,179708.845,1.0
2019-09-24,7.93,7.98,7.85,7.9,205076,189332.693,1.0
2019-09-25,7.85,7.94,7.78,7.78,202656,185065.186,1.0
2019-09-26,7.81,7.86,7.41,7.53,274218,243506.805,1.0
2019-09-27,7.51,7.6,7.51,7.53,129241,113115.329,1.0
2019-09-30,7.54,7.59,7.4,7.42,123003,106743.163,1.0
2019-10-08,7.32,7.45,7.32,7.33,129875,110878.294,1.0
2019-10-09,7.34,7.43,7.28,7.4,125442,106858.427,1.0
2019-10-10,7.42,7.5,7.38,7.46,130225,112207.793,1.0
2019-10-11,7.48,7.63,7.34,7.51,239062,207482.449,1.0
2019-10-14,7.6,7.67,7.53,7.56,280581,247661.175,1.0
2019-10-15,7.49,7.49,7.31,7.34,197361,168484.759,1.0
2019-10-16,7.34,7.42,7.15,7.18,181928,153198.929,1.0
2019-10-17,7.19,7.19,6.98,7.01,222586,180374.471,1.0
2019-10-18,7.0,7.01,6.77,6.78,270477,212570.24,1.0
2019-10-21,6.18,6.18,6.18,6.18,107421,74979.858,1.0
2019-10-22,5.64,5.64,5.64,5.64,101155,63525.34,1.0
2019-10-23,5.87,5.98,5.68,5.72,1340172,868127.52,1.0
2019-10-24,5.58,5.79,5.55,5.63,799096,504357.44,1.0
2019-10-25,5.63,5.72,5.53,5.7,875281,548465.376,1.0
2019-10-28,5.59,5.81,5.59,5.74,899096,574404.352,1.0
2019-10-29,5.7,5.72,5.53,5.57,790785,493358.976,1.0
2019-10-30,5.58,5.64,5.46,5.58,715516,440246.992,1.0
2019-10-31,5.53,5.59,5.48,5.53,414506,253591.854,1.0
2019-11-01,5.5,5.55,5.47,5.55,479097,292536.352,1.0
2019-11-04,5.54,5.61,5.51,5.53,430426,265169.04,1.0
2019-11-05,5.52,5.59,5.49,5.54,643646,396881.312,1.0
2019-11-06,5.51,5.52,5.29,5.31,807716,481401.28,1.0
2019-11-07,5.28,5.37,5.25,5.34,391859,230251.825,1.0
2019-11-08,5.38,5.39,5.29,5.31,329736,194151.289,1.0
2019-11-11,5.26,5.27,5.08,5.2,523695,298474.304,1.0
2019-11-12,5.2,5.24,5.16,5.24,350967,200478.3,1.0
2019-11-13,5.22,5.23,5.16,5.19,264732,150348.72,1.0
2019-11-14,5.18,5.3,5.11,5.22,604394,345366.32,1.0
2019-11-15,5.24,5.48,5.22,5.33,1150558,680115.888,1.0
2019-11-18,5.3,5.42,5.26,5.34,719197,423900.368,1.0
2019-11-19,5.31,5.39,5.29,5.39,612955,360463.584,1.0
2019-11-20,5.38,5.39,5.24,5.26,523247,306443.792,1.0
2019-11-21,5.21,5.28,5.18,5.26,338962,194807.774,1.0
2019-11-22,5.24,5.3,5.12,5.18,541702,309171.168,1.0
2019-11-25,5.18,5.19,5.1,5.14,362654,204077.791,1.0
2019-11-26,5.15,5.17,5.05,5.06,391472,218131.373,1.0
2019-11-27,5.03,5.08,5.01,5.02,351362,193343.696,1.0
2019-11-28,5.02,5.04,4.88,4.91,495028,266615.929,1.0
2019-11-29,4.91,5.04,4.83,4.94,655079,351354.096,1.0
2019-12-02,5.01,5.03,4.92,4.93,553308,299322.464,1.0
2019-12-03,4.88,5.01,4.85,5.01,544426,290705.184,1.0
2019-12-04,4.98,5.1,4.98,5.04,718168,395041.152,1.0
2019-12-05,5.06,5.1,5.01,5.06,817459,451149.296,1.0
2019-12-06,5.07,5.08,4.98,5.04,594573,325694.144,1.0
2019-12-09,5.06,5.1,5.01,5.04,559039,308219.68,1.0
2019-12-10,5.03,5.04,4.97,5.01,533940,290500.0,1.0
2019-12-11,5.03,5.44,5.0,5.26,2157240,1252407.36,1.0
2019-12-12,5.23,5.52,5.2,5.49,2273383,1349300.784,1.0
2019-12-13,5.72,5.94,5.58,5.77,3107949,1993192.96,1.0
2019-12-16,5.69,5.99,5.63,5.88,2866441,1859532.32,1.0
2019-12-17,5.83,6.31,5.76,6.01,3524053,2378439.776,1.0
2019-12-18,5.95,6.52,5.92,6.49,3767469,2642133.936,1.0
2019-12-19,6.32,6.43,6.26,6.3,2393393,1714785.936,1.0
2019-12-20,6.31,6.58,6.21,6.25,2508790,1822679.504,1.0
2019-12-23,6.14,6.28,5.91,5.92,1768932,1208545.552,1.0
2019-12-24,5.98,6.11,5.93,6.11,1243493,840191.728,1.0
2019-12-25,6.04,6.21,5.99,6.07,1249718,854548.384,1.0
2019-12-26,6.07,6.28,6.01,6.26,1705532,1182391.264,1.0
2019-12-27,6.2,6.34,6.0,6.04,1942419,1361615.248,1.0
2019-12-30,5.94,6.28,5.89,6.2,1778507,1231059.296,1.0
2019-12-31,6.2,6.56,6.14,6.48,2536695,1838339.024,1.0
2020-01-02,6.64,6.66,6.39,6.41,2360154,1743901.472,1.0
2020-01-03,6.37,6.44,6.28,6.33,1369481,986227.616,1.0
2020-01-06,6.23,6.4,6.21,6.28,1182717,843610.288,1.0
2020-01-07,6.31,6.38,6.24,6.34,1128719,806198.016,1.0
2020-01-08,6.28,6.29,6.11,6.11,1209765,846977.424,1.0
2020-01-09,6.21,6.26,6.14,6.17,748847,523280.144,1.0
2020-01-10,6.27,6.27,6.12,6.15,728426,509347.104,1.0
2020-01-13,6.11,6.2,5.98,6.19,835335,571248.832,1.0
2020-01-14,6.21,6.23,6.11,6.12,679307,473465.312,1.0
2020-01-15,6.14,6.15,6.04,6.11,501131,344669.088,1.0
2020-01-16,6.11,6.16,6.08,6.11,504725,347669.568,1.0
2020-01-17,6.16,6.29,6.12,6.24,1302398,915728.624,1.0
2020-01-20,6.2,6.24,6.08,6.12,1405184,970896.192,1.0
2020-01-21,6.08,6.09,5.79,5.81,1528455,1016730.192,1.0
2020-01-22,5.76,5.93,5.68,5.88,826905,539117.776,1.0
2020-01-23,5.81,5.91,5.68,5.74,779781,504994.656,1.0
2020-02-03,5.24,5.24,5.24,5.24,81672,47043.072,1.0
2020-02-04,4.8,5.24,4.8,5.16,1497510,823610.08,1.0
2020-02-05,5.15,5.38,5.09,5.2,1191724,684553.312,1.0
2020-02-06,5.16,5.38,5.12,5.31,1426873,824705.648,1.0
2020-02-07,5.28,5.57,5.26,5.51,1670141,1010513.664,1.0
2020-02-10,5.44,5.57,5.43,5.51,1167630,710870.992,1.0
2020-02-11,5.56,5.59,5.39,5.41,1303473,789693.232,1.0
2020-02-12,5.36,5.52,5.35,5.48,1197138,718422.912,1.0
2020-02-13,5.5,5.69,5.44,5.55,1854932,1149276.16,1.0
2020-02-14,5.49,5.65,5.44,5.57,1514260,933972.928,1.0
2020-02-17,5.65,5.78,5.59,5.75,2121195,1340937.776,1.0
2020-02-18,5.72,5.79,5.64,5.7,1453849,924052.288,1.0
2020-02-19,5.67,5.81,5.62,5.62,1812771,1154605.824,1.0
2020-02-20,5.61,6.11,5.57,6.11,3797218,2480849.184,1.0
2020-02-21,6.04,6.43,5.97,6.18,4185339,2910501.04,1.0
2020-02-24,6.1,6.3,6.04,6.21,2726604,1903990.416,1.0
2020-02-25,6.05,6.41,5.96,6.34,3406827,2384103.184,1.0
2020-02-26,6.24,6.78,6.21,6.47,4329876,3202937.856,1.0
2020-02-27,6.6,6.65,6.25,6.34,2941445,2144733.776,1.0
2020-02-28,6.06,6.18,5.78,5.85,2443776,1647106.08,1.0
2020-03-02,5.94,6.23,5.85,6.13,2316108,1575703.344,1.0
2020-03-03,6.24,6.38,6.13,6.21,2556051,1802928.416,1.0
2020-03-04,6.14,6.39,6.14,6.39,2513860,1785183.088,1.0
2020-03-05,6.48,6.72,6.29,6.54,3971665,2941621.312,1.0
2020-03-06,6.43,6.5,6.22,6.24,3105254,2228829.92,1.0
2020-03-09,6.16,6.34,6.08,6.15,2587953,1819102.368,1.0
2020-03-10,6.09,6.41,5.95,6.31,3500638,2462782.304,1.0
2020-03-19,5.68,5.97,5.68,5.81,2071041,1204015.68,1.0
2020-03-20,5.81,5.93,5.56,5.84,1423854,821194.0,1.0
2020-03-23,5.67,5.76,5.34,5.38,1154372,647559.008,1.0
2020-03-24,5.53,5.55,5.26,5.52,1104223,604782.832,1.0
2020-03-25,5.62,5.72,5.53,5.63,1125342,635321.76,1.0
2020-03-26,5.57,5.63,5.45,5.46,775648,430413.472,1.0
2020-03-27,5.52,5.64,5.44,5.45,826520,458120.16,1.0
2020-03-30,5.34,5.38,5.23,5.26,698247,371551.76,1.0
2020-03-31,5.29,5.34,5.08,5.1,1168084,611636.176,1.0
2020-04-01,5.09,5.22,5.04,5.06,965009,497104.336,1.0
2020-04-02,5.02,5.18,4.99,5.17,1455500,741981.328,1.0
2020-04-03,5.13,5.14,4.98,5.01,1249418,634093.488,1.0
2020-04-07,5.11,5.51,5.06,5.51,3227565,1718743.536,1.0
2020-04-08,5.43,5.82,5.4,5.61,3958062,2226248.72,1.0
2020-04-09,5.76,5.88,5.56,5.59,2747461,1575617.744,1.0
2020-04-10,5.56,5.66,5.45,5.48,1841913,1025512.8,1.0
2020-04-13,5.43,5.68,5.4,5.62,2054331,1146581.168,1.0
2020-04-14,5.62,5.76,5.5,5.69,2475985,1397605.872,1.0
2020-04-15,5.6,5.68,5.48,5.5,1754912,982244.384,1.0
2020-04-16,5.45,5.66,5.44,5.55,1610675,900048.784,1.0
2020-04-17,5.62,5.74,5.57,5.58,2292437,1301327.392,1.0
2020-04-20,5.58,5.6,5.49,5.55,1183685,658097.36,1.0
2020-04-21,5.5,5.52,5.35,5.39,1378764,750251.776,1.0
2020-04-22,5.35,5.63,5.33,5.6,1865636,1028546.0,1.0
2020-04-23,5.56,5.57,5.43,5.44,1254064,691991.104,1.0
2020-04-24,5.41,5.46,5.25,5.28,1114272,597969.696,1.0
2020-04-27,5.3,5.39,5.22,5.23,824887,439777.36,1.0
2020-04-28,5.31,5.38,5.1,5.27,1407297,746900.448,1.0
2020-04-29,5.22,5.32,5.2,5.22,761257,401038.256,1.0
2020-04-30,5.28,5.58,5.27,5.47,2065869,1129648.704,1.0
2020-05-06,5.32,5.57,5.29,5.57,1762568,964550.4,1.0
2020-05-07,5.56,5.67,5.48,5.5,1520868,849576.192,1.0
2020-05-08,5.56,6.05,5.52,6.05,3540393,2062236.368,1.0
2020-05-11,6.13,6.2,5.96,6.06,4576211,2791710.896,1.0
2020-05-12,6.06,6.12,5.88,5.99,2466334,1479756.96,1.0
2020-05-13,5.9,6.04,5.89,5.95,2090296,1251090.512,1.0
2020-05-14,5.89,6.0,5.85,5.98,1857770,1104827.008,1.0
2020-05-15,6.01,6.04,5.89,5.91,1894424,1134666.528,1.0
2020-05-18,5.85,5.96,5.8,5.81,1769085,1042223.104,1.0
2020-05-19,5.88,5.92,5.76,5.81,1862406,1088290.144,1.0
2020-05-20,5.79,6.0,5.76,5.91,2852152,1692036.544,1.0
2020-05-21,5.88,6.02,5.82,5.9,2436931,1448411.504,1.0
2020-05-22,5.85,6.13,5.8,5.8,3620908,2168030.208,1.0
2020-05-25,5.73,5.76,5.34,5.41,2997413,1657567.408,1.0
2020-05-26,5.42,5.53,5.39,5.48,1507208,826548.976,1.0
2020-05-27,5.46,5.47,5.31,5.35,1464610,789879.552,1.0
2020-05-28,5.37,5.57,5.36,5.46,2063261,1132678.896,1.0
2020-05-29,5.38,5.45,5.35,5.45,1255721,681028.016,1.0
2020-06-01,5.68,5.92,5.55,5.79,3060432,1757412.528,1.0
2020-06-02,5.78,6.11,5.75,5.95,3733345,2227941.76,1.0
2020-06-03,6.03,6.08,5.85,5.88,2907761,1742270.592,1.0
2020-06-04,5.98,6.2,5.9,5.95,3206505,1938298.032,1.0
2020-06-05,5.98,6.13,5.88,6.13,3757113,2271136.336,1.0
2020-06-08,6.08,6.09,5.89,5.94,2758230,1655950.064,1.0
2020-06-09,5.95,6.1,5.92,6.01,2385217,1439759.712,1.0
2020-06-10,5.98,5.98,5.87,5.95,1680940,999499.744,1.0
2020-06-11,5.89,6.1,5.89,5.92,2200925,1320648.448,1.0
2020-06-12,5.78,6.11,5.75,6.03,3569562,2150703.104,1.0
2020-06-15,6.03,6.27,5.99,6.07,3452319,2123548.096,1.0
2020-06-16,6.17,6.22,6.08,6.17,2089713,1286182.656,1.0
2020-06-17,6.15,6.16,5.93,6.06,2023696,1227514.768,1.0
2020-06-18,6.06,6.22,6.02,6.13,2259424,1388428.0,1.0
2020-06-19,6.13,6.48,6.07,6.35,4575798,2878319.824,1.0
2020-06-22,6.32,6.72,6.26,6.37,4299803,2790394.208,1.0
2020-06-23,6.37,6.49,6.28,6.41,2680564,1718311.456,1.0
2020-06-24,6.42,6.45,6.19,6.23,2312167,1459259.184,1.0
2020-06-29,6.08,6.15,5.95,5.96,2221885,1341939.968,1.0
2020-06-30,5.99,6.15,5.94,6.05,1970923,1190791.888,1.0
2020-07-01,6.04,6.13,5.97,6.12,2011435,1220505.536,1.0
2020-07-02,6.09,6.73,6.07,6.73,5204424,3352595.68,1.0
2020-07-03,6.92,7.3,6.7,7.14,6682006,4687982.336,1.0
2020-07-06,7.41,7.86,7.28,7.81,6254181,4750054.912,1.0
2020-07-07,7.82,7.82,7.3,7.45,5761163,4344492.8,1.0
2020-07-08,7.39,8.19,7.35,8.04,5824756,4554437.888,1.0
2020-07-09,7.77,8.13,7.65,7.87,4882295,3840049.696,1.0
2020-07-10,7.69,8.54,7.64,8.05,5440084,4438730.496,1.0
2020-07-13,8.05,8.42,7.92,8.21,4286465,3509269.36,1.0
2020-07-14,8.07,8.21,7.84,8.08,3482558,2803679.632,1.0
2020-07-15,8.17,8.21,7.64,7.71,2875718,2271527.264,1.0
2020-07-16,7.74,7.92,7.29,7.35,2934907,2251351.248,1.0
2020-07-17,7.46,7.47,6.97,7.15,2312882,1671038.384,1.0
2020-07-20,7.29,7.55,7.24,7.48,2635364,1950693.392,1.0
2020-07-21,7.47,7.55,7.26,7.34,1776536,1314432.304,1.0
2020-07-22,7.35,7.62,7.29,7.34,2539374,1894688.976,1.0
2020-07-23,7.18,7.36,7.02,7.25,2042885,1471563.632,1.0
2020-07-24,7.19,7.51,6.92,7.0,2852201,2069812.656,1.0
2020-07-27,7.04,7.08,6.74,6.91,1640086,1129638.048,1.0
2020-07-28,6.96,7.01,6.83,6.92,1045315,723535.872,1.0
2020-07-29,6.88,7.16,6.84,7.13,1662108,1177109.872,1.0
2020-07-30,7.09,7.16,7.01,7.04,1162930,824037.232,1.0
2020-07-31,7.04,7.33,7.02,7.17,1796033,1295678.208,1.0
2020-08-03,7.31,7.54,7.2,7.53,2441828,1805843.936,1.0
2020-08-04,7.53,7.54,7.34,7.37,1706357,1267142.768,1.0
2020-08-05,7.34,7.37,7.22,7.28,1205277,879322.064,1.0
2020-08-06,7.32,7.47,7.07,7.41,1877169,1365868.64,1.0
2020-08-07,7.28,7.35,7.08,7.17,1638719,1182823.936,1.0
2020-08-10,7.11,7.3,7.07,7.2,1424817,1029229.312,1.0
2020-08-11,7.21,7.26,6.89,6.92,1866701,1324294.16,1.0
2020-08-12,6.89,6.97,6.76,6.92,1088615,749664.688,1.0
2020-08-13,6.92,7.03,6.87,6.91,996526,692493.824,1.0
2020-08-14,6.85,6.99,6.83,6.98,922508,639208.592,1.0
2020-08-17,7.09,7.39,7.07,7.24,2300182,1661710.352,1.0
2020-08-18,7.2,7.28,7.12,7.17,1291397,930341.408,1.0
2020-08-19,7.15,7.23,7.06,7.07,1184313,848291.392,1.0
2020-08-20,7.04,7.06,6.93,6.95,893847,624758.784,1.0
2020-08-21,7.0,7.08,6.95,7.05,830441,583638.72,1.0
2020-08-24,7.07,7.07,6.95,6.99,594874,416685.776,1.0
2020-08-25,7.03,7.08,6.92,6.95,739397,517943.824,1.0
2020-08-26,6.95,7.01,6.77,6.78,960399,660949.616,1.0
2020-08-27,6.81,6.84,6.7,6.77,671422,455363.856,1.0
2020-08-28,6.77,6.91,6.72,6.89,863972,590636.992,1.0
2020-08-31,6.95,7.07,6.88,6.9,1239271,867036.544,1.0
2020-09-01,6.86,6.92,6.77,6.87,733258,502146.496,1.0
2020-09-02,6.88,6.96,6.79,6.89,873795,601696.592,1.0
2020-09-03,6.9,6.98,6.85,6.89,875562,606941.968,1.0
2020-09-04,6.79,6.84,6.72,6.78,793328,538874.304,1.0
2020-09-07,6.77,6.8,6.56,6.56,852798,571424.192,1.0
2020-09-08,6.58,6.69,6.5,6.64,807910,534089.552,1.0
2020-09-09,6.55,6.62,6.46,6.48,765588,501040.512,1.0
2020-09-10,6.54,6.55,6.24,6.27,837648,537006.544,1.0
2020-09-11,6.25,6.3,6.19,6.28,538719,338066.032,1.0
2020-09-14,6.31,6.36,6.27,6.31,474637,300038.0,1.0
2020-09-15,6.31,6.33,6.27,6.3,409175,258091.765,1.0
2020-09-16,6.31,6.37,6.26,6.3,517431,327971.28,1.0
2020-09-17,6.3,6.32,6.2,6.26,509432,319223.2,1.0
2020-09-18,6.24,6.65,6.22,6.55,1327884,856319.28,1.0
2020-09-21,6.7,6.72,6.51,6.51,1053747,696327.776,1.0
2020-09-22,6.44,6.77,6.42,6.58,1362841,903992.976,1.0
2020-09-23,6.58,6.63,6.51,6.53,613405,402525.664,1.0
2020-09-24,6.48,6.61,6.46,6.47,618080,404297.248,1.0
2020-09-25,6.5,6.63,6.45,6.54,736355,482633.84,1.0
2020-09-28,6.56,6.92,6.54,6.72,1823868,1239218.96,1.0
2020-09-29,6.64,6.71,6.49,6.6,1253854,830933.2,1.0
2020-09-30,6.62,6.64,6.41,6.46,691466,451133.232,1.0
2020-10-09,6.56,6.62,6.5,6.62,666098,437957.584,1.0
2020-10-12,6.67,6.84,6.63,6.81,1507892,1023381.744,1.0
2020-10-13,6.73,6.75,6.61,6.67,1118846,746305.232,1.0
2020-10-14,6.65,6.66,6.5,6.52,922702,604943.296,1.0
2020-10-15,6.53,6.61,6.5,6.51,546356,358146.224,1.0
2020-10-16,6.54,6.56,6.5,6.53,435394,284522.96,1.0
2020-10-19,6.45,6.45,6.2,6.21,1511966,952854.88,1.0
2020-10-20,6.18,6.22,6.1,6.22,594759,366520.384,1.0
2020-10-21,6.21,6.23,6.14,6.17,386581,238983.776,1.0
2020-10-22,6.16,6.29,6.12,6.24,552329,344012.128,1.0
2020-10-23,6.23,6.25,6.12,6.12,483358,299660.688,1.0
2020-10-26,6.09,6.15,6.01,6.07,474597,288881.76,1.0
2020-10-27,6.05,6.1,6.04,6.08,313577,190749.31,1.0
2020-10-28,6.07,6.12,6.02,6.09,405471,246555.222,1.0
2020-10-29,6.01,6.13,5.99,6.08,493654,300162.496,1.0
2020-10-30,6.08,6.11,5.83,5.85,671750,401927.712,1.0
2020-11-02,5.85,6.02,5.77,5.86,542617,320606.08,1.0
2020-11-03,5.88,6.06,5.87,6.0,609323,365173.36,1.0
2020-11-04,6.01,6.01,5.91,5.97,442392,264446.83,1.0
2020-11-05,6.03,6.08,5.97,6.02,646025,389526.8,1.0
2020-11-06,6.02,6.09,5.98,6.03,805346,486289.344,1.0
2020-11-09,6.05,6.25,6.0,6.19,1730790,1063679.904,1.0
2020-11-10,6.19,6.23,6.04,6.07,904914,556382.672,1.0
2020-11-11,6.06,6.08,5.97,5.99,587852,353967.504,1.0
2020-11-12,6.0,6.02,5.92,5.94,449579,268426.015,1.0
2020-11-13,5.92,5.95,5.89,5.92,367080,217607.688,1.0
2020-11-16,5.96,5.99,5.92,5.97,388253,231691.263,1.0
2020-11-17,5.97,6.0,5.9,5.93,494215,293674.912,1.0
2020-11-18,5.93,6.02,5.92,5.96,529770,317410.144,1.0
2020-11-19,5.93,6.07,5.9,6.04,753572,452809.472,1.0
2020-11-20,6.02,6.06,5.99,6.04,466504,281502.048,1.0
2020-11-23,6.01,6.24,5.99,6.12,1350853,827237.792,1.0
2020-11-24,6.07,6.14,6.05,6.07,637724,388914.88,1.0
2020-11-25,6.1,6.14,5.94,5.95,758980,459404.032,1.0
2020-11-26,5.95,6.0,5.91,5.96,437619,260952.194,1.0
2020-11-27,5.95,6.04,5.92,6.04,620975,371831.856,1.0
2020-11-30,6.08,6.22,6.03,6.05,2247223,1379767.344,1.0
2020-12-01,6.0,6.28,5.96,6.21,2490139,1530623.776,1.0
2020-12-02,6.21,6.61,6.15,6.44,3848266,2459298.0,1.0
2020-12-03,6.38,6.84,6.35,6.56,3965217,2638534.016,1.0
2020-12-04,6.43,6.48,6.32,6.37,2309821,1476106.176,1.0
2020-12-07,6.32,6.37,6.2,6.22,1313570,825680.912,1.0
2020-12-08,6.21,6.32,6.18,6.26,1186159,744105.12,1.0
2020-12-09,6.27,6.33,6.04,6.09,1305729,811602.64,1.0
2020-12-10,6.06,6.13,6.01,6.07,907303,551757.776,1.0
2020-12-11,6.04,6.07,5.89,5.98,1068814,639246.688,1.0
2020-12-14,5.97,6.0,5.92,5.99,514213,307286.736,1.0
2020-12-15,5.98,6.03,5.93,5.99,516295,309266.128,1.0
2020-12-16,5.99,6.0,5.9,5.91,652615,388223.248,1.0
2020-12-17,5.89,6.07,5.82,6.05,1073125,642002.08,1.0
2020-12-18,6.02,6.08,5.96,5.98,670889,404304.416,1.0
2020-12-21,5.97,6.09,5.94,6.04,779704,469820.016,1.0
2020-12-22,5.99,6.01,5.8,5.8,1123281,664070.288,1.0
2020-12-23,5.85,5.89,5.75,5.81,848380,494086.496,1.0
2020-12-24,5.79,5.84,5.68,5.69,665690,383353.6,1.0
2020-12-25,5.66,5.79,5.61,5.75,725776,415785.664,1.0
2020-12-28,5.72,5.77,5.56,5.59,1112377,631032.288,1.0
2020-12-29,5.59,5.97,5.56,5.75,1924632,1113638.336,1.0
2020-12-30,5.69,5.83,5.65,5.81,1779410,1025889.216,1.0
2020-12-31,5.84,6.14,5.81,6.09,2625997,1581966.784,1.0
2021-01-04,6.13,6.17,6.0,6.07,1996028,1216178.736,1.0
2021-01-05,6.01,6.29,6.0,6.15,2367065,1455383.808,1.0
2021-01-06,6.09,6.18,5.9,6.02,1837748,1107714.88,1.0
2021-01-07,5.99,6.06,5.77,6.0,1531285,911649.312,1.0
2021-01-08,5.98,6.05,5.88,5.9,1145912,682435.488,1.0
2021-01-11,5.94,5.96,5.69,5.7,1149342,670397.568,1.0
2021-01-12,5.68,5.99,5.66,5.94,1634528,952926.416,1.0
2021-01-13,5.93,5.95,5.74,5.77,1223394,714799.184,1.0
2021-01-14,5.75,5.81,5.71,5.73,858474,495041.296,1.0
2021-01-15,5.73,5.84,5.71,5.73,768963,443882.768,1.0
2021-01-18,5.71,5.82,5.69,5.76,689563,398141.792,1.0
2021-01-19,5.75,5.84,5.71,5.76,831858,480611.344,1.0
2021-01-20,5.75,5.79,5.69,5.72,679056,390114.0,1.0
2021-01-21,5.71,5.86,5.7,5.75,1051977,608416.352,1.0
2021-01-22,5.74,5.75,5.59,5.61,1063304,602213.776,1.0
2021-01-25,5.6,5.66,5.49,5.5,930845,518942.032,1.0
2021-01-26,5.5,5.52,5.35,5.37,897443,488013.472,1.0
2021-01-27,5.38,5.44,5.37,5.4,447314,242137.139,1.0
2021-01-28,5.36,5.44,5.34,5.38,537672,290236.112,1.0
2021-01-29,5.41,5.43,5.22,5.29,685045,365562.048,1.0
2021-02-01,5.31,5.33,5.18,5.22,594233,311848.8,1.0
2021-02-02,5.22,5.27,5.18,5.24,503927,263962.461,1.0
2021-02-03,5.21,5.28,5.2,5.2,477170,250497.486,1.0
2021-02-04,5.17,5.18,4.99,5.02,804678,408064.08,1.0
2021-02-05,5.04,5.11,4.99,5.01,546972,276043.584,1.0
2021-02-08,5.0,5.04,4.9,4.95,542386,270169.408,1.0
2021-02-09,4.95,5.08,4.91,5.06,650842,326663.248,1.0
2021-02-10,5.04,5.09,5.01,5.05,464266,234994.235,1.0
2021-02-18,5.11,5.2,5.1,5.14,712725,367478.0,1.0
2021-02-19,5.13,5.32,5.12,5.3,795058,416866.88,1.0
2021-02-22,5.31,5.41,5.24,5.24,1036148,553972.8,1.0
2021-02-23,5.21,5.29,5.19,5.21,568143,297947.952,1.0
2021-02-24,5.21,5.29,5.18,5.24,582426,305587.008,1.0
2021-02-25,5.25,5.29,5.21,5.24,581208,305640.112,1.0
2021-02-26,5.19,5.23,5.16,5.18,477935,248536.328,1.0
2021-03-01,5.22,5.22,5.16,5.2,404430,210052.702,1.0
2021-03-02,5.19,5.22,5.12,5.15,425272,220137.556,1.0
2021-03-03,5.13,5.27,5.12,5.25,651035,340670.864,1.0
2021-03-04,5.22,5.26,5.17,5.18,534610,279378.352,1.0
2021-03-05,5.15,5.39,5.15,5.32,1100728,585555.696,1.0
2021-03-08,5.35,5.39,5.24,5.25,727475,386986.016,1.0
2021-03-09,5.28,5.32,5.07,5.12,700376,364157.792,1.0
2021-03-10,5.14,5.17,5.04,5.05,486825,249067.898,1.0
2021-03-11,5.06,5.13,5.04,5.13,403999,206386.722,1.0
2021-03-12,5.12,5.18,5.05,5.13,626011,320865.008,1.0
2021-03-15,5.08,5.12,5.05,5.1,410038,208937.282,1.0
2021-03-16,5.14,5.14,5.07,5.11,330691,169145.404,1.0
2021-03-17,5.11,5.14,5.08,5.11,383358,196307.252,1.0
2021-03-18,5.1,5.17,5.1,5.11,424301,217937.777,1.0
2021-03-19,5.09,5.11,5.06,5.07,389572,198387.154,1.0
2021-03-22,5.09,5.17,5.07,5.14,506731,260220.911,1.0
2021-03-23,5.12,5.23,5.1,5.17,659403,340786.944,1.0
2021-03-24,5.14,5.36,5.13,5.21,1100450,578299.968,1.0
2021-03-25,5.18,5.25,5.15,5.15,501489,260972.987,1.0
2021-03-26,5.15,5.18,5.12,5.16,391617,202173.474,1.0
2021-03-29,5.17,5.18,5.12,5.13,359599,185654.097,1.0
2021-03-30,5.12,5.14,5.06,5.07,490553,250192.599,1.0
2021-03-31,5.08,5.08,5.0,5.03,369182,186277.87,1.0
2021-04-01,5.04,5.06,5.02,5.05,275021,138839.852,1.0
2021-04-02,5.06,5.06,5.01,5.03,309115,155863.148,1.0
2021-04-06,5.06,5.06,5.02,5.03,259636,131147.71,1.0
2021-04-07,5.03,5.1,5.02,5.06,428241,216938.335,1.0
2021-04-08,5.05,5.17,5.04,5.12,742133,380702.448,1.0
2021-04-09,5.09,5.1,5.03,5.06,449978,228063.04,1.0
2021-04-12,5.05,5.05,4.96,4.97,526964,264750.798,1.0
2021-04-13,4.97,4.98,4.89,4.93,516284,254877.12,1.0
2021-04-14,4.93,4.98,4.91,4.98,447232,221455.121,1.0
2021-04-15,4.97,5.05,4.94,4.98,612755,306137.2,1.0
2021-04-16,4.97,5.01,4.94,4.98,538684,268852.048,1.0
2021-04-19,4.97,5.07,4.95,5.05,801813,403753.328,1.0
2021-04-20,5.05,5.08,4.9,4.91,1432255,714511.248,1.0
2021-04-21,4.9,4.98,4.79,4.98,1430145,698533.888,1.0
2021-04-22,4.96,5.0,4.92,4.97,592959,294549.168,1.0
2021-04-23,4.94,4.95,4.88,4.89,437826,215471.349,1.0
2021-04-26,4.88,4.91,4.81,4.82,470820,229270.767,1.0
2021-04-27,4.81,4.84,4.76,4.81,428471,206068.918,1.0
2021-04-28,4.8,4.8,4.73,4.76,527691,251906.803,1.0
2021-04-29,4.74,4.87,4.73,4.79,736569,354684.576,1.0
2021-04-30,4.79,4.8,4.7,4.7,501312,237777.947,1.0
2021-05-06,4.78,4.88,4.76,4.77,659858,318311.248,1.0
2021-05-07,4.73,4.77,4.71,4.73,435820,206636.366,1.0
2021-05-10,4.7,4.72,4.66,4.66,479637,225020.124,1.0
2021-05-11,4.65,4.76,4.64,4.72,527951,249118.065,1.0
2021-05-12,4.69,4.76,4.68,4.72,331015,156384.915,1.0
2021-05-13,4.7,4.74,4.69,4.7,315657,148979.109,1.0
2021-05-14,4.71,4.95,4.71,4.93,1617842,787556.992,1.0
2021-05-17,4.79,4.85,4.72,4.74,1398816,669705.76,1.0
2021-05-18,4.72,4.83,4.71,4.75,676620,323281.2,1.0
2021-05-19,4.74,4.78,4.71,4.72,512822,243521.629,1.0
2021-05-20,4.71,4.82,4.7,4.79,881044,420556.128,1.0
2021-05-21,4.79,4.79,4.71,4.72,502831,238879.9,1.0
2021-05-24,4.74,4.81,4.73,4.77,755864,361891.904,1.0
2021-05-25,4.77,4.95,4.75,4.9,1612233,790250.576,1.0
2021-05-26,4.92,5.39,4.92,5.14,3601537,1874994.368,1.0
2021-05-27,5.09,5.24,5.05,5.11,1851689,955346.112,1.0
2021-05-28,5.11,5.23,5.06,5.16,1664104,858030.208,1.0
2021-05-31,5.14,5.14,5.04,5.09,1079312,549529.072,1.0
2021-06-01,5.07,5.09,4.99,5.08,870124,438729.6,1.0
2021-06-02,5.04,5.1,4.91,4.92,1108648,553314.272,1.0
2021-06-03,4.97,5.02,4.88,4.89,955981,473561.76,1.0
2021-06-04,4.85,5.07,4.85,4.92,1160774,573117.536,1.0
2021-06-07,4.9,4.97,4.87,4.92,644087,317416.768,1.0
2021-06-08,4.92,4.97,4.89,4.92,652866,322538.048,1.0
2021-06-09,4.92,4.93,4.85,4.88,595006,291427.008,1.0
2021-06-10,4.87,4.92,4.86,4.88,604980,296215.936,1.0
2021-06-11,4.89,4.94,4.86,4.88,816917,401047.424,1.0
2021-06-15,4.86,4.91,4.85,4.85,510755,249553.289,1.0
2021-06-16,4.85,4.9,4.84,4.87,466546,227703.627,1.0
2021-06-17,4.87,4.91,4.85,4.86,435768,212798.532,1.0
2021-06-18,4.86,4.91,4.85,4.89,569819,278725.04,1.0
2021-06-21,4.92,4.93,4.86,4.87,471708,230929.307,1.0
2021-06-22,4.88,4.9,4.84,4.85,482854,235374.001,1.0
2021-06-23,4.86,4.86,4.8,4.82,590179,285199.664,1.0
2021-06-24,4.82,4.87,4.8,4.81,546396,264599.809,1.0
2021-06-25,4.82,4.96,4.8,4.93,1200037,588271.088,1.0
2021-06-28,4.92,4.92,4.82,4.85,629163,306583.28,1.0
2021-06-29,4.83,4.87,4.79,4.8,455779,220266.998,1.0
2021-06-30,4.81,4.87,4.79,4.85,441414,213408.892,1.0
2021-07-01,4.87,4.91,4.7,4.73,630265,303529.552,1.0
2021-07-02,4.72,4.73,4.65,4.66,530544,248616.287,1.0
2021-07-05,4.68,4.68,4.64,4.66,310462,144872.11,1.0
2021-07-06,4.66,4.7,4.65,4.68,324756,151952.056,1.0
2021-07-07,4.67,4.71,4.65,4.67,266229,124763.66,1.0
2021-07-08,4.69,4.7,4.64,4.65,294357,137703.721,1.0
2021-07-09,4.64,4.66,4.61,4.64,348747,162124.028,1.0
2021-07-12,4.67,4.74,4.66,4.68,662610,311857.968,1.0
2021-07-13,4.68,4.7,4.64,4.65,343308,160238.728,1.0
2021-07-14,4.66,4.66,4.61,4.62,352641,163666.006,1.0
2021-07-15,4.62,4.64,4.55,4.61,436569,201249.79,1.0
2021-07-16,4.62,4.65,4.57,4.62,433983,200393.928,1.0
2021-07-19,4.61,4.61,4.55,4.57,408688,187430.221,1.0
2021-07-20,4.54,4.57,4.53,4.54,271722,123691.549,1.0
2021-07-21,4.56,4.61,4.54,4.56,383979,176025.268,1.0
2021-07-22,4.57,4.64,4.56,4.63,552507,255298.913,1.0
2021-07-23,4.63,4.77,4.59,4.66,917640,429964.128,1.0
2021-07-26,4.67,4.68,4.56,4.58,625547,289365.472,1.0
2021-07-27,4.58,4.6,4.45,4.46,615219,278842.96,1.0
2021-07-28,4.45,4.48,4.33,4.35,521059,229421.468,1.0
2021-07-29,4.39,4.43,4.33,4.37,505282,221351.664,1.0
2021-07-30,4.35,4.36,4.26,4.27,491156,210891.526,1.0
2021-08-02,4.25,4.44,4.17,4.35,761529,328425.056,1.0
2021-08-03,4.3,4.42,4.3,4.33,574283,250740.185,1.0
2021-08-04,4.33,4.36,4.29,4.32,411547,178178.057,1.0
2021-08-05,4.31,4.34,4.24,4.24,408461,175545.372,1.0
2021-08-06,4.24,4.28,4.23,4.24,301689,128482.775,1.0
2021-08-09,4.25,4.34,4.23,4.32,536225,231353.818,1.0
2021-08-10,4.32,4.4,4.29,4.39,631237,275225.52,1.0
2021-08-11,4.38,4.41,4.32,4.34,477798,208618.279,1.0
2021-08-12,4.34,4.36,4.31,4.32,316129,137244.428,1.0
2021-08-13,4.32,4.34,4.28,4.29,344653,148622.773,1.0
2021-08-16,4.29,4.35,4.29,4.32,467378,202703.324,1.0
2021-08-17,4.31,4.43,4.29,4.3,827426,362100.384,1.0
2021-08-18,4.3,4.56,4.29,4.53,1841536,820884.224,1.0
2021-08-19,4.5,4.55,4.4,4.4,1201161,536410.304,1.0
2021-08-20,4.39,4.58,4.38,4.58,1608126,724280.544,1.0
2021-08-23,4.6,4.65,4.49,4.53,1232979,561935.168,1.0
2021-08-24,4.49,4.58,4.47,4.51,1024229,464226.768,1.0
2021-08-25,4.49,4.5,4.42,4.43,771233,343735.168,1.0
2021-08-26,4.44,4.47,4.39,4.4,631367,279962.8,1.0
2021-08-27,4.39,4.42,4.34,4.35,576700,252864.292,1.0
2021-08-30,4.35,4.39,4.29,4.29,585244,253465.215,1.0
2021-08-31,4.24,4.34,4.21,4.32,671907,288951.024,1.0
2021-09-01,4.3,4.48,4.28,4.43,1597195,703245.728,1.0
2021-09-02,4.41,4.5,4.39,4.46,1301116,581286.448,1.0
2021-09-03,4.63,4.68,4.46,4.48,1623632,737412.48,1.0
2021-09-06,4.46,4.65,4.46,4.61,1764603,814000.208,1.0
2021-09-07,4.6,4.65,4.53,4.63,1299955,598367.568,1.0
2021-09-08,4.64,5.09,4.64,4.97,6336471,3184491.904,1.0
2021-09-09,4.85,4.89,4.72,4.74,3883953,1865413.392,1.0
2021-09-10,4.76,4.86,4.7,4.7,2382420,1139809.856,1.0
2021-09-13,4.68,4.74,4.65,4.67,1246116,585199.472,1.0
2021-09-14,4.67,4.68,4.52,4.54,1267864,583236.192,1.0
2021-09-15,4.53,4.64,4.52,4.59,1068901,491602.608,1.0
2021-09-16,4.59,4.61,4.46,4.48,1108272,503892.512,1.0
2021-09-17,4.49,4.51,4.41,4.46,772294,344781.52,1.0
2021-09-22,4.42,4.49,4.39,4.46,559035,249273.062,1.0
2021-09-23,4.51,4.74,4.5,4.61,1676155,779468.944,1.0
2021-09-24,4.58,4.61,4.5,4.52,908757,414881.44,1.0
2021-09-27,4.49,4.54,4.37,4.39,765470,340464.752,1.0
2021-09-28,4.4,4.43,4.38,4.4,435620,192445.013,1.0
2021-09-29,4.37,4.38,4.31,4.34,523326,227853.151,1.0
2021-09-30,4.36,4.38,4.32,4.35,354489,154597.491,1.0
2021-10-08,4.38,4.4,4.36,4.38,391390,171808.632,1.0
2021-10-11,4.39,4.41,4.36,4.38,333976,146600.464,1.0
2021-10-12,4.37,4.37,4.29,4.33,413345,179193.945,1.0
2021-10-13,4.33,4.37,4.29,4.33,333373,144628.363,1.0
2021-10-14,4.31,4.31,4.22,4.23,558704,238297.625,1.0
2021-10-15,4.21,4.22,4.09,4.1,700027,291752.128,1.0
2021-10-18,4.07,4.15,4.05,4.15,416503,172123.07,1.0
2021-10-19,4.14,4.37,4.12,4.29,1202533,519445.12,1.0
2021-10-20,4.22,4.31,4.2,4.26,527012,225180.038,1.0
2021-10-21,4.25,4.29,4.2,4.21,384526,163325.392,1.0
2021-10-22,4.21,4.24,4.13,4.14,367223,153451.632,1.0
2021-10-25,4.13,4.17,4.09,4.14,507815,210143.427,1.0
2021-10-26,4.13,4.14,4.07,4.07,436128,179130.579,1.0
2021-10-27,4.04,4.04,3.92,3.93,698932,277472.784,1.0
2021-10-28,3.93,3.95,3.87,3.89,431359,169308.252,1.0
2021-10-29,3.89,3.98,3.85,3.93,706832,277855.616,1.0
2021-11-01,4.02,4.05,3.9,3.92,1067570,424048.752,1.0
2021-11-02,3.89,3.95,3.79,3.82,1075581,416507.232,1.0
2021-11-03,3.81,3.84,3.76,3.84,978303,373280.624,1.0
2021-11-04,3.83,3.96,3.82,3.9,973843,379450.096,1.0
2021-11-05,3.87,3.93,3.86,3.89,1042936,407808.624,1.0
2021-11-08,3.87,3.96,3.84,3.94,950677,371916.816,1.0
2021-11-09,3.93,3.97,3.92,3.96,726283,287369.232,1.0
2021-11-10,3.94,3.96,3.92,3.95,607569,239683.379,1.0
2021-11-11,3.94,4.03,3.93,4.01,1056761,422841.824,1.0
2021-11-12,4.0,4.01,3.96,3.98,626930,250151.515,1.0
2021-11-15,4.0,4.03,3.95,3.96,585833,233747.492,1.0
2021-11-16,3.98,3.99,3.91,3.92,548098,217521.796,1.0
2021-11-17,3.93,3.93,3.89,3.91,530108,207738.312,1.0
2021-11-18,3.91,3.91,3.85,3.85,550593,213968.089,1.0
2021-11-19,3.86,3.95,3.84,3.93,855837,334180.512,1.0
2021-11-22,3.93,3.97,3.9,3.93,779858,307982.688,1.0
2021-11-23,3.93,3.98,3.92,3.95,838684,332554.528,1.0
2021-11-24,3.95,3.96,3.89,3.92,674330,264848.767,1.0
2021-11-25,3.91,3.93,3.88,3.89,635749,249279.844,1.0
2021-11-26,3.9,3.9,3.86,3.87,550962,214350.927,1.0
2021-11-29,3.85,3.87,3.82,3.83,545895,210246.2,1.0
2021-11-30,3.84,3.88,3.81,3.85,561762,216753.199,1.0
2021-12-01,3.84,3.92,3.83,3.89,708053,275749.488,1.0
2021-12-02,3.89,4.07,3.87,3.97,1790397,716789.536,1.0
2021-12-03,3.98,3.98,3.91,3.96,1010586,400221.136,1.0
2021-12-06,3.98,4.04,3.93,3.94,1702893,681982.464,1.0
2021-12-07,3.97,3.98,3.92,3.94,959739,379912.768,1.0
2021-12-08,3.96,3.99,3.92,3.99,1105147,438725.712,1.0
2021-12-09,3.98,4.12,3.97,4.07,2369864,967465.216,1.0
2021-12-10,4.02,4.06,3.98,4.0,1369496,551015.312,1.0
2021-12-13,4.07,4.11,4.0,4.01,1449024,588258.672,1.0
2021-12-14,3.99,4.02,3.96,3.98,814587,325387.312,1.0
2021-12-15,3.98,4.03,3.96,3.99,787205,315458.928,1.0
2021-12-16,3.99,4.04,3.97,4.04,994128,399311.072,1.0
2021-12-17,4.03,4.12,4.01,4.03,1551302,630419.808,1.0
2021-12-20,4.02,4.11,4.0,4.02,1323352,537544.192,1.0
2021-12-21,4.03,4.24,4.01,4.12,3232320,1331426.896,1.0
2021-12-22,4.1,4.12,4.03,4.04,1874070,764166.496,1.0
2021-12-23,4.03,4.05,3.98,4.0,1192291,478763.792,1.0
2021-12-24,4.0,4.02,3.95,3.95,898570,358236.176,1.0
2021-12-27,3.96,3.99,3.95,3.97,644994,256525.038,1.0
2021-12-28,3.97,4.02,3.96,4.02,879163,351411.808,1.0
2021-12-29,4.01,4.03,3.99,4.01,681641,273914.512,1.0
2021-12-30,4.0,4.06,4.0,4.04,1079692,437313.168,1.0
2021-12-31,4.05,4.07,4.03,4.04,877980,355979.392,1.0
2022-01-04,4.03,4.08,4.03,4.06,1188834,483182.08,1.0
2022-01-05,4.06,4.1,4.03,4.05,1043751,425023.168,1.0
2022-01-06,4.04,4.06,4.01,4.02,884952,357826.832,1.0
2022-01-07,4.03,4.07,4.02,4.02,865516,350332.992,1.0
2022-01-10,4.02,4.04,4.0,4.02,728635,293478.8,1.0
2022-01-11,4.02,4.08,4.0,4.04,1121555,454051.68,1.0
2022-01-12,4.03,4.05,4.0,4.02,890627,359089.6,1.0
2022-01-13,4.03,4.07,4.02,4.02,1133311,459673.2,1.0
2022-01-14,4.01,4.02,3.92,3.92,1281860,510202.048,1.0
2022-01-17,3.92,3.95,3.91,3.92,712682,280499.84,1.0
2022-01-18,3.92,3.96,3.9,3.93,856985,337730.864,1.0
2022-01-19,3.92,3.96,3.91,3.93,766679,302255.152,1.0
2022-01-20,3.93,3.99,3.91,3.96,1414490,561250.912,1.0
2022-01-21,3.94,3.97,3.91,3.92,823019,324398.864,1.0
2022-01-24,3.91,3.92,3.84,3.85,921761,358237.232,1.0
2022-01-25,3.85,3.85,3.72,3.73,1041444,395955.296,1.0
2022-01-26,3.72,3.78,3.71,3.77,912598,342886.464,1.0
2022-01-27,3.75,3.77,3.69,3.7,852246,318389.44,1.0
2022-01-28,3.73,3.76,3.7,3.72,710993,265858.664,1.0
2022-02-07,3.75,3.77,3.73,3.75,883697,332112.112,1.0
2022-02-08,3.74,3.85,3.74,3.84,1106301,420955.952,1.0
2022-02-09,3.82,3.88,3.81,3.86,743688,287033.296,1.0
2022-02-10,3.84,3.88,3.84,3.88,626303,242816.475,1.0
2022-02-11,3.86,3.92,3.85,3.87,787591,306304.8,1.0
2022-02-14,3.84,3.85,3.78,3.79,731410,279778.864,1.0
2022-02-15,3.8,3.82,3.77,3.79,403396,153422.468,1.0
2022-02-16,3.81,3.83,3.79,3.8,396862,151610.875,1.0
2022-02-17,3.8,3.82,3.77,3.78,540760,205849.447,1.0
2022-02-18,3.76,3.81,3.75,3.8,587016,222179.234,1.0
2022-02-21,3.79,3.82,3.78,3.81,568456,216715.495,1.0
2022-02-22,3.79,3.81,3.73,3.75,724710,273452.896,1.0
2022-02-23,3.75,3.78,3.74,3.77,646783,243727.433,1.0
2022-02-24,3.76,3.77,3.6,3.64,1142670,422129.056,1.0
2022-02-25,3.66,3.68,3.59,3.6,1146632,417294.288,1.0
2022-02-28,3.6,3.6,3.49,3.51,1319972,466960.816,1.0
2022-03-01,3.5,3.56,3.46,3.55,1114707,391714.768,1.0
2022-03-02,3.52,3.57,3.51,3.56,663099,235773.354,1.0
2022-03-03,3.56,3.6,3.56,3.58,637463,228840.504,1.0
2022-03-04,3.56,3.57,3.52,3.52,589020,209087.619,1.0
2022-03-07,3.52,3.54,3.49,3.49,685401,241382.206,1.0
2022-03-08,3.5,3.52,3.44,3.45,842665,294403.2,1.0
2022-03-09,3.46,3.48,3.28,3.4,1125851,384194.528,1.0
2022-03-10,3.45,3.47,3.41,3.42,685116,236444.738,1.0
2022-03-11,3.38,3.6,3.33,3.56,1526906,532556.16,1.0
2022-03-14,3.5,3.57,3.48,3.48,990693,350199.76,1.0
2022-03-15,3.46,3.62,3.45,3.46,1997197,708118.048,1.0
2022-03-16,3.51,3.71,3.43,3.64,2854004,1030452.096,1.0
2022-03-17,3.64,3.67,3.57,3.59,2134789,771220.64,1.0
2022-03-18,3.57,3.63,3.55,3.63,1391653,501938.56,1.0
2022-03-21,3.61,3.61,3.55,3.58,901421,323832.576,1.0
2022-03-22,3.56,3.59,3.54,3.56,765546,273862.448,1.0
2022-03-23,3.56,3.58,3.52,3.53,720609,256605.791,1.0
2022-03-24,3.51,3.52,3.46,3.46,846619,295936.96,1.0
2022-03-25,3.46,3.51,3.42,3.42,724844,251437.274,1.0
2022-03-28,3.39,3.45,3.38,3.41,962955,329027.856,1.0
2022-03-29,3.41,3.42,3.31,3.33,1047646,353852.144,1.0
2022-03-30,3.34,3.44,3.33,3.44,1540069,525054.624,1.0
2022-03-31,3.41,3.52,3.4,3.46,1290957,448607.216,1.0
2022-04-01,3.43,3.52,3.42,3.52,1095810,383812.112,1.0
2022-04-06,3.58,3.65,3.56,3.59,1807623,652630.864,1.0
2022-04-07,3.57,3.62,3.52,3.53,1339471,480994.0,1.0
2022-04-08,3.53,3.58,3.49,3.56,1104245,391707.632,1.0
2022-04-11,3.53,3.54,3.42,3.43,935614,326194.032,1.0
2022-04-12,3.42,3.58,3.41,3.55,1224639,430941.2,1.0
2022-04-13,3.53,3.56,3.5,3.5,987245,349217.504,1.0
2022-04-14,3.53,3.56,3.5,3.53,830176,294686.016,1.0
2022-04-15,3.52,3.55,3.43,3.44,956966,334415.6,1.0
2022-04-18,3.4,3.41,3.35,3.38,927784,314062.96,1.0
2022-04-19,3.37,3.4,3.34,3.37,605419,204648.225,1.0
2022-04-20,3.37,3.39,3.32,3.33,784661,264058.849,1.0
2022-04-21,3.3,3.36,3.28,3.29,932230,310094.592,1.0
2022-04-22,3.28,3.31,3.22,3.23,931860,305593.808,1.0
2022-04-25,3.19,3.22,3.02,3.03,1468618,461980.736,1.0
2022-04-26,3.03,3.05,2.89,2.91,1327346,396354.432,1.0
2022-04-27,2.88,2.97,2.84,2.96,1201077,350562.992,1.0
2022-04-28,2.92,2.94,2.82,2.86,1146871,330766.944,1.0
2022-04-29,2.95,3.05,2.91,2.99,1521197,453593.296,1.0
2022-05-05,2.92,2.97,2.9,2.93,942562,277590.864,1.0
2022-05-06,2.89,2.9,2.86,2.87,781970,226193.235,1.0
2022-05-09,2.86,2.91,2.85,2.89,426846,123748.511,1.0
2022-05-10,2.86,2.96,2.85,2.93,854875,250306.099,1.0
2022-05-11,2.93,3.02,2.92,2.94,1113960,332017.056,1.0
2022-05-12,2.92,2.97,2.92,2.95,634982,187594.013,1.0
2022-05-13,2.96,2.99,2.94,2.97,650217,193339.373,1.0
2022-05-16,2.99,3.01,2.93,2.95,532292,158022.086,1.0
2022-05-17,2.94,2.95,2.91,2.95,508097,149531.281,1.0
2022-05-18,2.95,2.98,2.93,2.95,705078,209164.705,1.0
2022-05-19,2.92,2.94,2.9,2.94,562336,164833.225,1.0
2022-05-20,2.94,2.99,2.93,2.98,837587,249463.821,1.0
2022-05-23,2.97,3.06,2.96,3.03,1034958,312281.248,1.0
2022-05-24,3.02,3.07,2.92,2.92,1014424,305029.648,1.0
2022-05-25,2.92,2.95,2.92,2.94,537771,158387.172,1.0
2022-05-26,2.94,3.05,2.93,3.0,1056358,316758.32,1.0
2022-05-27,3.01,3.03,2.96,2.99,759230,228180.699,1.0
2022-05-30,2.98,3.0,2.97,2.99,541832,162378.249,1.0
2022-05-31,3.0,3.04,2.97,3.03,929369,280354.32,1.0
2022-06-01,3.02,3.06,3.0,3.03,786855,238933.741,1.0
2022-06-02,3.02,3.07,3.0,3.06,824667,251921.744,1.0
2022-06-06,3.04,3.18,3.03,3.14,1379980,430278.816,1.0
2022-06-07,3.12,3.19,3.11,3.14,1057281,333591.728,1.0
2022-06-08,3.15,3.19,3.12,3.17,1259165,398176.816,1.0
2022-06-09,3.18,3.24,3.13,3.17,1535244,487754.88,1.0
2022-06-10,3.13,3.28,3.1,3.27,3828695,1234629.248,1.0
2022-06-13,3.23,3.26,3.18,3.2,1446731,465158.848,1.0
2022-06-14,3.16,3.38,3.14,3.34,2386442,774327.552,1.0
2022-06-15,3.36,3.63,3.35,3.44,4318946,1504734.432,1.0
2022-06-16,3.42,3.43,3.31,3.31,2458157,828428.224,1.0
2022-06-17,3.28,3.34,3.21,3.28,1528744,500744.512,1.0
2022-06-20,3.28,3.31,3.23,3.24,1068433,348781.584,1.0
2022-06-21,3.23,3.27,3.2,3.22,824320,266955.511,1.0
2022-06-22,3.23,3.25,3.17,3.18,889685,286037.088,1.0
2022-06-23,3.18,3.28,3.17,3.26,1142061,369064.72,1.0
2022-06-24,3.27,3.28,3.23,3.24,789983,256790.037,1.0
2022-06-27,3.24,3.26,3.21,3.21,841701,272090.384,1.0
2022-06-28,3.2,3.26,3.19,3.25,825920,265524.155,1.0
2022-06-29,3.24,3.28,3.17,3.18,952563,307882.24,1.0
2022-06-30,3.17,3.23,3.17,3.18,652333,208969.957,1.0
2022-07-01,3.18,3.2,3.14,3.14,654713,207387.672,1.0
2022-07-04,3.14,3.17,3.1,3.15,581036,182395.634,1.0
2022-07-05,3.16,3.17,3.1,3.12,592296,185397.671,1.0
2022-07-06,3.13,3.13,3.07,3.1,585940,181834.24,1.0
2022-07-07,3.09,3.12,3.08,3.08,409892,127023.496,1.0
2022-07-08,3.09,3.12,3.08,3.08,431589,133554.661,1.0
2022-07-11,3.08,3.09,3.04,3.06,469769,143891.171,1.0
2022-07-12,3.07,3.11,3.05,3.08,614244,189053.266,1.0
2022-07-13,3.08,3.1,3.06,3.07,425905,131157.322,1.0
2022-07-14,3.06,3.07,3.02,3.02,549851,167467.664,1.0
2022-07-15,3.02,3.02,2.94,2.95,637569,190618.022,1.0
2022-07-18,2.96,3.02,2.95,3.01,547006,164122.186,1.0
2022-07-19,3.01,3.04,2.99,3.03,488046,147095.977,1.0
2022-07-20,3.03,3.05,3.0,3.02,551511,166665.901,1.0
2022-07-21,3.0,3.03,3.0,3.01,430271,129712.08,1.0
2022-07-22,3.01,3.05,2.98,3.01,509399,153609.552,1.0
2022-07-25,3.01,3.02,2.98,2.99,358666,107532.072,1.0
2022-07-26,3.0,3.03,2.98,3.01,372095,111804.252,1.0
2022-07-27,3.01,3.02,2.96,2.98,805538,241008.542,1.0
2022-07-28,2.99,3.04,2.99,3.01,746517,225416.93,1.0
2022-07-29,3.02,3.03,3.0,3.01,445703,134295.081,1.0
2022-08-01,3.01,3.01,2.98,2.99,371188,111089.262,1.0
2022-08-02,2.98,2.99,2.85,2.88,1079488,312681.208,1.0
2022-08-03,2.88,2.92,2.86,2.86,503126,145634.419,1.0
2022-08-04,2.88,2.91,2.87,2.9,456659,131925.499,1.0
2022-08-05,2.9,2.96,2.89,2.96,787834,230780.758,1.0
2022-08-08,2.94,2.98,2.94,2.97,443327,131387.616,1.0
2022-08-09,2.97,2.98,2.95,2.95,316833,93903.134,1.0
2022-08-10,2.95,2.98,2.93,2.94,353762,104393.981,1.0
2022-08-11,2.96,3.07,2.95,3.06,1358794,411576.141,1.0
2022-08-12,3.06,3.1,3.04,3.08,1034537,318030.339,1.0
2022-08-15,3.06,3.09,3.04,3.05,596983,182651.689,1.0
2022-08-16,3.06,3.08,3.05,3.06,440833,134999.734,1.0
2022-08-17,3.06,3.15,3.05,3.13,1271693,395757.18,1.0
2022-08-18,3.12,3.12,3.08,3.1,583339,180975.971,1.0
2022-08-19,3.1,3.13,3.08,3.1,566337,176041.113,1.0
2022-08-22,3.08,3.1,3.06,3.07,522320,161030.034,1.0
2022-08-23,3.08,3.14,3.05,3.08,747517,230629.001,1.0
2022-08-24,3.09,3.15,3.03,3.04,984379,304355.305,1.0
2022-08-25,3.07,3.1,3.03,3.08,922868,282797.542,1.0
2022-08-26,3.09,3.12,3.06,3.07,850094,262286.505,1.0
2022-08-29,3.04,3.07,3.03,3.05,556466,169667.93,1.0
2022-08-30,3.04,3.08,3.03,3.05,654940,200037.368,1.0
2022-08-31,3.04,3.07,3.01,3.04,903887,275278.939,1.0
2022-09-01,3.04,3.05,2.99,3.0,660215,199660.136,1.0
2022-09-02,2.99,3.03,2.99,3.0,637783,191723.14,1.0
2022-09-05,3.0,3.02,2.99,3.02,599623,180384.046,1.0
2022-09-06,3.03,3.06,3.02,3.05,843029,256768.218,1.0
2022-09-07,3.05,3.05,3.02,3.03,442387,134056.923,1.0
2022-09-08,3.03,3.05,3.0,3.0,407546,123248.149,1.0
2022-09-09,3.0,3.06,3.0,3.05,673777,204811.889,1.0
2022-09-13,3.05,3.07,3.03,3.04,515304,157320.539,1.0
2022-09-14,3.0,3.02,2.99,3.01,608651,182931.094,1.0
2022-09-15,3.01,3.03,2.96,2.98,738185,221281.988,1.0
2022-09-16,2.97,2.98,2.87,2.87,992266,288397.563,1.0
2022-09-19,2.87,2.88,2.83,2.84,585523,167113.808,1.0
2022-09-20,2.86,2.88,2.84,2.85,385006,110006.474,1.0
2022-09-21,2.85,2.89,2.82,2.87,493876,140758.269,1.0
2022-09-22,2.85,2.89,2.85,2.86,426668,122326.53,1.0
2022-09-23,2.86,2.89,2.85,2.86,625138,179330.624,1.0
2022-09-26,2.86,2.86,2.77,2.78,689335,194021.423,1.0
2022-09-27,2.78,2.83,2.77,2.83,476550,133236.286,1.0
2022-09-28,2.82,2.83,2.78,2.78,616635,172865.305,1.0
2022-09-29,2.8,2.82,2.72,2.73,597295,165623.894,1.0
2022-09-30,2.73,2.77,2.73,2.73,464663,127653.047,1.0
2022-10-10,2.75,2.77,2.7,2.72,491961,135225.805,1.0
2022-10-11,2.73,2.78,2.7,2.75,479362,131492.459,1.0
2022-10-12,2.75,2.83,2.73,2.83,680378,189303.858,1.0
2022-10-13,2.81,2.83,2.79,2.81,443194,124546.277,1.0
2022-10-14,2.83,2.87,2.82,2.85,528558,150437.205,1.0
2022-10-17,2.83,2.87,2.82,2.86,529603,150916.855,1.0
2022-10-18,2.87,2.88,2.84,2.85,457109,130624.113,1.0
2022-10-19,2.85,2.86,2.82,2.83,371897,105429.144,1.0
2022-10-20,2.82,2.88,2.81,2.85,515720,146920.11,1.0
2022-10-21,2.91,2.92,2.83,2.84,706447,203139.245,1.0
2022-10-24,2.9,3.12,2.9,2.99,3832078,1167455.054,1.0
2022-10-25,2.94,2.94,2.82,2.84,2588986,744752.7,1.0
2022-10-26,2.85,2.94,2.83,2.86,1684569,484489.511,1.0
2022-10-27,2.86,2.9,2.83,2.83,1166385,333809.174,1.0
2022-10-28,2.82,2.83,2.72,2.73,1127912,312977.263,1.0
2022-10-31,2.72,2.81,2.71,2.76,855881,236577.825,1.0
2022-11-01,2.76,2.84,2.76,2.83,879477,246719.378,1.0
2022-11-02,2.81,2.86,2.81,2.84,773479,219289.467,1.0
2022-11-03,2.83,2.83,2.8,2.82,546326,153887.439,1.0
2022-11-04,2.82,2.91,2.81,2.88,1101690,316102.975,1.0
2022-11-07,2.87,2.92,2.86,2.9,805221,233135.899,1.0
2022-11-08,2.9,2.91,2.87,2.89,506740,146408.749,1.0
2022-11-09,2.88,2.91,2.87,2.88,471001,136096.609,1.0
2022-11-10,2.86,2.91,2.86,2.9,622323,179919.793,1.0
2022-11-11,2.97,2.99,2.92,2.95,1607741,474998.63,1.0
2022-11-14,2.96,3.03,2.95,2.96,1411167,421629.213,1.0
2022-11-15,2.98,3.14,2.97,3.07,2796431,861107.671,1.0
2022-11-16,3.05,3.08,3.03,3.03,1357033,414924.706,1.0
2022-11-17,3.03,3.1,3.02,3.09,1541531,473890.038,1.0
2022-11-18,3.08,3.09,3.04,3.06,1029895,315401.534,1.0
2022-11-21,3.04,3.05,2.98,2.99,885395,265936.328,1.0
2022-11-22,3.0,3.03,2.97,3.0,758751,227749.142,1.0
2022-11-23,2.99,3.01,2.95,2.98,685331,204313.083,1.0
2022-11-24,3.0,3.01,2.96,2.97,554539,165664.761,1.0
2022-11-25,2.96,3.02,2.95,3.0,637192,190818.964,1.0
2022-11-28,2.96,2.97,2.92,2.97,714611,210670.579,1.0
2022-11-29,2.97,3.08,2.96,3.06,1291538,392411.126,1.0
2022-11-30,3.06,3.12,3.05,3.07,988247,304716.198,1.0
2022-12-01,3.11,3.15,3.05,3.06,1228116,380611.97,1.0
2022-12-02,3.07,3.09,3.04,3.05,606895,185585.04,1.0
2022-12-05,3.08,3.12,3.07,3.11,1358422,420799.45,1.0
2022-12-06,3.09,3.12,3.06,3.07,950578,293553.336,1.0
2022-12-07,3.06,3.09,3.04,3.05,789035,241586.653,1.0
2022-12-08,3.05,3.07,3.02,3.03,661930,201360.022,1.0
2022-12-09,3.04,3.06,3.01,3.03,917559,278074.943,1.0
2022-12-12,3.02,3.03,2.97,2.98,670468,200890.417,1.0
2022-12-13,2.99,3.0,2.97,2.98,516019,153969.489,1.0
2022-12-14,2.98,3.0,2.95,2.98,712037,211827.679,1.0
2022-12-15,2.98,2.99,2.95,2.95,562427,166577.059,1.0
2022-12-16,2.93,2.96,2.92,2.94,618765,181888.3,1.0
2022-12-19,2.95,2.96,2.84,2.85,898756,259630.416,1.0
2022-12-20,2.84,2.86,2.83,2.83,631356,179629.919,1.0
2022-12-21,2.85,2.86,2.81,2.84,459646,130406.372,1.0
2022-12-22,2.85,2.87,2.8,2.81,457957,130179.807,1.0
2022-12-23,2.81,2.85,2.8,2.83,396452,112065.886,1.0
2022-12-26,2.83,2.85,2.81,2.83,451524,127691.874,1.0
2022-12-27,2.85,2.86,2.83,2.85,484141,137654.574,1.0
2022-12-28,2.84,2.85,2.82,2.83,322146,91169.793,1.0
2022-12-29,2.83,2.97,2.81,2.87,1537078,445900.823,1.0
2022-12-30,2.86,2.88,2.85,2.87,812043,232545.162,1.0
2023-01-03,2.85,2.89,2.81,2.88,728205,207498.764,1.0
2023-01-04,2.88,2.91,2.87,2.89,690964,199466.062,1.0
2023-01-05,2.89,2.95,2.89,2.92,950026,277194.151,1.0
2023-01-06,2.91,2.93,2.89,2.9,669759,194836.407,1.0
2023-01-09,2.92,2.96,2.91,2.92,819510,240638.686,1.0
2023-01-10,2.93,2.97,2.91,2.92,727763,213470.688,1.0
2023-01-11,2.92,2.93,2.87,2.88,534282,155123.805,1.0
2023-01-12,2.88,2.92,2.87,2.91,596663,172595.171,1.0
2023-01-13,2.92,3.0,2.9,2.99,1329833,392926.126,1.0
2023-01-16,3.0,3.13,2.98,3.07,2515217,772992.805,1.0
2023-01-17,3.06,3.12,3.05,3.11,1723166,531583.197,1.0
2023-01-18,3.09,3.13,3.09,3.11,1599151,497575.963,1.0
2023-01-19,3.1,3.17,3.1,3.17,1694328,532100.605,1.0
2023-01-20,3.17,3.19,3.11,3.12,1371589,428975.959,1.0
2023-01-30,3.16,3.18,3.08,3.09,1249439,388610.794,1.0
2023-01-31,3.04,3.07,3.0,3.03,1560665,473312.815,1.0
2023-02-01,3.04,3.1,3.03,3.09,1479476,453214.937,1.0
2023-02-02,3.18,3.2,3.07,3.1,2581937,806647.593,1.0
2023-02-03,3.09,3.1,3.05,3.08,1061747,326151.184,1.0
2023-02-06,3.05,3.07,3.03,3.05,699904,213275.582,1.0
2023-02-07,3.06,3.07,3.02,3.04,885387,268977.715,1.0
2023-02-08,3.04,3.04,2.98,2.99,884325,265982.078,1.0
2023-02-09,2.99,3.04,2.99,3.03,880057,265679.901,1.0
2023-02-10,3.03,3.04,3.0,3.01,622878,188133.756,1.0
2023-02-13,3.01,3.04,3.0,3.03,610250,184756.695,1.0
2023-02-14,3.04,3.05,3.01,3.03,669233,202617.572,1.0
2023-02-15,3.04,3.04,3.0,3.01,573166,172715.815,1.0
2023-02-16,3.01,3.07,2.98,2.99,1647999,499930.485,1.0
2023-02-17,3.0,3.01,2.94,2.95,1062698,316234.405,1.0
2023-02-20,2.98,3.05,2.96,3.04,1653245,497095.101,1.0
2023-02-21,3.03,3.07,3.02,3.06,1160624,353607.695,1.0
2023-02-22,3.04,3.08,3.03,3.04,907560,276950.753,1.0
2023-02-23,3.04,3.09,3.03,3.05,1192369,364440.801,1.0
2023-02-24,3.04,3.05,3.0,3.02,633773,191476.516,1.0
2023-02-27,3.01,3.02,2.97,2.98,653549,195669.868,1.0
2023-02-28,2.98,3.01,2.98,3.01,624336,187003.319,1.0
2023-03-01,3.0,3.05,3.0,3.04,774242,234519.745,1.0
2023-03-02,3.04,3.05,3.02,3.03,543153,164759.198,1.0
2023-03-03,3.03,3.06,3.02,3.05,952752,289861.602,1.0
2023-03-06,3.05,3.06,3.03,3.04,665727,202618.352,1.0
2023-03-07,3.04,3.06,2.98,2.98,976363,294654.122,1.0
2023-03-08,2.97,2.99,2.96,2.99,678290,201955.31,1.0
2023-03-09,2.99,3.0,2.97,2.97,416726,124177.554,1.0
2023-03-10,2.96,2.98,2.94,2.94,756230,223525.366,1.0
2023-03-13,2.94,2.96,2.92,2.95,505685,148622.439,1.0
2023-03-14,2.94,2.94,2.9,2.92,603168,176157.507,1.0
2023-03-15,2.93,2.96,2.93,2.95,513404,151030.1,1.0
2023-03-16,2.93,2.95,2.91,2.92,415215,121662.234,1.0
2023-03-17,2.93,2.97,2.93,2.94,684153,202063.804,1.0
2023-03-20,2.95,2.96,2.91,2.92,495418,145573.368,1.0
2023-03-21,2.93,2.95,2.92,2.94,399575,117319.899,1.0
2023-03-22,2.95,2.95,2.93,2.95,403205,118627.571,1.0
2023-03-23,2.94,2.98,2.93,2.97,715662,211672.954,1.0
2023-03-24,2.97,2.98,2.94,2.95,530785,156939.467,1.0
2023-03-27,2.95,2.97,2.93,2.95,562960,166107.153,1.0
2023-03-28,2.96,2.96,2.93,2.94,397310,116903.947,1.0
2023-03-29,2.94,2.95,2.9,2.91,498851,145634.877,1.0
2023-03-30,2.92,2.94,2.88,2.93,717127,208518.516,1.0
2023-03-31,2.93,2.93,2.91,2.91,355395,103746.306,1.0
2023-04-03,2.91,2.98,2.91,2.98,1115445,329697.691,1.0
2023-04-04,2.97,2.99,2.96,2.98,645444,191786.642,1.0
2023-04-06,2.96,2.98,2.95,2.96,482774,143065.97,1.0
2023-04-07,2.97,2.99,2.95,2.98,598427,177960.344,1.0
2023-04-10,3.0,3.01,2.95,2.96,848740,253083.727,1.0
2023-04-11,2.98,3.01,2.97,2.99,972047,290680.244,1.0
2023-04-12,2.99,3.01,2.97,2.99,763221,228246.934,1.0
2023-04-13,2.98,2.99,2.95,2.97,635933,188736.615,1.0
2023-04-14,2.97,2.99,2.95,2.96,571113,169491.265,1.0
2023-04-17,2.97,3.04,2.96,3.04,1463439,441356.705,1.0
2023-04-18,3.03,3.06,3.01,3.02,924203,280392.812,1.0
2023-04-19,3.02,3.03,2.97,2.99,818427,245122.291,1.0
2023-04-20,2.99,2.99,2.95,2.98,765406,227168.407,1.0
2023-04-21,2.98,2.98,2.91,2.91,1010044,296670.222,1.0
2023-04-24,2.9,2.93,2.89,2.9,682081,198320.679,1.0
2023-04-25,2.9,2.91,2.87,2.89,719861,207987.812,1.0
2023-04-26,2.89,2.92,2.88,2.91,513957,149161.95,1.0
2023-04-27,2.9,2.95,2.9,2.94,616848,180835.867,1.0
2023-04-28,3.0,3.21,2.99,3.14,4747547,1470412.174,1.0
2023-05-04,3.13,3.32,3.13,3.27,3981207,1293406.466,1.0
2023-05-05,3.27,3.33,3.22,3.23,3039511,993646.244,1.0
2023-05-08,3.25,3.32,3.2,3.29,3120573,1019194.078,1.0
2023-05-09,3.29,3.43,3.25,3.26,4866463,1623194.553,1.0
2023-05-10,3.23,3.29,3.17,3.2,2421784,780514.553,1.0
2023-05-11,3.22,3.24,3.18,3.21,1437983,462024.384,1.0
2023-05-12,3.2,3.23,3.17,3.18,960673,306863.965,1.0
2023-05-15,3.17,3.19,3.08,3.19,1869864,585296.913,1.0
2023-05-16,3.17,3.2,3.12,3.13,1079485,340467.972,1.0
2023-05-17,3.12,3.15,3.1,3.13,858962,268681.145,1.0
2023-05-18,3.13,3.15,3.1,3.11,1070754,334537.863,1.0
2023-05-19,3.1,3.11,3.06,3.07,1033031,317965.816,1.0
2023-05-22,3.07,3.09,3.04,3.07,1027657,314790.374,1.0
2023-05-23,3.07,3.08,3.02,3.03,846604,257810.295,1.0
2023-05-24,3.02,3.04,3.0,3.0,1104811,333197.696,1.0
2023-05-25,2.99,3.01,2.97,3.0,1002398,300157.067,1.0
2023-05-26,3.01,3.02,2.98,3.01,763193,228965.44,1.0
2023-05-29,3.01,3.04,3.0,3.02,688754,207825.978,1.0
2023-05-30,3.01,3.02,2.97,3.02,779403,233672.132,1.0
2023-05-31,3.01,3.03,2.99,3.0,625645,187951.354,1.0
2023-06-01,3.0,3.04,2.97,3.0,890393,267990.534,1.0
2023-06-02,3.01,3.03,3.0,3.02,724107,218534.979,1.0
2023-06-05,3.03,3.03,3.01,3.02,544610,164551.307,1.0
2023-06-06,3.02,3.03,2.98,2.98,838866,252229.224,1.0
2023-06-07,2.98,3.01,2.98,2.99,579644,173448.649,1.0
2023-06-08,3.0,3.03,2.97,3.01,766104,229788.575,1.0
2023-06-09,3.01,3.03,2.99,3.01,494802,148862.286,1.0
2023-06-12,3.0,3.01,2.98,2.98,563990,168562.877,1.0
2023-06-13,2.99,3.0,2.98,2.99,394545,117963.386,1.0
2023-06-14,3.0,3.04,2.99,2.99,802423,241451.515,1.0
2023-06-15,3.0,3.04,2.99,3.03,987907,298251.338,1.0
2023-06-16,3.03,3.05,3.02,3.04,743727,225882.44,1.0
2023-06-19,3.03,3.04,3.02,3.02,478965,145015.765,1.0
2023-06-20,3.02,3.03,3.0,3.0,536815,161811.416,1.0
2023-06-21,3.0,3.01,2.95,2.95,708467,211202.988,1.0
2023-06-26,2.95,2.95,2.9,2.9,858103,250639.783,1.0
2023-06-27,2.91,2.94,2.9,2.92,520044,151966.842,1.0
2023-06-28,2.92,2.94,2.9,2.93,530058,154763.012,1.0
2023-06-29,2.92,2.96,2.92,2.94,648496,190474.536,1.0
2023-06-30,2.93,2.99,2.93,2.98,606233,179834.277,1.0
2023-07-03,2.98,3.01,2.97,3.01,611446,183149.204,1.0
2023-07-04,3.0,3.02,2.99,3.01,490373,147374.103,1.0
2023-07-05,3.01,3.01,2.98,2.99,480430,143816.361,1.0
2023-07-06,2.98,3.01,2.97,2.98,424041,126770.025,1.0
2023-07-07,2.98,3.03,2.97,3.01,777156,233562.205,1.0
2023-07-10,2.99,3.01,2.96,2.98,753574,224803.707,1.0
2023-07-11,2.98,3.0,2.96,3.0,556382,165929.517,1.0
2023-07-12,3.0,3.01,2.96,2.96,505825,151067.253,1.0
2023-07-13,2.98,3.02,2.97,3.02,929636,279325.543,1.0
2023-07-14,3.02,3.02,3.0,3.01,492301,148046.347,1.0
2023-07-17,2.99,3.0,2.97,2.99,533525,159278.255,1.0
2023-07-18,2.99,3.01,2.97,2.99,475403,142222.505,1.0
2023-07-19,2.99,3.02,2.98,3.01,587452,176346.899,1.0
2023-07-20,3.02,3.12,3.01,3.04,1568341,480443.887,1.0
2023-07-21,3.03,3.09,3.02,3.06,1315031,402943.118,1.0
2023-07-24,3.06,3.08,3.04,3.06,705905,215835.558,1.0
2023-07-25,3.27,3.37,3.19,3.27,5378830,1753900.826,1.0
2023-07-26,3.29,3.49,3.25,3.36,7336570,2448029.524,1.0
2023-07-27,3.33,3.34,3.23,3.25,4491469,1466540.295,1.0
2023-07-28,3.25,3.58,3.24,3.58,6989799,2400498.801,1.0
2023-07-31,3.94,3.94,3.77,3.77,7346548,2849919.96,1.0
2023-08-01,3.69,4.03,3.67,3.84,17843750,6909581.644,1.0
2023-08-02,3.76,3.92,3.72,3.79,9555350,3643508.842,1.0
2023-08-03,3.86,4.0,3.73,3.98,10165657,3929716.375,1.0
2023-08-04,4.1,4.28,3.9,3.98,16041479,6547195.826,1.0
2023-08-07,3.87,4.0,3.85,3.96,7455215,2928726.782,1.0
2023-08-08,3.89,3.91,3.73,3.83,6530523,2501967.727,1.0
2023-08-09,3.84,3.88,3.74,3.78,4247716,1616879.669,1.0
2023-08-10,3.8,3.97,3.75,3.95,7522479,2895779.159,1.0
2023-08-11,3.87,3.87,3.73,3.75,5843990,2215240.963,1.0
2023-08-14,3.64,3.79,3.64,3.69,4806872,1784791.645,1.0
2023-08-15,3.65,3.74,3.65,3.73,3787349,1400352.028,1.0
2023-08-16,3.68,3.94,3.64,3.83,7369044,2812572.763,1.0
2023-08-17,3.78,4.2,3.75,4.07,14174097,5697047.287,1.0
2023-08-18,4.06,4.09,3.77,3.77,9256809,3611038.091,1.0
2023-08-21,3.77,3.86,3.62,3.63,5784678,2156765.161,1.0
2023-08-22,3.63,3.73,3.56,3.67,5765489,2090264.685,1.0
2023-08-23,3.63,3.63,3.47,3.49,4952246,1751109.193,1.0
2023-08-24,3.54,3.62,3.52,3.54,4034836,1441551.602,1.0
2023-08-25,3.51,3.59,3.51,3.53,2688370,953969.899,1.0
2023-08-28,3.88,3.88,3.76,3.78,11498666,4432395.187,1.0
2023-08-29,3.76,3.79,3.63,3.74,7658962,2847846.099,1.0
2023-08-30,3.72,3.72,3.57,3.6,4466444,1619292.756,1.0
2023-08-31,3.55,3.6,3.49,3.5,3415711,1204455.922,1.0
2023-09-01,3.53,3.55,3.47,3.51,2383883,836917.638,1.0
2023-09-04,3.51,3.57,3.46,3.54,2943989,1037942.938,1.0
2023-09-05,3.51,3.52,3.45,3.47,2607709,905632.437,1.0
2023-09-06,3.44,3.47,3.42,3.43,2092566,719347.708,1.0
2023-09-07,3.43,3.47,3.38,3.41,2160681,740654.72,1.0
2023-09-08,3.39,3.43,3.36,3.4,1861428,630947.619,1.0
2023-09-11,3.4,3.49,3.37,3.46,2498218,860109.114,1.0
2023-09-12,3.45,3.48,3.42,3.43,1537444,529467.258,1.0
2023-09-13,3.43,3.44,3.37,3.39,1402881,476451.669,1.0
2023-09-14,3.39,3.41,3.37,3.39,1251099,424018.305,1.0
2023-09-15,3.41,3.43,3.37,3.4,1374715,467210.472,1.0
2023-09-18,3.37,3.4,3.35,3.36,1377229,463817.493,1.0
2023-09-19,3.36,3.39,3.34,3.35,1091142,366990.738,1.0
2023-09-20,3.35,3.39,3.32,3.34,1366216,458242.835,1.0
2023-09-21,3.34,3.36,3.31,3.32,1118029,372933.535,1.0
2023-09-22,3.31,3.41,3.31,3.41,2119667,716691.089,1.0
2023-09-25,3.38,3.39,3.29,3.3,1829621,609541.965,1.0
2023-09-26,3.3,3.34,3.3,3.31,1093159,362948.487,1.0
2023-09-27,3.31,3.34,3.29,3.31,961472,318840.721,1.0
2023-09-28,3.32,3.34,3.3,3.32,963544,319890.658,1.0
2023-10-09,3.29,3.3,3.23,3.24,1342685,436741.765,1.0
2023-10-10,3.26,3.28,3.21,3.22,1205062,390204.117,1.0
2023-10-11,3.22,3.24,3.2,3.21,1245413,400835.343,1.0
2023-10-12,3.25,3.26,3.21,3.24,1252993,405298.344,1.0
2023-10-13,3.21,3.24,3.19,3.2,1027104,329757.929,1.0
2023-10-16,3.19,3.22,3.17,3.2,1087909,347604.432,1.0
2023-10-17,3.2,3.27,3.18,3.22,1603111,517460.045,1.0
2023-10-18,3.2,3.25,3.2,3.21,1235448,398224.834,1.0
2023-10-19,3.2,3.3,3.19,3.22,2161345,702221.383,1.0
2023-10-20,3.21,3.28,3.2,3.25,1803631,583817.247,1.0
2023-10-23,3.23,3.23,3.09,3.11,2082974,651657.455,1.0
2023-10-24,3.11,3.34,3.11,3.31,4710408,1531511.641,1.0
2023-10-25,3.32,3.32,3.24,3.24,3071420,1005892.064,1.0
2023-10-26,3.2,3.22,3.16,3.22,2160405,689957.517,1.0
2023-10-27,3.2,3.24,3.18,3.23,1652161,529801.561,1.0
2023-10-30,3.2,3.24,3.2,3.24,1554320,500576.076,1.0
2023-10-31,3.22,3.26,3.19,3.2,1573101,505731.419,1.0
2023-11-01,3.23,3.25,3.19,3.19,1206608,387378.302,1.0
2023-11-02,3.19,3.21,3.15,3.16,1134726,361098.463,1.0
2023-11-03,3.17,3.21,3.16,3.19,1362042,433355.299,1.0
2023-11-06,3.28,3.4,3.24,3.36,4342329,1442152.698,1.0
2023-11-07,3.33,3.45,3.31,3.42,3938523,1341116.638,1.0
2023-11-08,3.4,3.43,3.33,3.35,2473319,832895.419,1.0
2023-11-09,3.34,3.36,3.3,3.31,1652546,549629.865,1.0
2023-11-10,3.31,3.37,3.3,3.34,1906336,635798.973,1.0
2023-11-13,3.34,3.35,3.3,3.32,1187557,394192.281,1.0
2023-11-14,3.33,3.4,3.32,3.36,2322286,780313.34,1.0
2023-11-15,3.4,3.43,3.35,3.36,2092115,708288.147,1.0
2023-11-16,3.35,3.38,3.33,3.33,1389191,466424.813,1.0
2023-11-17,3.33,3.35,3.31,3.35,1189967,396591.243,1.0
2023-11-20,3.35,3.36,3.3,3.33,1200647,398865.224,1.0
2023-11-21,3.34,3.39,3.31,3.32,1561715,523985.074,1.0
2023-11-22,3.31,3.34,3.27,3.27,1219269,402831.982,1.0
2023-11-23,3.28,3.3,3.25,3.3,952699,311776.275,1.0
2023-11-24,3.29,3.29,3.24,3.25,1019356,332813.356,1.0
2023-11-27,3.25,3.25,3.19,3.21,1168708,374800.445,1.0
2023-11-28,3.22,3.23,3.19,3.21,864420,277312.306,1.0
2023-11-29,3.21,3.22,3.17,3.18,847814,270385.678,1.0
2023-11-30,3.18,3.21,3.16,3.19,1279532,407713.143,1.0
2023-12-01,3.18,3.22,3.17,3.22,997676,318821.852,1.0
2023-12-04,3.22,3.22,3.19,3.19,805742,258269.916,1.0
2023-12-05,3.19,3.21,3.16,3.16,1013443,322701.262,1.0
2023-12-06,3.16,3.19,3.15,3.17,799217,253446.406,1.0
2023-12-07,3.16,3.21,3.16,3.19,828272,263760.455,1.0
2023-12-08,3.19,3.21,3.15,3.15,907947,288540.032,1.0
2023-12-11,3.17,3.25,3.13,3.23,1628795,520005.876,1.0
2023-12-12,3.21,3.23,3.2,3.22,831172,267150.779,1.0
2023-12-13,3.21,3.22,3.18,3.18,581823,185938.584,1.0
2023-12-14,3.2,3.21,3.16,3.17,610277,194416.163,1.0
2023-12-15,3.18,3.21,3.16,3.17,855958,272529.986,1.0
2023-12-18,3.17,3.19,3.13,3.15,900115,284455.445,1.0
2023-12-19,3.14,3.17,3.12,3.15,1064425,334696.754,1.0
2023-12-20,3.14,3.15,3.04,3.05,1525337,470585.619,1.0
2023-12-21,3.02,3.07,3.0,3.05,1113910,338302.744,1.0
2023-12-22,3.04,3.05,3.0,3.02,1044514,315308.236,1.0
2023-12-25,3.01,3.02,2.97,2.99,679960,203605.188,1.0
2023-12-26,2.99,3.0,2.96,2.97,586856,174635.299,1.0
2023-12-27,2.97,3.05,2.96,3.03,1220382,367289.269,1.0
2023-12-28,3.01,3.1,3.0,3.09,1483076,454252.938,1.0
2023-12-29,3.08,3.1,3.07,3.09,965872,297794.809,1.0
2024-01-02,3.08,3.08,3.04,3.04,755841,230989.65,1.0
2024-01-03,3.04,3.06,3.02,3.04,647100,196801.954,1.0
2024-01-04,3.04,3.05,2.99,3.01,781190,235128.228,1.0
2024-01-05,3.0,3.04,2.98,3.0,910413,273969.02,1.0
2024-01-08,2.98,2.99,2.94,2.94,865587,256180.581,1.0
2024-01-09,2.95,2.97,2.92,2.95,677654,199628.946,1.0
2024-01-10,2.94,3.02,2.91,2.96,913648,270888.368,1.0
2024-01-11,2.96,3.02,2.95,3.01,922368,275506.512,1.0
2024-01-12,2.99,3.03,2.97,2.97,791088,237189.822,1.0
2024-01-15,2.96,3.07,2.95,3.02,1554480,470567.56,1.0
2024-01-16,3.0,3.05,2.98,3.05,1287489,388511.622,1.0
2024-01-17,3.03,3.04,2.97,2.98,891460,267995.032,1.0
2024-01-18,2.96,3.03,2.93,3.02,1448390,429452.772,1.0
2024-01-19,3.0,3.01,2.97,2.98,747472,223523.323,1.0
2024-01-22,2.98,3.0,2.86,2.91,1173400,345081.841,1.0
2024-01-23,2.9,2.98,2.87,2.95,1356967,397881.64,1.0
2024-01-24,2.97,3.14,2.9,3.09,2894325,872928.446,1.0
2024-01-25,3.06,3.13,3.04,3.11,2602437,803130.289,1.0
2024-01-26,3.08,3.13,3.06,3.09,1697319,525047.055,1.0
2024-01-29,3.08,3.09,3.02,3.03,1402381,427363.628,1.0
2024-01-30,3.01,3.05,2.98,3.0,1132929,342120.489,1.0
2024-01-31,2.98,3.02,2.95,2.96,1195769,356650.874,1.0
2024-02-01,2.93,3.01,2.92,2.95,1110869,329345.919,1.0
2024-02-02,2.95,2.97,2.82,2.89,1538681,446958.835,1.0
2024-02-05,2.86,2.88,2.73,2.76,1831255,514112.647,1.0
2024-02-06,2.71,2.96,2.7,2.92,1860749,529066.675,1.0
2024-02-07,2.91,3.02,2.9,3.02,2201680,656456.354,1.0
2024-02-08,3.03,3.13,3.02,3.04,2171799,668599.211,1.0
2024-02-19,3.05,3.05,2.97,3.0,1548458,464596.817,1.0
2024-02-20,2.99,3.05,2.97,3.02,1443991,434366.036,1.0
2024-02-21,3.0,3.11,2.99,3.04,2135854,652641.566,1.0
2024-02-22,3.02,3.07,3.01,3.06,1647807,500315.83,1.0
2024-02-23,3.05,3.08,3.02,3.06,1811938,553289.907,1.0
2024-02-26,3.06,3.07,3.03,3.03,1481604,451914.674,1.0
2024-02-27,3.03,3.1,3.02,3.1,1863440,570757.662,1.0
2024-02-28,3.13,3.2,3.06,3.06,3645804,1145334.144,1.0
2024-02-29,3.04,3.13,3.03,3.12,2396150,739709.917,1.0
2024-03-01,3.12,3.15,3.09,3.13,1930524,601553.769,1.0
2024-03-04,3.13,3.14,3.07,3.09,1398516,432668.099,1.0
2024-03-05,3.08,3.09,3.04,3.05,1268744,388095.125,1.0
2024-03-06,3.04,3.1,3.03,3.05,1214606,371609.263,1.0
2024-03-07,3.05,3.08,3.02,3.04,1440347,439091.533,1.0
2024-03-08,3.03,3.05,3.01,3.03,996564,301875.206,1.0
2024-03-11,3.03,3.07,3.03,3.06,1283370,390848.406,1.0
2024-03-12,3.07,3.09,3.05,3.08,1642104,503951.007,1.0
2024-03-13,3.07,3.08,3.02,3.03,1380576,420067.103,1.0
2024-03-14,3.02,3.05,2.99,3.01,1241866,375024.993,1.0
2024-03-15,3.01,3.05,2.99,3.04,1248441,376916.602,1.0
2024-03-18,3.05,3.11,3.04,3.09,1948130,599807.874,1.0
2024-03-19,3.08,3.08,3.04,3.04,1181485,361522.183,1.0
2024-03-20,3.04,3.07,3.03,3.05,1045946,318557.662,1.0
2024-03-21,3.06,3.09,3.05,3.06,1396607,428063.499,1.0
2024-03-22,3.05,3.06,3.01,3.01,1433526,434246.592,1.0
2024-03-25,2.99,3.0,2.94,2.94,1538714,456795.875,1.0
2024-03-26,2.93,2.95,2.91,2.93,1217784,356527.742,1.0
2024-03-27,2.92,2.93,2.86,2.86,1269409,367213.197,1.0
2024-03-28,2.86,2.91,2.85,2.88,1287800,370958.831,1.0
2024-03-29,2.88,2.9,2.86,2.89,809738,233344.579,1.0
2024-04-01,2.98,3.05,2.98,3.0,2367418,712386.868,1.0
2024-04-02,2.97,2.99,2.93,2.95,1459502,431449.019,1.0
2024-04-03,2.94,2.97,2.93,2.94,808221,237872.984,1.0
2024-04-08,2.92,2.93,2.9,2.9,856795,249655.455,1.0
2024-04-09,2.91,2.92,2.9,2.92,687462,199989.826,1.0
2024-04-10,2.91,2.92,2.86,2.88,882699,254367.77,1.0
2024-04-11,2.87,2.91,2.86,2.89,699577,202113.783,1.0
2024-04-12,2.89,2.89,2.84,2.85,792680,227115.916,1.0
2024-04-15,2.85,2.92,2.82,2.89,1261556,363020.061,1.0
2024-04-16,2.87,2.88,2.81,2.82,1160014,330103.953,1.0
2024-04-17,2.83,2.87,2.82,2.87,931559,265442.797,1.0
2024-04-18,2.85,2.92,2.84,2.88,1185893,341921.239,1.0
2024-04-19,2.86,2.89,2.84,2.86,866717,248283.401,1.0
2024-04-22,2.86,2.88,2.84,2.85,769366,219772.302,1.0
2024-04-23,2.85,2.86,2.84,2.84,565119,160946.575,1.0
2024-04-24,2.85,2.86,2.82,2.84,619685,176046.047,1.0
2024-04-25,2.84,2.86,2.83,2.85,605454,172138.231,1.0
2024-04-26,2.9,3.02,2.88,3.0,3073648,904533.12,1.0
2024-04-29,3.0,3.08,2.98,3.05,3254135,987441.477,1.0
2024-04-30,2.97,2.97,2.91,2.92,2631511,773336.327,1.0
2024-05-06,2.95,2.98,2.93,2.94,1637658,484144.39,1.0
2024-05-07,2.94,2.95,2.92,2.94,1003722,294536.677,1.0
2024-05-08,2.93,2.94,2.89,2.9,890168,259103.041,1.0
2024-05-09,2.9,2.94,2.89,2.91,1021940,298500.789,1.0
2024-05-10,2.92,2.93,2.89,2.92,984780,286902.936,1.0
2024-05-13,2.92,2.96,2.89,2.93,1291722,377817.824,1.0
2024-05-14,2.93,2.95,2.91,2.94,1056110,309521.684,1.0
2024-05-15,2.97,2.99,2.9,2.9,1472230,432097.688,1.0
2024-05-16,2.9,2.93,2.88,2.88,1138602,330502.794,1.0
2024-05-17,2.88,2.92,2.87,2.92,1008716,292003.665,1.0
2024-05-20,2.92,2.94,2.9,2.9,1063395,310327.519,1.0
2024-05-21,2.9,2.91,2.88,2.88,690647,199678.067,1.0
2024-05-22,2.88,2.92,2.87,2.9,806406,233435.797,1.0
2024-05-23,2.89,2.9,2.85,2.86,1025415,294167.007,1.0
2024-05-24,2.85,2.87,2.83,2.83,671673,191533.126,1.0
2024-05-27,2.84,2.85,2.82,2.84,776592,219858.064,1.0
2024-05-28,2.84,2.84,2.81,2.81,693911,195821.596,1.0
2024-05-29,2.81,2.84,2.8,2.81,642322,181097.718,1.0
2024-05-30,2.8,2.82,2.79,2.8,659986,184888.944,1.0
2024-05-31,2.81,2.82,2.8,2.81,508516,142814.04,1.0
2024-06-03,2.8,2.81,2.74,2.75,1021951,282750.624,1.0
2024-06-04,2.75,2.77,2.74,2.77,599920,165479.358,1.0
2024-06-05,2.77,2.77,2.74,2.75,522215,143970.201,1.0
2024-06-06,2.75,2.76,2.62,2.63,1581691,423917.068,1.0
2024-06-07,2.63,2.65,2.37,2.37,3344972,820347.753,1.0
2024-06-11,2.4,2.45,2.35,2.39,3387410,809654.457,1.0
2024-06-12,2.37,2.43,2.31,2.37,2339881,556033.604,1.0
2024-06-13,2.37,2.38,2.21,2.28,4264388,973410.438,1.0
2024-06-14,2.3,2.35,2.26,2.32,3218496,743215.926,1.0
2024-06-17,2.28,2.34,2.26,2.31,1759504,404897.087,1.0
2024-06-18,2.31,2.36,2.3,2.35,1522873,356364.518,1.0
2024-06-19,2.36,2.44,2.33,2.35,2061104,489820.055,1.0
2024-06-20,2.34,2.35,2.27,2.28,1710807,393548.802,1.0
2024-06-21,2.28,2.31,2.27,2.28,1026537,234687.055,1.0
2024-06-24,2.27,2.28,2.21,2.23,1387470,310949.179,1.0
2024-06-25,2.23,2.24,2.19,2.21,1260954,279132.955,1.0
2024-06-26,2.2,2.28,2.19,2.27,1236444,276555.417,1.0
2024-06-27,2.26,2.27,2.21,2.22,1078376,241251.439,1.0
2024-06-28,2.22,2.25,2.17,2.18,1456030,322566.649,1.0
2024-07-01,2.18,2.21,2.16,2.2,1015076,221840.049,1.0
2024-07-02,2.2,2.25,2.2,2.22,1311651,291926.884,1.0
2024-07-03,2.21,2.26,2.21,2.23,945534,211568.699,1.0
2024-07-04,2.24,2.24,2.16,2.17,1248160,273792.375,1.0
2024-07-05,2.16,2.22,2.15,2.21,1269613,278080.613,1.0
2024-07-08,2.19,2.2,2.12,2.13,1246938,268166.314,1.0
2024-07-09,2.13,2.17,2.1,2.16,1335796,285788.532,1.0
2024-07-10,2.14,2.19,2.13,2.15,1096372,236412.018,1.0
2024-07-11,2.18,2.21,2.16,2.2,1223191,268187.049,1.0
2024-07-12,2.2,2.22,2.18,2.19,939365,206365.069,1.0
2024-07-15,2.18,2.2,2.16,2.17,694425,151273.379,1.0
2024-07-16,2.17,2.19,2.16,2.18,562528,122607.204,1.0
2024-07-17,2.18,2.19,2.16,2.17,745835,162284.37,1.0
2024-07-18,2.17,2.19,2.11,2.18,1296795,278611.398,1.0
2024-07-19,2.18,2.22,2.16,2.2,1221464,267782.229,1.0
2024-07-22,2.22,2.24,2.18,2.21,1156014,255395.237,1.0
2024-07-23,2.2,2.37,2.18,2.23,2937985,669246.44,1.0
2024-07-24,2.21,2.23,2.16,2.16,1798304,393319.777,1.0
2024-07-25,2.16,2.31,2.15,2.27,2566592,575636.311,1.0
2024-07-26,2.25,2.32,2.23,2.3,2182863,498628.076,1.0
2024-07-29,2.28,2.31,2.26,2.26,1413448,321560.475,1.0
2024-07-30,2.27,2.35,2.26,2.3,1836632,423201.346,1.0
2024-07-31,2.3,2.53,2.29,2.53,3401900,834161.014,1.0
2024-08-01,2.53,2.6,2.49,2.54,4900269,1249502.223,1.0
2024-08-02,2.5,2.57,2.44,2.46,3204467,798604.372,1.0
2024-08-05,2.44,2.52,2.43,2.46,3110039,769939.538,1.0
2024-08-06,2.48,2.5,2.39,2.44,2389083,580519.809,1.0
2024-08-07,2.42,2.46,2.4,2.41,1472422,356579.501,1.0
2024-08-08,2.41,2.65,2.4,2.55,6018742,1536524.2,1.0
2024-08-09,2.53,2.59,2.47,2.48,3919912,991390.944,1.0
2024-08-12,2.45,2.53,2.42,2.46,2521955,622394.975,1.0
2024-08-13,2.47,2.69,2.46,2.64,5817142,1504739.134,1.0
2024-08-14,2.58,2.61,2.55,2.56,3856050,992537.216,1.0
2024-08-15,2.53,2.66,2.53,2.58,3820666,994625.748,1.0
2024-08-16,2.57,2.76,2.56,2.59,4256154,1129960.416,1.0
2024-08-19,2.56,2.58,2.48,2.49,3146966,792974.196,1.0
2024-08-20,2.48,2.49,2.43,2.46,2043266,502209.897,1.0
2024-08-21,2.44,2.49,2.42,2.44,1511413,369905.368,1.0
2024-08-22,2.46,2.48,2.32,2.35,2580907,616989.969,1.0
2024-08-23,2.34,2.38,2.32,2.33,1831732,429230.721,1.0
2024-08-26,2.34,2.36,2.32,2.34,1071630,250814.311,1.0
2024-08-27,2.33,2.34,2.28,2.31,1379980,317132.528,1.0
2024-08-28,2.3,2.33,2.29,2.31,931351,215188.687,1.0
2024-08-29,2.3,2.38,2.29,2.34,1618468,379041.56,1.0
2024-08-30,2.33,2.53,2.33,2.4,3815470,934738.933,1.0
2024-09-02,2.41,2.44,2.34,2.34,1906324,453967.475,1.0
2024-09-03,2.33,2.4,2.33,2.38,1252880,297056.364,1.0
2024-09-04,2.36,2.4,2.35,2.35,1243681,294868.468,1.0
2024-09-05,2.36,2.4,2.36,2.39,1161451,276951.527,1.0
2024-09-06,2.5,2.63,2.43,2.63,8448713,2183337.041,1.0
2024-09-09,2.55,2.89,2.52,2.89,5557783,1548068.282,1.0
2024-09-10,2.87,2.89,2.66,2.81,8511074,2368936.738,1.0
2024-09-11,2.8,2.94,2.66,2.89,8409099,2348471.845,1.0
2024-09-12,2.82,2.88,2.69,2.7,7161627,1982629.983,1.0
2024-09-13,2.69,2.97,2.68,2.97,12796534,3721103.451,1.0
2024-09-18,2.92,3.05,2.75,2.87,11184509,3277641.021,1.0
2024-09-19,2.88,3.0,2.81,2.87,8810882,2549889.937,1.0
2024-09-20,2.79,2.84,2.7,2.74,6941494,1912294.03,1.0
2024-09-23,2.71,2.77,2.66,2.73,4415079,1198927.794,1.0
2024-09-24,2.82,3.0,2.71,3.0,7219444,2071339.731,1.0
2024-09-25,3.3,3.3,3.3,3.3,1016958,335596.133,1.0
2024-09-26,3.39,3.63,3.34,3.63,13080946,4646474.895,1.0
2024-09-27,3.99,3.99,3.99,3.99,1397635,557656.529,1.0
2024-09-30,4.39,4.39,4.39,4.39,912334,400514.582,1.0
2024-10-08,4.83,4.83,4.83,4.83,330253,159512.141,1.0
2024-10-09,5.31,5.31,5.31,5.31,3882252,2061475.722,1.0
2024-10-10,5.84,5.84,4.78,4.78,36945363,19388158.89,1.0
2024-10-11,4.3,4.58,4.3,4.3,20753788,8991970.71,1.0
2024-10-14,4.26,4.37,3.96,4.29,16141307,6699909.012,1.0
2024-10-15,4.15,4.71,4.13,4.44,21021191,9452802.857,1.0
2024-10-16,4.3,4.7,4.3,4.61,17544436,7995211.765,1.0
2024-10-17,4.56,4.6,4.3,4.34,15386587,6861671.027,1.0
2024-10-18,4.28,4.77,4.25,4.77,19923086,9183060.435,1.0
2024-10-21,4.7,5.21,4.61,4.99,24288052,11887671.747,1.0
2024-10-22,4.86,5.49,4.82,5.49,21877260,11399929.992,1.0
2024-10-23,5.5,6.04,5.32,5.62,29160601,16867037.557,1.0
2024-10-24,5.75,6.0,5.6,5.9,23473259,13652105.12,1.0
2024-10-25,5.74,5.9,5.52,5.62,18052724,10269370.602,1.0
2024-10-28,5.5,5.89,5.4,5.84,16392321,9396971.439,1.0
2024-10-29,5.98,6.19,5.7,5.79,17422559,10310892.873,1.0
2024-10-30,5.61,5.97,5.53,5.82,13788482,7806983.0,1.0
2024-10-31,5.7,6.4,5.65,6.4,22706605,14130649.775,1.0
2024-11-01,6.39,6.5,5.76,5.82,21401339,13034850.618,1.0
2024-11-04,5.7,5.91,5.57,5.76,11192861,6384005.963,1.0
2024-11-05,5.83,6.2,5.67,5.99,14945495,8953369.237,1.0
2024-11-06,6.0,6.2,5.78,5.82,14157793,8388892.383,1.0
2024-11-07,5.65,6.2,5.57,6.03,17234901,10130360.66,1.0
2024-11-08,6.19,6.23,5.82,5.83,11307602,6713235.17,1.0
2024-11-11,5.7,6.04,5.66,5.92,9185336,5361241.019,1.0
2024-11-12,5.92,5.98,5.73,5.8,6747098,3943321.154,1.0
2024-11-13,5.73,5.9,5.66,5.81,6375289,3692167.245,1.0
2024-11-14,5.75,5.85,5.66,5.68,5150990,2968753.174,1.0
2024-11-15,5.65,5.72,5.18,5.21,8561833,4648260.923,1.0
2024-11-18,5.14,5.24,4.81,4.85,7852254,3903664.171,1.0
2024-11-19,4.86,5.0,4.82,4.97,5617858,2752838.21,1.0
2024-11-20,4.9,5.08,4.88,5.04,4830818,2413869.12,1.0
2024-11-21,5.0,5.23,4.97,5.13,6890973,3526228.206,1.0
2024-11-22,5.13,5.13,4.84,4.84,5989122,2984998.237,1.0
2024-11-25,4.81,4.87,4.67,4.83,4910237,2333705.408,1.0
2024-11-26,4.8,4.91,4.72,4.73,3530006,1695426.118,1.0
2024-11-27,4.7,4.78,4.64,4.78,4264637,2012569.821,1.0
2024-11-28,4.77,4.82,4.7,4.7,3588155,1701954.055,1.0
2024-11-29,4.69,5.05,4.62,4.81,7588622,3657372.752,1.0
2024-12-02,4.77,5.25,4.74,5.15,10178401,5190142.228,1.0
2024-12-03,5.08,5.15,4.98,5.08,6928901,3502485.042,1.0
2024-12-04,5.03,5.16,4.98,5.0,4806070,2437429.142,1.0
2024-12-05,4.98,5.2,4.97,5.11,6041758,3095092.785,1.0
2024-12-06,5.1,5.2,5.03,5.13,5796288,2970337.346,1.0
2024-12-09,5.1,5.13,5.0,5.05,3692451,1869762.173,1.0
2024-12-10,5.36,5.36,5.07,5.09,6932812,3609327.829,1.0
2024-12-11,5.05,5.12,5.05,5.07,3247498,1649084.322,1.0
2024-12-12,5.05,5.18,5.02,5.11,4320533,2201055.329,1.0
2024-12-13,5.06,5.07,4.98,4.99,3734716,1876259.144,1.0
2024-12-16,4.97,4.98,4.88,4.93,2644259,1300598.641,1.0
2024-12-17,4.91,4.93,4.8,4.81,2626794,1275256.529,1.0
2024-12-18,4.82,4.85,4.8,4.81,1780313,858263.698,1.0
2024-12-19,4.74,4.84,4.71,4.8,1871601,897307.657,1.0
2024-12-20,4.79,4.99,4.77,4.9,3414333,1665184.025,1.0
2024-12-23,4.87,4.89,4.72,4.72,2713749,1302518.723,1.0
2024-12-24,4.74,4.77,4.68,4.74,2142551,1011832.276,1.0
2024-12-25,4.75,4.75,4.57,4.62,2599868,1205188.852,1.0
2024-12-26,4.61,4.83,4.6,4.73,2907298,1376571.35,1.0
2024-12-27,4.71,4.82,4.71,4.73,2834977,1349783.001,1.0
2024-12-30,4.72,4.74,4.67,4.72,1935696,909601.069,1.0
2024-12-31,4.73,4.74,4.48,4.48,2970337,1362056.286,1.0
2025-01-02,4.46,4.48,4.23,4.29,3327642,1450562.866,1.0
2025-01-03,4.28,4.31,4.03,4.06,3414741,1410629.428,1.0
2025-01-06,4.02,4.08,3.96,3.98,2450075,981135.132,1.0
2025-01-07,4.0,4.27,3.99,4.19,4949396,2043296.514,1.0
2025-01-08,4.12,4.2,4.0,4.14,4280068,1755155.652,1.0
2025-01-09,4.13,4.35,4.12,4.19,4375247,1856518.764,1.0
2025-01-10,4.19,4.24,4.07,4.07,2676989,1111162.26,1.0
2025-01-13,4.0,4.12,3.99,4.09,2035132,827586.254,1.0
2025-01-14,4.1,4.35,4.09,4.33,5119690,2176332.701,1.0
2025-01-15,4.28,4.33,4.22,4.24,2888145,1228290.117,1.0
2025-01-16,4.27,4.35,4.19,4.24,2882318,1228034.069,1.0
2025-01-17,4.22,4.3,4.21,4.24,2590197,1102419.508,1.0
2025-01-20,4.28,4.3,4.22,4.23,2254697,959041.807,1.0
2025-01-21,4.27,4.28,4.18,4.23,1936803,818038.531,1.0
2025-01-22,4.22,4.26,4.18,4.2,1870696,787814.904,1.0
2025-01-23,4.31,4.53,4.25,4.26,6564740,2867964.019,1.0
2025-01-24,4.23,4.32,4.21,4.27,3303574,1411701.321,1.0
2025-01-27,4.27,4.29,4.09,4.09,2893228,1205001.991,1.0
2025-02-05,4.12,4.16,4.08,4.13,2196785,906487.164,1.0
2025-02-06,4.12,4.24,4.09,4.23,2882340,1205915.991,1.0
2025-02-07,4.23,4.46,4.22,4.36,5286015,2297213.702,1.0
2025-02-10,4.37,4.43,4.34,4.4,3112273,1364192.831,1.0
2025-02-11,4.4,4.41,4.29,4.34,2497973,1081810.066,1.0
2025-02-12,4.33,4.77,4.32,4.77,6391906,2891381.452,1.0
2025-02-13,4.8,5.25,4.72,5.01,18219178,9051594.057,1.0
2025-02-14,4.83,4.91,4.75,4.84,9829572,4742092.528,1.0
2025-02-17,4.93,4.95,4.73,4.78,6762925,3255191.19,1.0
2025-02-18,4.71,4.9,4.62,4.69,7264728,3444660.334,1.0
2025-02-19,4.66,4.78,4.65,4.74,5416408,2553333.567,1.0
2025-02-20,4.7,4.74,4.67,4.71,3521930,1655924.121,1.0
2025-02-21,4.72,4.85,4.64,4.81,6840326,3261147.293,1.0
2025-02-24,4.76,4.85,4.7,4.73,4692523,2233588.228,1.0
2025-02-25,4.65,4.73,4.63,4.66,3172385,1482429.542,1.0
2025-02-26,4.69,4.8,4.63,4.8,5100888,2402659.896,1.0
2025-02-27,4.74,4.78,4.64,4.72,4689931,2205231.568,1.0
2025-02-28,4.67,4.78,4.5,4.53,4385186,2056576.678,1.0
2025-03-03,4.55,4.58,4.35,4.4,3936475,1746742.864,1.0
2025-03-04,4.36,4.59,4.35,4.5,3696413,1658443.646,1.0
2025-03-05,4.48,4.52,4.43,4.48,2785740,1244811.054,1.0
2025-03-06,4.51,4.66,4.51,4.6,4460206,2047658.05,1.0
2025-03-07,4.56,4.57,4.48,4.49,2803738,1268140.943,1.0
2025-03-10,4.48,4.49,4.42,4.45,1729998,770120.503,1.0
2025-03-11,4.4,4.49,4.39,4.47,1810401,806312.387,1.0
2025-03-12,4.5,4.59,4.48,4.49,2854453,1289337.991,1.0
2025-03-13,4.46,4.52,4.39,4.43,2224011,986646.009,1.0
2025-03-14,4.45,4.65,4.42,4.56,5221637,2372397.845,1.0
2025-03-17,4.53,4.55,4.5,4.51,2542727,1148046.074,1.0
2025-03-18,4.52,4.54,4.47,4.49,1828634,821511.379,1.0
2025-03-19,4.47,4.51,4.45,4.46,1781015,796258.694,1.0
2025-03-20,4.46,4.49,4.44,4.45,1446008,645903.107,1.0
2025-03-21,4.44,4.47,4.36,4.37,2006722,883753.047,1.0
2025-03-24,4.37,4.38,4.27,4.31,1729521,745001.826,1.0
2025-03-25,4.33,4.33,4.26,4.28,1144744,490975.144,1.0
2025-03-26,4.28,4.32,4.27,4.28,1047395,449471.174,1.0
2025-03-27,4.28,4.31,4.23,4.27,1250541,534410.985,1.0
2025-03-28,4.27,4.29,4.24,4.26,1278703,545656.235,1.0
2025-03-31,4.25,4.29,4.21,4.22,1337441,567388.388,1.0
2025-04-01,4.23,4.24,4.19,4.2,1165615,491501.373,1.0
2025-04-02,4.19,4.23,4.19,4.19,928477,390532.751,1.0
2025-04-03,4.16,4.25,4.15,4.19,1243441,523225.742,1.0
2025-04-07,3.88,4.05,3.77,3.77,2475925,953546.285,1.0
2025-04-08,3.77,3.86,3.67,3.75,2493346,938385.608,1.0
2025-04-09,3.69,3.89,3.57,3.84,3172793,1191420.785,1.0
2025-04-10,3.88,3.95,3.84,3.85,2551637,995025.501,1.0
2025-04-11,3.84,3.93,3.82,3.88,1966710,762090.991,1.0
2025-04-14,3.9,3.96,3.89,3.91,1888626,739556.591,1.0
2025-04-15,3.91,3.91,3.85,3.87,1238039,479548.093,1.0
2025-04-16,3.85,3.87,3.76,3.8,1409610,536063.292,1.0
2025-04-17,3.79,3.93,3.79,3.83,1739256,671046.279,1.0
2025-04-18,3.81,4.18,3.81,4.06,5333946,2139025.005,1.0
2025-04-21,3.97,4.08,3.96,4.05,3012095,1215395.664,1.0
2025-04-22,4.05,4.07,4.0,4.02,1910009,768297.082,1.0
2025-04-23,4.03,4.05,3.97,3.99,1836087,734004.049,1.0
2025-04-24,3.99,4.02,3.93,3.95,1626709,645217.458,1.0
2025-04-25,3.95,4.02,3.95,3.97,1927718,768815.239,1.0
2025-04-28,3.95,3.96,3.88,3.88,1500811,585599.621,1.0
2025-04-29,3.88,3.9,3.86,3.87,1098733,425840.058,1.0
2025-04-30,3.9,3.96,3.89,3.91,1426350,559081.832,1.0
2025-05-06,3.95,4.06,3.92,4.05,2731880,1097615.584,1.0
2025-05-07,4.24,4.29,4.03,4.06,3901972,1617324.956,1.0
2025-05-08,4.03,4.08,4.03,4.06,1776450,720482.353,1.0
2025-05-09,4.05,4.05,3.97,3.98,1462861,583963.296,1.0
2025-05-12,4.02,4.12,3.99,4.1,2536713,1028250.937,1.0
2025-05-13,4.15,4.15,4.04,4.04,1831358,746259.451,1.0
2025-05-14,4.04,4.28,4.02,4.17,4946064,2051680.931,1.0
2025-05-15,4.12,4.16,4.05,4.06,2342297,959729.304,1.0
2025-05-16,4.05,4.06,4.01,4.02,1452574,584860.215,1.0
2025-05-19,4.03,4.04,4.0,4.03,1104678,444067.687,1.0
2025-05-20,4.03,4.06,4.01,4.04,1191639,480416.403,1.0
2025-05-21,4.03,4.05,4.01,4.01,997762,401276.927,1.0
2025-05-22,4.0,4.01,3.96,3.97,1179640,469878.19,1.0
2025-05-23,3.97,3.99,3.9,3.9,1332745,526154.899,1.0
2025-05-26,3.9,3.92,3.88,3.92,919822,358923.44,1.0
2025-05-27,3.92,3.92,3.89,3.91,796941,311301.403,1.0
2025-05-28,3.91,3.92,3.88,3.88,694784,270665.129,1.0
2025-05-29,3.89,3.95,3.88,3.94,1268059,498352.08,1.0
2025-05-30,3.93,3.93,3.89,3.9,943216,368300.667,1.0
2025-06-03,3.88,3.96,3.88,3.93,1119069,439796.146,1.0
2025-06-04,3.94,4.01,3.92,3.99,1614447,642230.133,1.0
2025-06-05,3.99,4.03,3.97,4.02,1598128,638514.177,1.0
2025-06-06,4.03,4.03,3.96,3.98,1038423,413974.067,1.0
2025-06-09,4.01,4.07,4.0,4.05,2088341,844635.937,1.0
2025-06-10,4.03,4.04,3.94,3.98,1586773,634005.59,1.0
2025-06-11,3.98,4.1,3.97,4.05,2583096,1048270.988,1.0
2025-06-12,4.03,4.3,4.02,4.14,6208673,2589401.441,1.0
2025-06-13,4.1,4.17,4.07,4.1,3338514,1369439.206,1.0
2025-06-16,4.07,4.14,4.07,4.11,1948608,799267.75,1.0
2025-06-17,4.12,4.13,4.08,4.11,1545801,633214.53,1.0
2025-06-18,4.1,4.11,4.03,4.06,1665068,675862.041,1.0
2025-06-19,4.05,4.06,3.95,3.96,1840447,734826.658,1.0
2025-06-20,3.96,3.98,3.92,3.93,1099603,433882.124,1.0
2025-06-23,3.9,3.98,3.89,3.96,1181761,466736.102,1.0
2025-06-24,3.98,4.11,3.96,4.09,2971666,1209966.703,1.0
2025-06-25,4.1,4.5,4.09,4.5,10419750,4529019.077,1.0
2025-06-26,4.7,4.95,4.59,4.69,19312095,9184226.402,1.0
2025-06-27,4.76,5.16,4.69,5.06,22951403,11599162.463,1.0
2025-06-30,4.9,5.04,4.82,4.93,15856500,7822888.219,1.0
2025-07-01,4.91,5.05,4.76,4.8,11208080,5445555.598,1.0
2025-07-02,4.77,4.82,4.63,4.66,7792470,3658731.155,1.0
2025-07-03,4.68,4.72,4.63,4.67,5533471,2587530.679,1.0
2025-07-04,4.68,5.02,4.61,4.8,13310281,6428632.11,1.0
2025-07-07,4.8,4.95,4.76,4.86,8665872,4216629.883,1.0
2025-07-08,4.83,5.05,4.81,4.99,11068550,5474287.206,1.0
2025-07-09,4.98,5.04,4.86,4.89,8832068,4349678.18,1.0
2025-07-10,4.89,5.02,4.81,4.95,8264301,4054542.972,1.0
2025-07-11,4.93,5.27,4.87,5.06,14030876,7122040.934,1.0
2025-07-14,5.04,5.04,4.86,4.88,7210291,3546391.381,1.0
2025-07-15,4.89,4.91,4.79,4.83,4768797,2314245.44,1.0
2025-07-16,4.81,4.85,4.77,4.82,3345954,1608542.48,1.0
2025-07-17,4.81,4.85,4.78,4.84,3334876,1605999.781,1.0
2025-07-18,4.85,4.87,4.79,4.82,2933827,1414556.389,1.0
2025-07-21,4.81,4.87,4.78,4.85,3682461,1781130.624,1.0
2025-07-22,4.84,4.88,4.73,4.86,5312556,2560568.692,1.0
2025-07-23,4.86,5.05,4.84,4.9,8953306,4416166.943,1.0
2025-07-24,4.86,5.02,4.85,5.0,7637295,3797116.494,1.0
2025-07-25,5.03,5.09,4.94,4.98,6483972,3245536.118,1.0
2025-07-28,4.94,5.06,4.91,4.98,4664381,2326197.006,1.0
2025-07-29,4.95,5.23,4.88,5.18,10595294,5389586.565,1.0
2025-07-30,5.14,5.38,5.05,5.18,10458642,5461685.314,1.0
2025-07-31,5.1,5.47,5.1,5.32,13659198,7299534.306,1.0
2025-08-01,5.3,5.34,4.98,4.98,10459543,5326296.489,1.0
2025-08-04,4.88,4.96,4.86,4.91,4742503,2329360.257,1.0
2025-08-05,4.93,5.04,4.92,5.0,4699163,2338332.936,1.0
2025-08-06,4.96,5.02,4.93,4.99,3798540,1888576.123,1.0
2025-08-07,4.98,5.03,4.95,4.98,3753592,1871868.116,1.0
2025-08-08,4.96,4.97,4.91,4.91,3190287,1572880.609,1.0
2025-08-11,4.9,5.03,4.9,5.0,4821353,2406282.111,1.0
2025-08-12,5.0,5.02,4.97,5.01,3779553,1888020.181,1.0
2025-08-13,5.03,5.19,4.98,5.14,8690084,4434246.413,1.0
2025-08-14,5.12,5.22,5.02,5.04,6964116,3559948.564,1.0
2025-08-15,5.02,5.54,5.0,5.54,14289359,7680794.222,1.0
2025-08-18,5.76,5.98,5.52,5.8,18889887,10836929.081,1.0
2025-08-19,5.7,5.88,5.6,5.63,11283528,6438653.866,1.0
2025-08-20,5.6,5.73,5.53,5.63,8048209,4520685.218,1.0
2025-08-21,5.75,5.79,5.55,5.61,7452771,4219948.051,1.0
2025-08-22,5.54,5.75,5.53,5.71,8423244,4770856.525,1.0
2025-08-25,5.77,5.88,5.71,5.81,10151962,5865938.395,1.0
2025-08-26,5.79,6.12,5.74,5.86,10682235,6344128.957,1.0
2025-08-27,5.85,6.12,5.78,5.81,11760385,7042176.61,1.0
2025-08-28,5.75,5.94,5.66,5.94,9813784,5713288.085,1.0
2025-08-29,5.95,6.0,5.81,5.84,7014899,4126157.871,1.0
2025-09-01,5.85,5.89,5.75,5.8,4734994,2740121.29,1.0
2025-09-02,5.8,5.8,5.63,5.68,5346080,3043808.761,1.0
2025-09-03,5.7,5.73,5.34,5.41,5486039,3050736.205,1.0
2025-09-04,5.39,5.58,5.37,5.49,5468189,2990773.748,1.0
2025-09-05,5.52,5.53,5.38,5.51,3939542,2149285.777,1.0
2025-09-08,5.48,5.51,5.42,5.49,2944970,1610134.948,1.0
2025-09-09,5.46,5.54,5.44,5.5,3664294,2012916.064,1.0
2025-09-10,5.5,5.54,5.47,5.48,2273800,1249426.68,1.0
2025-09-11,5.46,5.66,5.43,5.63,4964628,2762141.293,1.0
2025-09-12,5.62,5.62,5.54,5.54,3640738,2026512.358,1.0
2025-09-15,5.53,5.6,5.51,5.54,2271459,1261296.161,1.0
2025-09-16,5.55,5.62,5.52,5.6,3651160,2038203.949,1.0
2025-09-17,5.6,5.74,5.56,5.69,4810400,2718556.738,1.0
2025-09-18,5.63,5.88,5.55,5.66,7718497,4370309.421,1.0
2025-09-19,5.58,5.68,5.43,5.43,4375647,2417844.499,1.0
2025-09-22,5.41,5.45,5.35,5.45,2482955,1343229.956,1.0
2025-09-23,5.4,5.4,5.28,5.31,3288737,1751353.965,1.0
2025-09-24,5.29,5.37,5.22,5.31,3307115,1749769.834,1.0
2025-09-25,5.29,5.34,5.27,5.27,1938709,1028223.633,1.0
2025-09-26,5.24,5.28,5.18,5.18,1877656,983389.284,1.0
2025-09-29,5.17,5.57,5.14,5.41,5503015,2952801.775,1.0
2025-09-30,5.38,5.41,5.3,5.31,3028075,1615704.244,1.0
2025-10-09,5.32,5.35,5.25,5.33,2756591,1462327.45,1.0
2025-10-10,5.31,5.39,5.29,5.31,2411099,1289357.216,1.0
2025-10-13,5.15,5.29,5.15,5.27,2050182,1074142.413,1.0
2025-10-14,5.29,5.34,5.21,5.21,2014527,1061650.08,1.0
2025-10-15,5.22,5.26,5.18,5.25,1660424,866312.712,1.0
2025-10-16,5.22,5.24,5.17,5.18,1559147,811390.19,1.0
2025-10-17,5.18,5.22,5.07,5.09,1879849,970631.934,1.0
2025-10-20,5.14,5.16,5.08,5.09,1259736,642889.697,1.0
2025-10-21,5.16,5.6,5.16,5.38,9263801,5017361.251,1.0
2025-10-22,5.25,5.28,5.16,5.17,5439477,2827541.359,1.0
2025-10-23,5.12,5.21,5.11,5.2,2491398,1285292.095,1.0
2025-10-24,5.21,5.25,5.18,5.25,2701957,1409278.993,1.0
2025-10-27,5.3,5.33,5.25,5.28,3029819,1599655.448,1.0
2025-10-28,5.26,5.37,5.25,5.29,2879737,1526997.992,1.0
2025-10-29,5.26,5.37,5.26,5.37,3527544,1879995.266,1.0
2025-10-30,5.35,5.35,5.25,5.25,2536367,1341222.8,1.0
2025-10-31,5.27,5.29,5.24,5.24,1669905,877671.954,1.0
2025-11-03,5.23,5.24,5.18,5.24,1475180,767688.036,1.0
2025-11-04,5.23,5.23,5.18,5.19,1371580,713192.535,1.0
2025-11-05,5.17,5.21,5.15,5.18,1156410,600070.713,1.0
2025-11-06,5.19,5.23,5.18,5.2,1649238,857883.048,1.0
2025-11-07,5.18,5.2,5.14,5.15,1581927,816786.505,1.0
2025-11-10,5.15,5.18,5.12,5.17,1488550,766968.106,1.0
2025-11-11,5.18,5.18,5.12,5.12,1304703,670045.988,1.0
2025-11-12,5.12,5.13,5.05,5.06,1459616,742155.23,1.0
2025-11-13,5.07,5.13,5.06,5.12,1245641,634577.326,1.0
2025-11-14,5.07,5.12,5.07,5.07,1073837,546583.029,1.0
2025-11-17,5.06,5.08,5.04,5.08,1277450,645991.515,1.0
2025-11-18,5.06,5.08,5.04,5.05,1076746,544550.552,1.0
2025-11-19,5.04,5.07,4.98,4.99,1232270,617978.832,1.0
2025-11-20,5.11,5.13,5.0,5.0,1491405,754472.597,1.0
2025-11-21,4.96,4.99,4.8,4.8,1971932,962599.822,1.0
2025-11-24,4.82,4.85,4.76,4.83,1141512,549132.498,1.0
2025-11-25,4.83,4.87,4.82,4.83,1119036,541849.381,1.0
2025-11-26,4.83,4.85,4.81,4.81,822130,397006.566,1.0
2025-11-27,4.81,4.85,4.8,4.81,843179,406837.307,1.0
2025-11-28,4.81,4.84,4.78,4.83,984344,474062.894,1.0
2025-12-01,4.4,4.56,4.4,4.46,6572333,2934670.165,1.0
2025-12-02,4.4,4.44,4.36,4.38,2818528,1239485.668,1.0
2025-12-03,4.4,4.41,4.23,4.24,3211137,1376066.11,1.0
2025-12-04,4.23,4.3,4.16,4.25,2505155,1060918.393,1.0
2025-12-05,4.23,4.38,4.21,4.32,2986763,1283362.738,1.0
2025-12-08,4.38,4.45,4.35,4.38,3423519,1509725.847,1.0
2025-12-09,4.35,4.36,4.29,4.29,1643533,709552.77,1.0
2025-12-10,4.28,4.33,4.25,4.31,1563945,670572.258,1.0
2025-12-11,4.32,4.33,4.22,4.22,1286147,547773.305,1.0
2025-12-12,4.22,4.25,4.21,4.23,1212330,512979.012,1.0
2025-12-15,4.2,4.24,4.15,4.17,1361806,570771.111,1.0
2025-12-16,4.16,4.18,4.09,4.12,1495044,616403.866,1.0
2025-12-17,4.11,4.19,4.05,4.15,1848692,761211.656,1.0
2025-12-18,4.15,4.18,4.11,4.11,1289080,534065.666,1.0
2025-12-19,4.12,4.29,4.11,4.21,2586981,1089070.376,1.0
2025-12-22,4.18,4.24,4.18,4.21,1389102,584987.526,1.0
2025-12-23,4.2,4.21,4.16,4.17,1150133,480981.763,1.0
2025-12-24,4.17,4.24,4.15,4.23,1446423,609066.693,1.0
2025-12-25,4.23,4.25,4.21,4.24,1207456,511439.376,1.0
2025-12-26,4.23,4.31,4.22,4.25,1838856,785703.43,1.0
2025-12-29,4.23,4.26,4.21,4.23,1099108,465315.542,1.0
2025-12-30,4.22,4.25,4.19,4.21,1189408,501340.112,1.0
2025-12-31,4.21,4.22,4.16,4.16,1249182,522727.962,1.0
2026-01-05,4.16,4.21,4.15,4.21,1596863,668680.779,1.0
2026-01-06,4.2,4.43,4.19,4.39,4845641,2106365.346,1.0
2026-01-07,4.4,4.42,4.31,4.32,2748307,1198273.264,1.0
2026-01-08,4.3,4.31,4.25,4.26,1983580,847687.187,1.0
2026-01-09,4.26,4.32,4.25,4.29,2029587,869831.385,1.0
2026-01-12,4.27,4.52,4.27,4.46,4987102,2200282.195,1.0
2026-01-13,4.47,4.51,4.36,4.38,3169435,1403728.274,1.0
2026-01-14,4.36,4.52,4.35,4.4,4202132,1867065.477,1.0
2026-01-15,4.37,4.38,4.27,4.28,2910997,1254396.979,1.0
2026-01-16,4.32,4.33,4.22,4.23,2084462,886560.746,1.0
