date,open,high,low,close,volume,amount,factor
2000-01-04,5.69,5.82,5.68,5.79,3411,4154.79375,1.0
2000-01-05,5.73,5.95,5.69,5.82,7834,9706.055,1.0
2000-01-06,5.81,5.92,5.69,5.91,6940,8601.985,1.0
2000-01-07,5.9,6.1,5.86,5.99,12956,16437.997,1.0
2000-01-10,6.11,6.11,5.86,6.0,9417,11862.483,1.0
2000-01-11,5.99,6.0,5.71,5.73,12286,15083.925,1.0
2000-01-12,5.69,5.87,5.67,5.79,5657,6898.2185,1.0
2000-01-13,5.75,6.01,5.75,5.9,9803,12299.11,1.0
2000-01-14,5.9,6.0,5.77,5.81,4670,5795.495,1.0
2000-01-17,5.81,6.14,5.81,6.1,12638,16108.119,1.0
2000-01-18,6.12,6.33,6.03,6.29,23950,31532.54,1.0
2000-01-19,6.29,6.4,6.18,6.2,18693,25112.21,1.0
2000-01-20,6.21,6.42,6.2,6.38,13609,18313.104,1.0
2000-01-21,6.41,6.46,6.2,6.4,21783,29432.972,1.0
2000-01-24,6.12,6.79,6.12,6.67,26611,37426.82,1.0
2000-01-25,6.77,6.77,6.33,6.38,16196,22609.82,1.0
2000-01-26,6.33,6.44,6.26,6.38,12452,16808.69,1.0
2000-01-27,6.42,6.55,6.3,6.46,13954,19149.084,1.0
2000-01-28,6.42,6.54,5.87,6.31,46356,61405.64,1.0
2000-02-14,6.34,6.89,6.34,6.77,38491,55214.664,1.0
2000-02-15,6.88,7.2,6.56,6.66,23368,34598.564,1.0
2000-02-16,6.66,6.94,6.63,6.8,19669,28436.178,1.0
2000-02-17,6.97,6.99,6.21,6.32,34156,47996.54,1.0
2000-02-18,6.28,6.46,6.24,6.44,15940,21645.478,1.0
2000-02-21,6.44,6.48,6.08,6.38,26708,35884.912,1.0
2000-02-22,6.36,6.49,6.12,6.14,12445,16836.208,1.0
2000-02-23,6.09,6.1,5.91,5.99,12178,15548.771,1.0
2000-02-24,5.99,6.21,5.98,6.14,5130,6595.448,1.0
2000-02-25,6.14,6.71,6.05,6.71,33415,47062.868,1.0
2000-02-28,6.84,7.33,6.84,7.33,44454,68143.368,1.0
2000-02-29,7.42,7.64,7.03,7.4,29948,47355.802,1.0
2000-03-01,7.33,7.64,7.2,7.6,30060,48443.404,1.0
2000-03-02,7.53,7.64,7.42,7.63,19210,31260.068,1.0
2000-03-03,7.64,7.68,7.42,7.47,10587,17144.296,1.0
2000-03-06,7.46,7.47,6.9,6.94,17710,27686.964,1.0
2000-03-07,6.85,7.23,6.73,7.2,15446,23636.794,1.0
2000-03-08,7.2,7.79,7.2,7.63,25958,42514.68,1.0
2000-03-09,7.33,7.72,6.99,7.29,21827,35389.348,1.0
2000-03-10,7.18,7.33,7.01,7.14,16389,25223.192,1.0
2000-03-13,7.15,7.31,7.12,7.19,35481,55163.236,1.0
2000-03-14,6.99,7.32,6.85,7.31,19170,29453.45,1.0
2000-03-15,7.2,7.57,7.2,7.39,9637,15404.142,1.0
2000-03-16,7.38,7.38,7.12,7.13,15735,24469.532,1.0
2000-03-17,6.99,7.46,6.99,7.38,8255,13018.411,1.0
2000-03-20,7.32,7.64,7.22,7.59,7410,12078.213,1.0
2000-03-21,7.59,7.98,7.51,7.78,31422,52555.812,1.0
2000-03-22,7.76,7.9,7.57,7.78,10627,17812.836,1.0
2000-03-23,7.75,8.07,7.68,7.94,13036,22416.67,1.0
2000-03-24,7.94,8.06,7.42,7.77,9334,15931.844,1.0
2000-03-27,7.82,7.93,7.68,7.85,7630,12944.802,1.0
2000-03-28,7.94,8.23,7.81,7.98,10923,18934.932,1.0
2000-03-29,8.07,8.57,7.91,8.57,16546,29808.48,1.0
2000-03-30,8.67,9.07,8.53,8.78,16862,32426.524,1.0
2000-03-31,8.78,8.78,8.37,8.48,21904,40544.164,1.0
2000-04-03,8.42,8.7,8.29,8.35,21500,39524.388,1.0
2000-04-04,8.29,8.55,8.16,8.42,26688,48735.04,1.0
2000-04-05,7.62,8.63,7.62,8.62,16877,30431.368,1.0
2000-04-06,8.59,8.97,8.33,8.79,21190,40712.004,1.0
2000-04-07,8.76,8.76,8.53,8.62,4004,7527.5815,1.0
2000-04-10,8.29,8.37,7.81,7.81,29885,51518.732,1.0
2000-04-11,7.59,7.96,7.58,7.91,13900,23626.47,1.0
2000-04-12,7.94,7.97,7.17,7.61,49304,79769.008,1.0
2000-04-13,6.99,8.02,6.99,7.56,15830,26758.936,1.0
2000-04-14,7.55,7.68,7.44,7.55,10050,16314.452,1.0
2000-04-17,7.51,7.62,7.2,7.26,13712,21785.74,1.0
2000-04-18,7.28,7.64,7.28,7.55,7734,12366.093,1.0
2000-04-19,7.57,7.84,7.57,7.77,8506,14208.405,1.0
2000-04-20,7.81,7.86,7.67,7.74,10179,17138.726,1.0
2000-04-21,7.74,7.81,7.64,7.68,2999,5028.775,1.0
2000-04-24,7.68,7.85,7.51,7.74,11579,19408.63,1.0
2000-04-25,7.81,7.85,7.64,7.73,5854,9784.0,1.0
2000-04-26,7.68,7.77,7.66,7.68,6200,10304.184,1.0
2000-04-27,7.7,8.1,7.64,7.67,36743,62059.652,1.0
2000-04-28,7.59,7.72,7.56,7.58,5996,9841.376,1.0
2000-05-08,7.42,7.55,7.29,7.29,6155,9786.884,1.0
2000-05-09,7.29,7.29,6.96,7.12,5338,8103.3805,1.0
2000-05-10,7.12,7.27,7.0,7.02,4832,7320.165,1.0
2000-05-11,7.02,7.19,6.9,6.94,4027,6016.5175,1.0
2000-05-12,6.94,6.98,6.77,6.8,4084,6071.445,1.0
2000-05-15,6.81,6.81,6.58,6.64,3903,5519.8815,1.0
2000-05-16,6.76,6.77,6.6,6.71,1377,1963.56525,1.0
2000-05-17,6.77,6.77,6.64,6.73,803,1156.416,1.0
2000-05-18,6.73,7.2,6.73,7.16,2613,3847.74275,1.0
2000-05-19,7.05,7.32,6.94,7.16,2359,3605.81675,1.0
2000-05-22,7.07,7.51,6.99,7.5,16224,25758.936,1.0
2000-05-23,7.5,7.57,7.25,7.42,8053,12999.284,1.0
2000-05-24,7.16,7.62,7.16,7.57,9518,15145.432,1.0
2000-05-25,7.59,7.72,7.43,7.54,13431,22038.57,1.0
2000-05-26,7.55,7.64,7.42,7.42,2565,4144.871,1.0
2000-05-29,7.43,7.93,7.43,7.8,11216,18695.706,1.0
2000-05-31,7.79,7.94,7.66,7.85,6496,10975.315,1.0
2000-06-01,7.85,7.92,7.8,7.84,10836,18477.052,1.0
2000-06-02,7.84,7.85,7.72,7.74,11867,20057.998,1.0
2000-06-05,8.28,8.28,7.77,7.78,8599,14901.22,1.0
2000-06-06,7.81,7.9,7.73,7.88,5410,9137.083,1.0
2000-06-07,7.98,8.03,7.81,7.86,6087,10361.857,1.0
2000-06-08,7.86,7.86,7.64,7.68,9288,15501.922,1.0
2000-06-09,7.56,7.97,7.56,7.94,5338,9059.608,1.0
2000-06-12,7.93,7.93,7.71,7.72,1678,2811.54,1.0
2000-06-13,7.85,7.9,7.75,7.87,23350,39743.352,1.0
2000-06-14,7.9,7.9,7.77,7.8,6902,11727.23,1.0
2000-06-15,7.77,7.88,7.68,7.84,8620,14638.773,1.0
2000-06-16,7.85,7.85,7.71,7.71,1820,3065.012,1.0
2000-06-19,7.68,7.68,7.51,7.59,2860,4689.2155,1.0
2000-06-20,7.59,7.59,7.43,7.44,2559,4120.039,1.0
2000-06-21,7.53,7.53,7.43,7.52,1134,1828.0565,1.0
2000-06-22,7.47,7.67,7.47,7.57,536,877.55144,1.0
2000-06-23,7.59,7.77,7.57,7.72,1160,1913.67988,1.0
2000-06-26,7.8,7.8,7.55,7.58,3734,6174.5705,1.0
2000-06-27,7.68,7.68,7.56,7.58,954,1568.2975,1.0
2000-06-28,7.59,7.63,7.48,7.48,2204,3599.103,1.0
2000-06-29,7.48,7.75,7.3,7.75,3888,6292.444,1.0
2000-06-30,7.77,8.02,7.72,7.79,19574,33313.98,1.0
2000-07-03,7.79,7.79,7.33,7.5,1707,2778.725,1.0
2000-07-04,7.44,7.81,7.44,7.56,1897,3148.48575,1.0
2000-07-05,7.56,7.71,7.51,7.71,684,1133.21412,1.0
2000-07-06,7.93,7.93,7.66,7.67,2530,4307.4035,1.0
2000-07-07,7.67,7.68,7.58,7.66,794,1312.6935,1.0
2000-07-10,7.62,7.62,7.42,7.51,1513,2455.404,1.0
2000-07-11,7.5,7.57,7.42,7.46,2143,3464.073,1.0
2000-07-12,7.47,7.71,7.47,7.56,811,1326.3295,1.0
2000-07-13,7.52,7.55,7.45,7.47,1438,2324.611,1.0
2000-07-14,7.48,7.51,7.42,7.49,1617,2595.354,1.0
2000-07-17,7.5,7.64,7.35,7.47,985,1584.45175,1.0
2000-07-18,7.42,7.46,7.38,7.42,1099,1758.49425,1.0
2000-07-19,7.44,7.46,7.33,7.38,1469,2339.74975,1.0
2000-07-20,7.38,7.51,7.33,7.42,2775,4419.586,1.0
2000-07-21,7.55,7.55,7.28,7.36,1590,2514.46,1.0
2000-07-24,7.13,7.35,7.13,7.26,714,1117.044,1.0
2000-07-25,7.25,7.36,7.16,7.26,1335,2073.386,1.0
2000-07-26,7.17,7.36,7.17,7.29,1056,1663.256,1.0
2000-07-27,7.33,7.38,7.29,7.35,821,1296.22888,1.0
2000-07-28,7.35,7.42,7.24,7.3,790,1241.849,1.0
2000-07-31,7.33,7.33,7.16,7.24,1040,1614.496,1.0
2000-08-01,7.24,7.32,7.2,7.28,560,873.24,1.0
2000-08-02,7.28,7.54,7.28,7.45,1641,2637.673,1.0
2000-08-03,7.18,7.34,7.18,7.24,5587,8742.416,1.0
2000-08-04,7.24,7.48,7.24,7.39,3830,6017.6875,1.0
2000-08-07,7.36,7.53,7.32,7.5,2518,4053.58725,1.0
2000-08-08,7.53,7.81,7.48,7.79,5441,9011.751,1.0
2000-08-09,7.79,8.01,7.64,7.8,14381,24270.506,1.0
2000-08-10,8.1,8.1,7.68,7.87,6826,11620.208,1.0
2000-08-11,7.81,7.94,7.71,7.72,7262,12222.334,1.0
2000-08-15,7.72,7.97,7.72,7.92,7693,13121.264,1.0
2000-08-16,7.91,8.0,7.79,7.81,3562,6074.4815,1.0
2000-08-17,7.93,7.93,7.8,7.88,3202,5433.2645,1.0
2000-08-18,7.88,7.89,7.81,7.85,3807,6471.325,1.0
2000-08-21,7.88,7.9,7.75,7.81,7804,13147.119,1.0
2000-08-22,7.85,7.85,7.74,7.74,4137,7005.3445,1.0
2000-08-23,7.72,7.73,7.48,7.71,3742,6213.815,1.0
2000-08-24,7.81,7.92,7.72,7.88,2652,4506.893,1.0
2000-08-25,7.84,8.01,7.84,7.96,3259,5601.814,1.0
2000-08-28,7.97,8.1,7.94,7.98,2655,4595.1965,1.0
2000-08-29,7.92,8.31,7.92,8.28,8006,14191.165,1.0
2000-08-30,8.28,8.48,7.85,8.37,20010,35772.132,1.0
2000-08-31,8.36,8.67,8.16,8.3,11008,20365.298,1.0
2000-09-01,8.29,8.47,8.29,8.38,3165,5784.7795,1.0
2000-09-04,8.48,8.63,8.11,8.11,7527,13515.575,1.0
2000-09-05,8.15,8.53,7.98,8.49,13599,24394.178,1.0
2000-09-06,8.5,9.05,8.5,9.0,15253,29270.904,1.0
2000-09-07,8.89,9.15,8.8,8.93,8369,16436.763,1.0
2000-09-08,8.97,9.01,8.73,8.92,2823,5438.5125,1.0
2000-09-11,8.96,9.05,8.72,8.96,6715,12944.811,1.0
2000-09-12,8.96,9.05,8.74,8.82,3194,6161.8365,1.0
2000-09-13,8.92,8.96,8.76,8.85,3690,7138.8405,1.0
2000-09-14,8.96,8.96,8.81,8.86,2194,4245.6395,1.0
2000-09-15,8.93,8.98,8.72,8.97,21236,40856.38,1.0
2000-09-18,9.02,9.52,8.95,9.5,26739,53010.076,1.0
2000-09-19,9.5,9.67,9.23,9.57,25811,52874.672,1.0
2000-09-20,9.5,9.93,9.31,9.64,11791,25181.544,1.0
2000-09-21,9.64,9.71,9.44,9.51,3122,6524.3225,1.0
2000-09-22,9.59,9.82,9.5,9.74,2873,6082.347,1.0
2000-09-25,9.72,10.01,9.72,9.92,5489,11961.682,1.0
2000-09-26,9.91,10.02,9.43,9.83,9341,20047.308,1.0
2000-09-27,9.77,9.8,9.57,9.77,2281,4830.0895,1.0
2000-09-28,9.59,9.76,9.59,9.59,2067,4379.041,1.0
2000-09-29,9.54,9.72,9.46,9.53,2869,5992.718,1.0
2000-10-09,9.49,9.59,9.18,9.28,19938,40637.992,1.0
2000-10-10,9.22,9.8,9.15,9.74,19130,39969.752,1.0
2000-10-11,9.74,10.0,9.59,9.72,7547,16052.459,1.0
2000-10-12,9.67,10.37,9.61,10.14,12024,25852.17,1.0
2000-10-13,9.98,10.45,9.98,10.29,4514,10229.981,1.0
2000-10-16,10.19,10.58,10.15,10.44,2993,6858.2845,1.0
2000-10-17,10.37,10.5,10.24,10.43,2271,5167.3935,1.0
2000-10-18,10.33,10.95,10.32,10.91,13013,30671.018,1.0
2000-10-19,10.88,10.88,10.68,10.71,1229,2917.195,1.0
2000-10-20,10.74,10.88,10.33,10.41,12477,28559.084,1.0
2000-10-23,10.37,10.88,10.27,10.81,5092,12014.541,1.0
2000-10-24,10.8,10.89,10.65,10.76,3212,7651.4885,1.0
2000-10-25,10.76,10.91,10.58,10.84,2189,5228.5535,1.0
2000-10-26,10.76,10.95,10.71,10.74,1835,4388.5315,1.0
2000-10-27,10.8,10.8,10.54,10.68,1150,2700.027,1.0
2000-10-30,10.68,10.89,10.65,10.73,1680,3995.79275,1.0
2000-10-31,10.84,10.87,10.71,10.84,2076,4954.13,1.0
2000-11-01,10.84,10.84,10.45,10.77,863,2046.1085,1.0
2000-11-02,10.74,10.84,10.67,10.68,1926,4559.182,1.0
2000-11-03,10.58,10.8,10.55,10.77,2278,5372.135,1.0
2000-11-06,10.77,10.88,10.37,10.47,7557,17499.688,1.0
2000-11-07,10.67,10.69,10.32,10.37,14997,34302.688,1.0
2000-11-08,10.45,10.66,10.13,10.41,2556,5777.216,1.0
2000-11-09,10.43,10.45,10.06,10.32,14314,32299.898,1.0
2000-11-10,10.24,10.5,10.07,10.22,1727,3899.132,1.0
2000-11-13,9.32,10.41,9.32,10.29,6526,14263.302,1.0
2000-11-14,10.3,10.36,10.02,10.32,2447,5504.7035,1.0
2000-11-15,10.28,10.45,10.16,10.32,1597,3624.394,1.0
2000-11-16,10.44,10.44,10.17,10.29,2284,5158.118,1.0
2000-11-17,10.28,10.4,10.02,10.21,2472,5575.067,1.0
2000-11-20,10.24,10.36,9.8,9.88,1567,3419.60525,1.0
2000-11-21,10.02,10.11,9.59,9.59,2707,5736.3215,1.0
2000-11-22,9.59,9.97,9.47,9.8,1803,3829.99825,1.0
2000-11-23,9.75,9.85,9.61,9.66,1028,2180.846,1.0
2000-11-24,9.67,9.67,9.38,9.54,2559,5319.9635,1.0
2000-11-28,9.54,9.67,9.44,9.54,1087,2271.024,1.0
2000-11-29,9.62,10.14,9.62,10.1,8933,19631.49,1.0
2000-11-30,10.11,10.24,10.0,10.04,954,2114.97625,1.0
2000-12-01,10.05,10.07,9.63,9.8,1032,2229.5995,1.0
2000-12-04,9.75,9.89,9.67,9.81,723,1544.96612,1.0
2000-12-05,9.82,10.45,9.8,10.28,3721,8347.686,1.0
2000-12-06,10.24,10.28,9.98,10.17,5692,12786.976,1.0
2000-12-07,10.13,10.19,9.76,10.02,683,1502.495,1.0
2000-12-08,9.85,10.06,9.85,10.05,16991,37484.224,1.0
2000-12-11,10.02,10.06,9.9,9.98,5208,11481.348,1.0
2000-12-12,9.93,10.06,9.81,10.01,438,962.296,1.0
2000-12-13,10.06,10.06,9.93,9.93,825,1804.5926200000001,1.0
2000-12-14,10.02,10.31,9.85,10.29,13030,28999.816,1.0
2000-12-15,10.24,10.32,10.03,10.28,7635,17096.296,1.0
2000-12-18,10.28,10.45,10.04,10.17,555,1247.076,1.0
2000-12-19,10.15,10.37,10.04,10.37,927,2076.19575,1.0
2000-12-20,10.43,10.43,10.16,10.19,1746,3907.09825,1.0
2000-12-21,10.19,10.4,10.06,10.25,909,2039.39438,1.0
2000-12-22,10.04,10.26,10.0,10.25,1057,2354.12325,1.0
2000-12-25,10.25,10.25,9.83,10.19,19406,43209.672,1.0
2000-12-26,10.03,10.25,9.98,10.22,20403,45490.032,1.0
2000-12-27,10.11,10.16,9.63,10.08,14333,31821.277,1.0
2000-12-28,10.02,10.02,9.77,9.85,25522,56031.944,1.0
2000-12-29,9.85,10.06,9.59,9.85,3184,6978.8975,1.0
2001-01-03,9.96,10.28,9.87,9.94,715,1574.84462,1.0
2001-01-04,9.94,9.98,9.72,9.75,1475,3190.16875,1.0
2001-01-05,9.77,9.77,9.54,9.64,1017,2144.9275,1.0
2001-01-08,9.42,9.72,9.42,9.55,903,1893.15562,1.0
2001-01-09,9.49,9.58,9.37,9.37,910,1882.72688,1.0
2001-01-10,9.39,9.74,8.94,9.61,1414,2927.2705,1.0
2001-01-11,9.5,9.85,9.2,9.51,2451,5186.931,1.0
2001-01-12,9.44,9.59,9.37,9.5,681,1411.131,1.0
2001-01-15,9.5,9.67,9.24,9.59,9246,19297.566,1.0
2001-01-16,9.45,9.67,9.28,9.63,528,1109.96825,1.0
2001-01-17,9.63,9.67,9.31,9.67,1069,2226.52625,1.0
2001-01-18,9.59,9.7,9.39,9.68,839,1767.8775,1.0
2001-01-19,9.46,9.71,9.46,9.69,2925,6178.1945,1.0
2001-02-05,9.61,9.67,9.46,9.47,231,485.1955,1.0
2001-02-06,9.37,9.56,9.19,9.55,646,1324.4218799999999,1.0
2001-02-07,9.57,9.59,9.34,9.58,868,1812.9485,1.0
2001-02-08,8.72,9.58,8.72,9.5,295,609.52,1.0
2001-02-09,9.48,9.48,9.07,9.4,350,717.87012,1.0
2001-02-12,9.37,9.37,8.94,9.19,452,900.33538,1.0
2001-02-13,9.13,9.15,8.98,9.05,1569,3095.8155,1.0
2001-02-14,9.13,9.59,9.05,9.18,623,1257.69625,1.0
2001-02-15,9.2,9.36,9.07,9.19,521,1048.12544,1.0
2001-02-16,9.19,9.22,9.11,9.19,389,780.608,1.0
2001-02-19,9.19,9.24,9.15,9.24,4040,8133.461,1.0
2001-02-20,9.25,9.25,9.07,9.21,398,800.508,1.0
2001-02-21,9.22,9.24,9.0,9.14,758,1506.192,1.0
2001-02-22,9.15,9.19,9.13,9.15,2695,5392.256,1.0
2001-02-23,9.2,9.2,8.94,9.17,8757,17540.848,1.0
2001-02-26,9.16,9.2,9.14,9.15,378,755.937,1.0
2001-02-27,9.15,9.18,9.1,9.13,4916,9800.027,1.0
2001-02-28,8.94,9.16,8.74,9.1,2757,5491.84,1.0
2001-03-01,9.14,9.15,9.02,9.12,1904,3793.64825,1.0
2001-03-02,9.15,9.15,9.09,9.13,451,899.7721899999999,1.0
2001-03-05,9.15,9.15,8.94,9.07,365,722.994,1.0
2001-03-06,9.07,9.11,8.94,9.09,6172,12236.984,1.0
2001-03-07,9.1,9.24,9.07,9.21,5740,11448.452,1.0
2001-03-08,9.22,9.28,9.11,9.22,254,511.522,1.0
2001-03-09,9.24,9.28,9.18,9.23,6562,13230.383,1.0
2001-03-12,9.28,9.28,9.24,9.25,328,663.641,1.0
2001-03-13,9.28,9.28,9.22,9.25,322,651.1,1.0
2001-03-14,9.54,9.54,9.24,9.44,3864,7833.949,1.0
2001-03-15,9.42,9.67,9.17,9.67,6268,13069.062,1.0
2001-03-16,9.6,9.72,9.54,9.62,10533,22194.286,1.0
2001-03-19,9.2,9.78,9.2,9.61,12111,25527.626,1.0
2001-03-20,9.62,9.72,9.47,9.59,7148,15001.766,1.0
2001-03-21,9.48,9.63,9.45,9.49,720,1493.541,1.0
2001-03-22,9.54,9.8,9.49,9.79,9171,19448.954,1.0
2001-03-23,9.79,10.06,9.6,9.94,5928,12976.997,1.0
2001-03-26,9.96,10.01,9.59,9.96,7839,17143.026,1.0
2001-03-27,9.96,9.96,9.7,9.89,220,476.56331,1.0
2001-03-28,9.89,9.89,9.74,9.8,450,968.6585,1.0
2001-03-29,9.8,9.8,9.5,9.5,668,1405.2246200000002,1.0
2001-03-30,9.48,9.88,9.47,9.6,247,517.12391,1.0
2001-04-02,9.59,9.59,9.32,9.44,475,985.29638,1.0
2001-04-03,9.44,9.54,9.39,9.52,104,217.52454999999998,1.0
2001-04-04,9.54,10.01,9.41,9.46,580,1218.74625,1.0
2001-04-05,9.46,9.58,9.33,9.46,737,1522.924,1.0
2001-04-06,9.57,9.59,9.37,9.38,421,867.888,1.0
2001-04-09,9.41,9.46,9.28,9.31,1199,2456.00825,1.0
2001-04-10,9.21,9.37,9.11,9.2,753,1519.25675,1.0
2001-04-11,9.24,9.24,8.98,9.07,1436,2838.3755,1.0
2001-04-12,9.07,9.14,8.94,9.05,1396,2755.3925,1.0
2001-04-13,9.13,9.39,9.07,9.15,984,1975.244,1.0
2001-04-16,9.16,9.24,8.96,9.03,931,1845.911,1.0
2001-04-17,9.03,9.21,9.01,9.15,882,1756.768,1.0
2001-04-18,9.21,9.21,9.11,9.15,593,1187.37,1.0
2001-04-19,9.15,9.15,8.89,8.98,1049,2051.987,1.0
2001-04-20,8.94,9.13,8.94,9.05,228,449.96119,1.0
2001-04-23,9.08,9.17,8.76,8.9,829,1627.4113799999998,1.0
2001-04-24,8.92,9.02,8.79,8.97,483,939.33775,1.0
2001-04-25,8.85,8.98,8.85,8.94,2113,4128.33825,1.0
2001-04-26,8.94,9.02,8.94,8.94,4386,8566.703,1.0
2001-04-27,9.14,9.14,8.1,8.96,4583,8913.72,1.0
2001-04-30,8.93,8.98,8.77,8.93,1217,2375.55775,1.0
2001-05-09,9.07,9.07,8.93,8.97,448,875.247,1.0
2001-05-10,8.97,8.97,8.55,8.86,1088,2080.3515,1.0
2001-05-11,8.83,8.85,8.73,8.76,553,1059.7353799999999,1.0
2001-05-14,8.72,8.76,8.61,8.66,1178,2225.7955,1.0
2001-05-15,8.61,8.68,8.57,8.6,870,1630.277,1.0
2001-05-16,8.6,9.15,8.56,9.12,1537,2939.4885,1.0
2001-05-17,9.09,9.57,8.98,9.28,3930,7999.819,1.0
2001-05-18,9.15,9.24,9.07,9.11,1120,2242.6715,1.0
2001-05-21,9.15,9.23,8.98,9.15,1550,3098.21225,1.0
2001-05-22,9.16,9.51,9.07,9.33,3824,7797.3255,1.0
2001-05-23,9.2,9.54,9.2,9.35,13216,27096.618,1.0
2001-05-24,9.36,9.49,9.22,9.32,2029,4127.81975,1.0
2001-05-25,9.23,9.33,9.07,9.12,1082,2175.782,1.0
2001-05-28,8.99,9.32,8.98,9.06,2969,5861.6335,1.0
2001-05-29,9.07,9.08,8.94,8.98,2307,4535.6405,1.0
2001-05-30,8.98,9.07,8.94,9.05,2206,4337.853,1.0
2001-05-31,8.94,9.14,8.94,9.11,10579,20908.55,1.0
2001-06-01,9.15,9.15,9.02,9.07,1567,3123.4635,1.0
2001-06-04,9.15,9.31,9.11,9.16,5029,10092.961,1.0
2001-06-05,9.19,9.19,9.09,9.15,967,1934.431,1.0
2001-06-06,8.94,9.15,8.94,8.98,1392,2730.928,1.0
2001-06-07,8.96,8.96,8.77,8.85,903,1742.528,1.0
2001-06-08,8.82,8.94,8.76,8.89,450,868.37,1.0
2001-06-11,8.9,9.1,8.78,8.93,5962,11691.141,1.0
2001-06-12,8.86,9.1,8.83,8.92,5470,10668.352,1.0
2001-06-13,8.92,8.92,8.72,8.81,2849,5460.465,1.0
2001-06-14,8.82,8.84,8.73,8.83,9346,17908.918,1.0
2001-06-15,8.79,8.89,8.79,8.87,2960,5713.612,1.0
2001-06-18,8.64,8.87,8.64,8.66,467,886.306,1.0
2001-06-19,8.58,8.72,8.29,8.63,770,1427.456,1.0
2001-06-20,8.59,8.59,8.44,8.48,333,617.413,1.0
2001-06-21,8.5,8.63,8.46,8.58,4168,7776.8565,1.0
2001-06-22,8.58,8.64,8.47,8.63,3664,6865.498,1.0
2001-06-25,8.59,8.67,8.55,8.66,3356,6312.51,1.0
2001-06-26,8.64,8.75,8.61,8.72,5910,11208.28,1.0
2001-06-27,8.72,8.88,8.72,8.75,5937,11352.796,1.0
2001-06-28,8.75,8.79,8.53,8.7,1156,2198.33475,1.0
2001-06-29,8.68,9.02,8.64,8.84,775,1492.613,1.0
2001-07-02,8.94,9.13,8.84,9.02,928,1827.255,1.0
2001-07-03,8.98,9.15,8.94,9.12,1379,2743.935,1.0
2001-07-04,9.07,9.26,9.07,9.15,1098,2203.831,1.0
2001-07-05,9.15,9.22,8.97,9.11,936,1862.40825,1.0
2001-07-06,8.94,9.2,8.94,9.1,859,1710.4256200000002,1.0
2001-07-09,9.1,9.15,9.0,9.08,627,1243.4695,1.0
2001-07-10,9.12,9.12,8.97,9.05,6249,12373.818,1.0
2001-07-11,9.05,9.05,8.94,9.03,5023,9902.618,1.0
2001-07-12,9.02,9.04,8.86,9.0,4767,9360.745,1.0
2001-07-13,8.98,9.07,8.9,8.95,107,209.751,1.0
2001-07-16,8.94,9.07,8.72,8.79,327,634.011,1.0
2001-07-17,8.72,8.94,8.68,8.76,228,435.63,1.0
2001-07-18,8.68,8.98,8.54,8.95,521,992.0553100000001,1.0
2001-07-19,8.67,9.2,8.67,9.11,4745,9488.289,1.0
2001-07-20,9.05,9.14,8.94,9.08,1410,2788.17675,1.0
2001-07-23,8.96,9.07,8.86,9.06,178,350.19253000000003,1.0
2001-07-24,8.85,9.06,8.85,8.9,201,392.964,1.0
2001-07-25,8.85,9.02,8.81,8.94,253,491.08731,1.0
2001-07-26,9.02,9.02,8.87,8.93,5786,11291.257,1.0
2001-07-27,8.85,8.97,8.76,8.78,417,810.5683100000001,1.0
2001-07-30,8.81,8.81,8.29,8.3,508,941.426,1.0
2001-07-31,8.3,8.5,8.16,8.29,332,600.51088,1.0
2001-08-01,8.32,8.44,8.29,8.39,428,778.154,1.0
2001-08-02,8.4,8.4,8.2,8.27,239,430.862,1.0
2001-08-03,8.32,8.5,8.07,8.44,518,931.46,1.0
2001-08-06,8.29,8.29,8.07,8.11,289,511.261,1.0
2001-08-07,8.29,8.5,8.11,8.47,442,800.954,1.0
2001-08-08,8.31,8.58,8.21,8.42,91,165.1712,1.0
2001-08-09,8.32,8.46,8.32,8.46,308,565.2965,1.0
2001-08-10,8.33,8.46,8.3,8.44,329,600.66156,1.0
2001-08-13,8.46,8.55,8.45,8.46,156,289.87503000000004,1.0
2001-08-14,8.48,8.55,8.42,8.5,216,399.38,1.0
2001-08-15,8.36,8.57,8.36,8.51,777,1440.0015,1.0
2001-08-16,8.45,8.57,8.44,8.53,1119,2074.84562,1.0
2001-08-17,8.33,8.55,8.33,8.49,576,1064.115,1.0
2001-08-20,8.31,8.47,8.29,8.47,164,299.53159000000005,1.0
2001-08-21,8.31,8.5,8.31,8.45,175,323.35959,1.0
2001-08-22,8.37,8.44,8.3,8.36,181,329.53722,1.0
2001-08-23,8.2,8.29,8.16,8.21,257,458.48003000000006,1.0
2001-08-24,8.26,8.4,8.11,8.24,293,519.76959,1.0
2001-08-27,8.11,8.24,7.69,8.21,620,1094.8043799999998,1.0
2001-08-28,8.2,8.24,8.19,8.22,8969,16000.676,1.0
2001-08-29,8.11,8.24,8.11,8.23,4942,8828.952,1.0
2001-08-30,8.12,8.38,7.96,8.22,3997,7140.15,1.0
2001-08-31,8.22,8.24,8.2,8.21,4634,8272.429,1.0
2001-09-03,8.29,8.29,8.2,8.23,1014,1812.2266200000001,1.0
2001-09-04,8.23,8.23,8.17,8.22,781,1392.689,1.0
2001-09-05,8.37,8.37,8.2,8.23,592,1056.974,1.0
2001-09-06,8.22,8.32,8.22,8.32,1717,3095.5395,1.0
2001-09-07,8.24,8.27,8.09,8.16,376,673.4565,1.0
2001-09-10,7.85,8.24,7.85,8.23,5133,9157.811,1.0
2001-09-11,8.23,8.23,7.93,8.09,2832,5013.421,1.0
2001-09-12,7.85,8.09,7.85,7.94,1175,2017.245,1.0
2001-09-13,7.9,8.06,7.65,7.85,2334,4023.24,1.0
2001-09-14,7.85,7.96,7.53,7.95,1051,1757.173,1.0
2001-09-17,7.85,8.07,7.64,8.01,523,891.97569,1.0
2001-09-18,7.81,8.01,7.81,7.98,668,1158.32762,1.0
2001-09-19,7.86,8.05,7.84,7.96,829,1432.2815,1.0
2001-09-20,7.85,8.02,7.77,7.94,3123,5389.397,1.0
2001-09-21,7.85,7.93,7.65,7.85,1202,2060.82975,1.0
2001-09-24,7.81,7.9,7.64,7.85,1108,1883.11725,1.0
2001-09-25,7.77,7.84,7.56,7.68,8567,14323.204,1.0
2001-09-26,7.71,7.84,7.53,7.71,4390,7317.9165,1.0
2001-09-27,7.68,7.71,7.55,7.65,3755,6241.0185,1.0
2001-09-28,7.64,7.83,7.01,7.67,1502,2489.31975,1.0
2001-10-08,7.63,7.81,7.46,7.67,156,257.93198,1.0
2001-10-09,7.63,7.66,7.51,7.51,3429,5671.3725,1.0
2001-10-10,7.42,7.78,7.03,7.5,176,287.91216,1.0
2001-10-11,7.51,7.71,7.25,7.43,537,859.3649399999999,1.0
2001-10-12,7.5,7.59,7.16,7.39,327,521.02953,1.0
2001-10-15,7.4,7.44,7.01,7.27,1235,1915.07088,1.0
2001-10-16,7.2,7.32,6.94,7.24,10718,16565.585,1.0
2001-10-17,7.16,7.16,6.85,7.0,13862,20679.928,1.0
2001-10-18,6.68,7.2,6.57,6.98,13058,19436.902,1.0
2001-10-19,6.76,6.76,6.34,6.6,13885,19417.066,1.0
2001-10-22,6.12,6.75,6.12,6.63,4741,6663.1045,1.0
2001-10-23,6.67,7.24,6.67,7.24,4838,7458.563,1.0
2001-10-24,7.47,7.76,7.25,7.68,8557,13884.378,1.0
2001-10-25,7.64,7.64,7.22,7.32,2357,3777.91,1.0
2001-10-26,7.31,7.31,6.69,6.86,1048,1544.602,1.0
2001-10-29,6.86,6.98,6.65,6.85,1733,2540.02325,1.0
2001-10-30,6.86,6.93,6.51,6.58,4615,6612.852,1.0
2001-10-31,6.58,6.68,6.38,6.55,901,1252.66925,1.0
2001-11-01,6.55,6.57,6.39,6.52,3235,4464.52,1.0
2001-11-02,6.52,6.52,6.37,6.42,1197,1631.265,1.0
2001-11-06,6.37,6.51,6.28,6.38,3732,5073.45,1.0
2001-11-07,6.34,6.4,6.28,6.3,2143,2882.272,1.0
2001-11-08,6.3,6.3,6.2,6.21,719,953.43738,1.0
2001-11-09,6.21,6.21,6.15,6.15,530,695.51325,1.0
2001-11-12,6.15,6.33,6.15,6.23,674,894.60912,1.0
2001-11-13,6.25,6.27,6.25,6.25,681,908.62969,1.0
2001-11-14,6.25,6.43,6.25,6.31,317,429.05438,1.0
2001-11-15,6.34,6.49,6.31,6.38,1895,2565.07575,1.0
2001-11-16,6.51,6.78,6.41,6.57,2148,2992.30725,1.0
2001-11-19,6.55,6.66,6.41,6.58,2148,2992.307,1.0
2001-11-20,6.6,6.64,6.46,6.61,614,855.685,1.0
2001-11-21,6.56,6.67,6.56,6.67,6430,9123.461,1.0
2001-11-22,6.67,6.86,6.67,6.8,12940,18573.12,1.0
2001-11-23,6.68,6.81,6.68,6.8,4865,7085.6105,1.0
2001-11-26,6.26,6.92,6.26,6.73,172,249.02732999999998,1.0
2001-11-27,6.73,6.85,6.73,6.8,175,254.65342,1.0
2001-11-28,6.8,6.89,6.34,6.79,801,1165.9045,1.0
2001-11-29,6.79,6.79,6.64,6.79,282,409.17131,1.0
2001-11-30,6.79,6.85,6.62,6.63,374,538.779,1.0
2001-12-03,6.67,6.67,6.55,6.63,754,1063.981,1.0
2001-12-04,6.58,6.73,6.56,6.66,8905,12656.414,1.0
2001-12-05,6.57,6.72,6.57,6.72,4070,5812.2405,1.0
2001-12-06,6.7,6.71,6.59,6.66,3962,5648.2175,1.0
2001-12-07,6.64,6.66,6.47,6.49,361,504.769,1.0
2001-12-10,6.4,6.4,6.25,6.33,588,787.9443100000001,1.0
2001-12-11,6.25,6.31,6.17,6.23,739,981.75312,1.0
2001-12-12,6.14,6.33,6.06,6.3,5030,6691.362,1.0
2001-12-13,6.32,6.33,6.25,6.31,6094,8171.7445,1.0
2001-12-14,6.31,6.32,6.28,6.31,5490,7365.916,1.0
2001-12-17,6.31,6.36,6.16,6.16,333,438.723,1.0
2001-12-18,6.16,6.16,5.67,5.88,8146,9860.733,1.0
2001-12-19,5.7,5.95,5.53,5.73,36437,43816.944,1.0
2001-12-20,5.65,5.65,5.42,5.43,26383,30499.89,1.0
2001-12-21,5.43,5.81,5.37,5.77,24600,28850.168,1.0
2001-12-24,5.76,6.0,5.56,5.96,4831,5994.5675,1.0
2001-12-25,5.96,6.16,5.74,6.14,4576,5923.2405,1.0
2001-12-26,6.12,6.38,5.92,5.98,5659,7421.764,1.0
2001-12-27,5.88,6.15,5.75,5.98,12117,15343.055,1.0
2001-12-28,5.98,5.98,5.43,5.87,22242,26470.744,1.0
2001-12-31,5.7,6.03,5.69,5.97,24120,30446.538,1.0
2002-01-04,5.77,5.96,5.74,5.87,203,247.52,1.0
2002-01-07,5.84,5.85,5.62,5.82,200,241.74102,1.0
2002-01-08,5.81,5.81,5.56,5.76,161,193.55638000000002,1.0
2002-01-09,5.76,5.84,5.73,5.77,26947,32984.75,1.0
2002-01-10,5.77,5.79,5.56,5.76,19745,23569.93,1.0
2002-01-11,5.76,5.76,5.58,5.65,5739,6867.5575,1.0
2002-01-14,5.68,5.69,5.52,5.59,481,568.8089399999999,1.0
2002-01-15,5.68,5.68,5.53,5.59,169,200.29666,1.0
2002-01-16,5.66,5.66,5.38,5.59,367,427.95266,1.0
2002-01-17,5.58,5.58,5.38,5.51,361,415.97259,1.0
2002-01-18,5.51,5.51,5.25,5.47,450,508.2215,1.0
2002-01-21,5.26,5.37,4.99,5.19,20444,22263.636,1.0
2002-01-22,5.14,5.14,4.72,5.02,2328,2380.7385,1.0
2002-01-23,5.01,5.43,4.78,5.42,3201,3313.1185,1.0
2002-01-24,5.2,5.38,4.99,5.21,1287,1400.52325,1.0
2002-01-25,5.17,5.17,4.95,5.02,10623,11165.324,1.0
2002-01-28,4.95,4.98,4.6,4.79,923,915.48,1.0
2002-01-29,4.73,4.88,4.6,4.79,144,141.668,1.0
2002-01-30,4.8,4.84,4.55,4.75,145,142.796,1.0
2002-01-31,4.75,5.17,4.6,5.15,6919,7060.881,1.0
2002-02-01,4.95,5.25,4.9,5.16,4065,4305.506,1.0
2002-02-04,5.06,5.23,4.97,5.15,1555,1661.356,1.0
2002-02-05,5.07,5.3,5.07,5.23,2036,2200.9375,1.0
2002-02-06,5.24,5.42,5.12,5.17,1548,1714.871,1.0
2002-02-07,5.23,5.47,5.08,5.4,8647,9650.409,1.0
2002-02-08,5.51,5.51,5.28,5.34,2217,2488.4055,1.0
2002-02-25,5.34,5.53,5.34,5.35,519,584.085,1.0
2002-02-26,5.21,5.4,5.21,5.39,277,310.25672,1.0
2002-02-27,5.33,5.43,5.33,5.34,487,546.9,1.0
2002-02-28,5.35,5.47,5.32,5.32,954,1077.1715,1.0
2002-03-01,5.25,5.34,4.99,5.04,1561,1668.0223799999999,1.0
2002-03-04,4.91,5.24,4.73,5.23,12686,13243.942,1.0
2002-03-05,5.12,5.3,5.04,5.26,9856,10663.152,1.0
2002-03-06,5.19,5.49,5.17,5.37,12218,13712.113,1.0
2002-03-07,5.37,5.43,5.3,5.4,9294,10445.94,1.0
2002-03-08,5.46,5.69,5.32,5.65,19995,22694.092,1.0
2002-03-11,5.57,5.75,5.5,5.69,20106,23760.07,1.0
2002-03-12,5.69,5.9,5.64,5.76,9830,12037.591,1.0
2002-03-13,5.76,5.78,5.64,5.64,7133,8575.857,1.0
2002-03-14,5.63,5.82,5.59,5.81,7063,8444.843,1.0
2002-03-15,5.82,6.19,5.82,6.12,19867,25637.684,1.0
2002-03-19,6.08,6.29,5.94,6.14,11985,15717.136,1.0
2002-03-20,6.2,6.2,6.05,6.12,5470,7090.9825,1.0
2002-03-21,6.16,6.18,6.03,6.16,8775,11398.058,1.0
2002-03-22,5.9,6.12,5.9,6.03,3492,4480.5365,1.0
2002-03-25,6.03,6.08,5.8,5.89,4970,6242.723,1.0
2002-03-26,5.85,6.03,5.76,6.03,43400,54870.724,1.0
2002-03-27,6.02,6.03,5.81,5.92,35016,43431.796,1.0
2002-03-28,5.82,5.99,5.81,5.82,53854,66717.98,1.0
2002-03-29,5.9,5.9,5.52,5.6,7644,9306.675,1.0
2002-04-01,5.6,5.73,5.47,5.59,1433,1685.8068799999999,1.0
2002-04-02,5.59,5.59,5.4,5.49,2121,2454.70075,1.0
2002-04-03,5.41,5.5,5.25,5.27,3670,4108.435,1.0
2002-04-04,5.25,5.33,5.04,5.24,15406,16656.643,1.0
2002-04-05,5.26,5.41,5.26,5.36,11693,13061.476,1.0
2002-04-08,5.36,5.41,5.13,5.24,10400,11464.52,1.0
2002-04-09,5.17,5.38,5.17,5.34,4854,5382.797,1.0
2002-04-11,5.57,5.83,5.47,5.83,8545,10199.636,1.0
2002-04-12,6.03,6.36,5.92,6.08,37426,48580.94,1.0
2002-04-15,6.03,6.12,5.92,6.06,6656,8529.007,1.0
2002-04-17,5.99,6.03,5.78,5.78,15056,18558.796,1.0
2002-04-18,5.73,5.82,5.52,5.52,13770,16147.659,1.0
2002-04-22,5.53,5.76,5.47,5.7,18848,22615.414,1.0
2002-04-23,5.7,5.79,5.55,5.69,14220,17166.852,1.0
2002-04-24,5.64,5.66,5.54,5.55,2536,2983.064,1.0
2002-04-25,5.55,5.59,5.42,5.5,7189,8336.0555,1.0
2002-04-26,5.43,5.62,5.43,5.55,2235,2620.8155,1.0
2002-04-29,5.6,5.64,5.55,5.59,5567,6560.4355,1.0
2002-04-30,5.63,5.85,5.63,5.66,15484,18836.134,1.0
2002-05-08,5.66,5.75,5.58,5.6,3822,4552.33,1.0
2002-05-09,5.56,5.66,5.56,5.65,2207,2613.837,1.0
2002-05-10,5.85,5.85,5.65,5.77,10637,12944.085,1.0
2002-05-13,5.77,6.01,5.73,5.86,13688,16981.732,1.0
2002-05-14,5.97,5.99,5.82,5.92,10635,13268.306,1.0
2002-05-15,5.93,5.96,5.82,5.84,8488,10621.678,1.0
2002-05-16,5.85,5.92,5.73,5.85,10863,13464.361,1.0
2002-05-17,5.85,6.0,5.77,5.99,8745,10873.853,1.0
2002-05-20,6.11,6.11,5.77,6.02,12014,15044.533,1.0
2002-05-21,6.01,6.16,5.95,6.08,22408,28645.71,1.0
2002-05-22,6.08,6.08,5.8,5.96,10339,12974.953,1.0
2002-05-24,5.89,6.03,5.82,5.99,14333,18164.966,1.0
2002-05-27,5.95,6.08,5.91,6.04,8933,11417.967,1.0
2002-05-28,6.1,6.11,5.92,5.92,7631,9781.495,1.0
2002-05-29,6.02,6.05,5.91,5.96,11429,14542.774,1.0
2002-05-30,5.97,6.01,5.88,5.97,4215,5311.681,1.0
2002-05-31,5.95,5.96,5.84,5.89,8414,10520.833,1.0
2002-06-03,5.89,5.89,5.65,5.74,4584,5596.654,1.0
2002-06-04,5.72,5.74,5.52,5.53,3352,3952.2885,1.0
2002-06-05,5.47,5.49,5.28,5.28,4483,5047.965,1.0
2002-06-06,5.12,5.42,5.12,5.34,13469,14990.29,1.0
2002-06-07,5.34,5.37,5.14,5.24,15145,16651.229,1.0
2002-06-10,5.23,5.4,5.17,5.39,7136,7982.3055,1.0
2002-06-11,5.36,5.45,5.33,5.38,4529,5111.998,1.0
2002-06-12,5.39,5.39,5.25,5.29,2548,2834.95125,1.0
2002-06-13,5.29,5.29,5.18,5.18,3185,3480.59275,1.0
2002-06-14,5.17,5.24,5.14,5.23,1875,2043.2021200000001,1.0
2002-06-17,5.21,5.27,5.12,5.2,1104,1196.965,1.0
2002-06-18,5.25,5.33,5.2,5.28,3155,3479.96925,1.0
2002-06-19,5.28,5.28,5.19,5.21,786,858.853,1.0
2002-06-20,5.13,5.26,5.12,5.19,4994,5408.1245,1.0
2002-06-21,5.17,5.34,5.14,5.27,10632,11697.385,1.0
2002-06-24,5.51,5.51,5.37,5.47,54956,63240.28,1.0
2002-06-25,5.47,5.47,5.22,5.22,24912,27636.982,1.0
2002-06-26,5.11,5.12,4.98,4.98,5223,5456.2995,1.0
2002-06-27,4.77,5.17,4.77,5.09,18667,19310.648,1.0
2002-06-28,5.06,5.11,4.86,5.09,17441,18076.418,1.0
2002-07-02,4.91,5.1,4.91,4.94,8545,8929.101,1.0
2002-07-03,4.94,4.99,4.86,4.9,8706,8911.267,1.0
2002-07-04,4.91,4.94,4.8,4.81,8265,8309.7705,1.0
2002-07-05,4.82,4.93,4.82,4.86,4069,4129.9105,1.0
2002-07-08,4.87,4.98,4.86,4.96,6718,6890.1965,1.0
2002-07-09,4.97,4.98,4.91,4.93,2945,3029.2915,1.0
2002-07-10,4.93,5.01,4.91,4.99,10089,10396.95,1.0
2002-07-11,5.0,5.06,4.97,5.04,14727,15334.411,1.0
2002-07-12,5.03,5.03,4.95,4.98,4863,5046.7495,1.0
2002-07-15,4.94,5.02,4.86,4.97,16181,16728.006,1.0
2002-07-16,4.97,5.07,4.94,5.03,14465,15134.928,1.0
2002-07-17,4.98,5.07,4.97,4.98,5391,5617.512,1.0
2002-07-18,4.98,5.08,4.96,5.03,9368,9832.59,1.0
2002-07-19,5.06,5.07,5.01,5.04,7705,8086.6115,1.0
2002-07-22,5.04,5.04,4.93,5.03,5329,5540.2235,1.0
2002-07-23,4.91,5.04,4.91,4.98,3237,3353.804,1.0
2002-07-24,4.96,5.05,4.94,5.04,4556,4759.5525,1.0
2002-07-25,5.04,5.08,5.01,5.03,10002,10506.846,1.0
2002-07-26,5.01,5.2,5.01,5.17,20962,22485.28,1.0
2002-07-29,5.14,5.24,5.01,5.13,31460,33376.698,1.0
2002-07-30,5.1,5.11,5.03,5.06,6884,7268.6895,1.0
2002-07-31,5.17,5.17,5.06,5.1,8649,9225.698,1.0
2002-08-02,5.12,5.2,5.08,5.19,10375,11139.25,1.0
2002-08-05,5.18,5.18,5.11,5.14,5827,6244.8445,1.0
2002-08-06,5.12,5.24,5.05,5.16,15011,16149.893,1.0
2002-08-07,5.13,5.23,5.06,5.13,8267,8890.641,1.0
2002-08-08,5.13,5.13,5.04,5.04,6734,7136.496,1.0
2002-08-09,5.21,5.21,5.05,5.12,13333,14284.011,1.0
2002-08-12,5.06,5.1,4.95,5.03,7276,7605.853,1.0
2002-08-13,5.01,5.04,4.96,5.03,2773,2891.6855,1.0
2002-08-14,5.06,5.12,5.06,5.08,3476,3685.3605,1.0
2002-08-15,5.11,5.15,5.04,5.09,6847,7286.8935,1.0
2002-08-16,5.08,5.11,5.0,5.05,6060,6353.152,1.0
2002-08-19,5.04,5.06,5.01,5.04,1752,1839.082,1.0
2002-08-20,5.05,5.11,5.01,5.09,6026,6380.8625,1.0
2002-08-21,5.04,5.14,5.01,5.08,4806,5102.405,1.0
2002-08-22,5.11,5.11,5.01,5.07,18098,18936.052,1.0
2002-08-23,5.07,5.07,4.94,4.95,11148,11524.836,1.0
2002-08-26,4.95,4.97,4.81,4.96,11546,11709.698,1.0
2002-08-27,4.94,5.0,4.91,4.94,4351,4482.438,1.0
2002-08-28,4.94,4.98,4.85,4.95,6538,6697.7725,1.0
2002-08-29,4.95,5.01,4.85,4.92,18310,18625.754,1.0
2002-08-30,4.9,4.94,4.88,4.93,2672,2735.47025,1.0
2002-09-02,4.9,4.95,4.9,4.94,3703,3801.72575,1.0
2002-09-03,5.01,5.06,4.9,4.91,11508,11899.645,1.0
2002-09-04,4.88,4.94,4.85,4.92,4471,4542.06,1.0
2002-09-05,4.91,4.98,4.86,4.94,5632,5791.5745,1.0
2002-09-06,4.94,4.94,4.82,4.88,10618,10720.639,1.0
2002-09-09,4.86,4.89,4.78,4.88,3810,3844.8075,1.0
2002-09-10,4.86,4.91,4.8,4.88,3291,3316.81625,1.0
2002-09-11,4.88,4.89,4.82,4.88,2141,2162.55475,1.0
2002-09-12,4.88,4.9,4.81,4.88,16703,16769.292,1.0
2002-09-13,4.85,4.87,4.8,4.81,4045,4054.5585,1.0
2002-09-16,4.84,4.84,4.59,4.65,11842,11376.141,1.0
2002-09-17,4.77,4.77,4.45,4.46,14374,13762.311,1.0
2002-09-18,4.43,4.47,4.28,4.33,10990,9808.183,1.0
2002-09-19,4.3,4.43,4.28,4.41,5694,5105.085,1.0
2002-09-20,4.38,4.46,4.38,4.43,10120,9221.506,1.0
2002-09-23,4.41,4.52,4.39,4.49,3418,3125.4485,1.0
2002-09-24,4.48,4.53,4.33,4.42,10019,9130.659,1.0
2002-09-25,4.42,4.44,4.33,4.43,6050,5479.425,1.0
2002-09-26,4.39,4.45,4.34,4.43,2401,2166.60075,1.0
2002-09-27,4.39,4.45,4.36,4.4,1599,1447.903,1.0
2002-10-08,4.42,4.44,4.4,4.4,1599,1450.59,1.0
2002-10-09,4.41,4.42,4.36,4.42,3629,3276.096,1.0
2002-10-10,4.41,4.45,4.38,4.39,866,785.34706,1.0
2002-10-11,4.37,4.43,4.37,4.39,1331,1201.267,1.0
2002-10-14,4.39,4.42,4.32,4.37,1473,1322.0965,1.0
2002-10-15,4.39,4.51,4.39,4.45,3837,3511.522,1.0
2002-10-16,4.45,4.49,4.39,4.44,2323,2106.7935,1.0
2002-10-17,4.42,4.46,4.28,4.39,4054,3637.15625,1.0
2002-10-18,4.38,4.44,4.3,4.37,3196,2861.4515,1.0
2002-10-21,4.33,4.41,4.32,4.35,845,756.22406,1.0
2002-10-22,4.35,4.38,4.3,4.34,3217,2848.91325,1.0
2002-10-23,4.36,4.41,4.34,4.38,3974,3554.368,1.0
2002-10-24,4.41,4.41,4.29,4.36,2602,2318.703,1.0
2002-10-25,4.32,4.36,4.17,4.25,3162,2748.977,1.0
2002-10-28,4.19,4.21,4.06,4.06,3378,2805.3345,1.0
2002-10-29,4.02,4.04,3.92,3.99,21662,17440.096,1.0
2002-10-30,3.97,4.03,3.91,3.95,7062,5687.2615,1.0
2002-10-31,3.97,4.13,3.97,4.13,29988,25165.042,1.0
2002-11-01,4.1,4.11,3.94,3.98,17540,14273.793,1.0
2002-11-04,3.97,4.0,3.8,3.83,14256,11041.303,1.0
2002-11-05,3.85,3.88,3.75,3.81,64281,48793.552,1.0
2002-11-06,3.8,3.8,3.69,3.75,32023,24089.884,1.0
2002-11-07,3.72,3.8,3.72,3.75,56145,42375.524,1.0
2002-11-08,3.75,3.78,3.58,3.58,40649,29628.928,1.0
2002-11-11,3.49,3.51,3.43,3.43,43375,29580.258,1.0
2002-11-12,3.37,3.56,3.36,3.44,51033,35184.252,1.0
2002-11-13,3.39,3.48,3.29,3.42,39788,26571.146,1.0
2002-11-14,3.41,3.51,3.34,3.38,23411,15945.907,1.0
2002-11-15,3.35,3.41,3.24,3.24,24938,16255.942,1.0
2002-11-18,3.17,3.23,3.1,3.1,26610,16188.912,1.0
2002-11-19,3.09,3.15,2.99,3.11,33585,19923.432,1.0
2002-11-20,3.09,3.09,2.98,2.98,12640,7327.084,1.0
2002-11-21,2.86,2.89,2.86,2.86,27862,15264.03,1.0
2002-11-22,2.76,2.82,2.74,2.74,51072,26669.808,1.0
2002-11-25,2.66,2.82,2.63,2.7,38519,19878.402,1.0
2002-11-26,2.68,2.76,2.59,2.59,27248,13647.501,1.0
2002-11-27,2.49,2.56,2.49,2.52,35239,16400.706,1.0
2002-11-28,2.54,2.63,2.54,2.63,19372,9512.218,1.0
2002-11-29,2.73,2.73,2.73,2.73,14362,7454.236,1.0
2002-12-02,2.83,2.85,2.75,2.85,84070,45380.776,1.0
2002-12-03,2.86,2.96,2.79,2.96,48984,27131.298,1.0
2002-12-04,3.05,3.09,2.98,3.0,94342,56026.404,1.0
2002-12-05,2.87,2.95,2.87,2.87,29722,16504.515,1.0
2002-12-06,2.78,2.93,2.75,2.83,60233,32459.67,1.0
2002-12-09,2.82,2.87,2.72,2.73,40899,21691.656,1.0
2002-12-11,2.61,2.69,2.61,2.68,44252,21934.57,1.0
2002-12-12,2.67,2.79,2.66,2.79,57167,29530.792,1.0
2002-12-13,2.78,2.9,2.74,2.9,45983,25238.97,1.0
2002-12-16,2.96,3.02,2.83,2.86,75273,42318.964,1.0
2002-12-17,2.86,2.95,2.82,2.92,40862,22825.958,1.0
2002-12-18,2.93,2.94,2.8,2.8,76621,41360.824,1.0
2002-12-19,2.75,2.84,2.7,2.78,43212,22741.374,1.0
2002-12-20,2.79,2.89,2.73,2.82,50527,27121.612,1.0
2002-12-23,2.82,2.91,2.82,2.87,111187,60540.604,1.0
2002-12-24,2.85,2.9,2.83,2.86,77824,42775.368,1.0
2002-12-25,2.86,2.98,2.85,2.98,116864,66898.772,1.0
2002-12-26,3.01,3.1,2.85,2.85,222656,130552.464,1.0
2002-12-27,2.73,2.84,2.73,2.73,137205,71757.264,1.0
2002-12-30,2.72,2.76,2.62,2.62,88232,44160.16,1.0
2002-12-31,2.65,2.73,2.53,2.58,64721,32240.098,1.0
2003-01-02,2.56,2.62,2.5,2.56,44769,21347.264,1.0
2003-01-03,2.57,2.67,2.56,2.67,66031,32890.532,1.0
2003-01-06,2.73,2.73,2.66,2.7,47071,23897.128,1.0
2003-01-07,2.7,2.77,2.61,2.66,51518,26163.348,1.0
2003-01-08,2.65,2.69,2.56,2.67,46672,23006.226,1.0
2003-01-09,2.66,2.76,2.65,2.75,63458,32607.312,1.0
2003-01-10,2.73,2.77,2.69,2.69,47341,24418.284,1.0
2003-01-13,2.67,2.76,2.66,2.74,48024,24710.102,1.0
2003-01-14,2.75,2.85,2.74,2.85,119288,64848.984,1.0
2003-01-15,2.87,2.95,2.82,2.92,91121,50478.092,1.0
2003-01-16,2.91,3.04,2.89,3.04,91004,53412.476,1.0
2003-01-17,3.15,3.16,3.13,3.16,25879,15981.439,1.0
2003-01-20,3.3,3.3,3.3,3.3,9498,6164.8445,1.0
2003-01-22,3.44,3.44,3.44,3.44,8605,5860.584,1.0
2003-01-23,3.58,3.58,3.29,3.58,273503,190873.936,1.0
2003-01-24,3.58,3.67,3.43,3.49,125858,88481.848,1.0
2003-01-27,3.48,3.6,3.37,3.5,72664,50927.628,1.0
2003-01-28,3.49,3.65,3.48,3.65,30751,22261.55,1.0
2003-01-29,3.81,3.81,3.54,3.6,155777,115357.744,1.0
2003-02-10,3.56,3.64,3.47,3.61,52919,37471.996,1.0
2003-02-11,3.62,3.76,3.57,3.67,56526,41637.3,1.0
2003-02-12,3.7,3.71,3.58,3.63,48022,34928.416,1.0
2003-02-13,3.62,3.74,3.6,3.68,51329,37689.948,1.0
2003-02-14,3.59,3.67,3.52,3.52,94401,66730.08,1.0
2003-02-17,3.39,3.46,3.37,3.37,71707,48005.204,1.0
2003-02-18,3.37,3.51,3.29,3.45,102345,69116.456,1.0
2003-02-19,3.48,3.5,3.39,3.4,43282,29422.968,1.0
2003-02-20,3.4,3.48,3.38,3.4,34843,23667.0,1.0
2003-02-21,3.41,3.41,3.25,3.25,55394,35856.696,1.0
2003-02-24,3.18,3.27,3.14,3.19,54483,34074.532,1.0
2003-02-25,3.21,3.32,3.18,3.32,49002,31405.582,1.0
2003-02-26,3.35,3.39,3.28,3.35,47049,31024.538,1.0
2003-02-27,3.4,3.47,3.35,3.38,53024,35772.988,1.0
2003-02-28,3.35,3.4,3.31,3.36,26558,17503.748,1.0
2003-03-03,3.35,3.38,3.22,3.28,33905,21942.946,1.0
2003-03-04,3.27,3.32,3.25,3.29,17871,11519.813,1.0
2003-03-05,3.17,3.25,3.17,3.24,24054,15197.952,1.0
2003-03-06,3.22,3.28,3.17,3.2,22832,14408.708,1.0
2003-03-07,3.19,3.22,3.09,3.12,33716,20698.586,1.0
2003-03-10,3.12,3.16,2.99,2.99,46640,27376.074,1.0
2003-03-11,2.99,3.1,2.97,3.05,36175,21300.934,1.0
2003-03-12,3.05,3.06,2.95,3.01,29483,17087.882,1.0
2003-03-13,3.0,3.09,2.96,3.05,37432,21952.564,1.0
2003-03-14,3.04,3.18,3.04,3.18,62403,38690.936,1.0
2003-03-17,3.22,3.24,3.05,3.05,83471,50467.408,1.0
2003-03-18,2.92,3.05,2.92,2.93,97522,55445.488,1.0
2004-01-15,3.05,3.8,2.99,3.52,251749,169547.152,1.0
2004-01-16,3.39,3.5,3.37,3.37,73070,49074.228,1.0
2004-01-29,3.23,3.37,3.23,3.32,64308,41338.032,1.0
2004-01-30,3.31,3.47,3.28,3.42,58711,39617.112,1.0
2004-02-02,3.43,3.49,3.3,3.39,50819,33983.816,1.0
2004-02-03,3.39,3.48,3.33,3.44,57047,38471.784,1.0
2004-02-04,3.44,3.56,3.43,3.52,49288,34381.788,1.0
2004-02-05,3.57,3.67,3.51,3.66,68625,49367.072,1.0
2004-02-06,3.64,3.65,3.5,3.5,61891,43923.228,1.0
2004-02-09,3.43,3.57,3.4,3.49,37066,25707.712,1.0
2004-02-10,3.52,3.59,3.5,3.57,37795,26696.22,1.0
2004-02-11,3.6,3.69,3.58,3.62,46691,33961.476,1.0
2004-02-12,3.63,3.77,3.62,3.77,57030,42591.692,1.0
2004-02-13,3.93,3.94,3.67,3.7,109568,83951.232,1.0
2004-02-16,3.71,3.86,3.68,3.86,61566,47068.844,1.0
2004-02-17,3.9,3.98,3.82,3.87,52044,41125.728,1.0
2004-02-18,3.87,3.89,3.81,3.85,39073,30329.706,1.0
2004-02-19,3.86,3.96,3.82,3.9,36083,28414.276,1.0
2004-02-20,3.9,4.01,3.9,3.91,30425,24325.084,1.0
2004-02-23,3.91,4.02,3.82,3.88,42749,33675.644,1.0
2004-02-24,3.87,3.87,3.71,3.71,49763,37416.548,1.0
2004-02-25,3.7,3.79,3.64,3.66,33672,25200.208,1.0
2004-02-26,3.65,3.66,3.5,3.54,33095,23488.53,1.0
2004-02-27,3.56,3.63,3.54,3.6,19803,14172.211,1.0
2004-03-01,3.63,3.65,3.58,3.64,22592,16288.975,1.0
2004-03-02,3.65,3.72,3.61,3.64,29676,21776.868,1.0
2004-03-03,3.67,3.72,3.63,3.7,29750,21865.286,1.0
2004-03-04,3.7,3.71,3.59,3.63,17972,13071.81,1.0
2004-03-05,3.63,3.66,3.6,3.61,16387,11869.166,1.0
2004-03-08,3.6,3.6,3.45,3.45,23584,16408.032,1.0
2004-03-09,3.43,3.5,3.39,3.49,19467,13296.92,1.0
2004-03-10,3.5,3.56,3.44,3.56,16161,11278.855,1.0
2004-03-11,3.57,3.58,3.53,3.55,16600,11782.23,1.0
2004-03-12,3.55,3.56,3.49,3.5,13717,9588.432,1.0
2004-03-15,3.5,3.58,3.48,3.58,15286,10792.643,1.0
2004-03-16,3.61,3.65,3.58,3.63,29361,21273.696,1.0
2004-03-17,3.62,3.62,3.57,3.6,14722,10574.31,1.0
2004-03-18,3.61,3.62,3.49,3.51,14973,10585.312,1.0
2004-03-19,3.51,3.56,3.49,3.55,12933,9065.707,1.0
2004-03-22,3.55,3.64,3.54,3.64,17701,12702.984,1.0
2004-03-23,3.64,3.68,3.61,3.67,23290,17064.818,1.0
2004-03-24,3.67,3.75,3.65,3.68,25451,18924.014,1.0
2004-03-25,3.67,3.71,3.62,3.64,13672,10015.39,1.0
2004-03-26,3.63,3.68,3.61,3.63,9245,6730.216,1.0
2004-03-29,3.61,3.65,3.6,3.6,10305,7444.4115,1.0
2004-03-30,3.59,3.61,3.56,3.57,8724,6230.2245,1.0
2004-03-31,3.57,3.73,3.57,3.73,12943,9595.74,1.0
2004-04-01,3.79,3.89,3.74,3.82,43966,33778.82,1.0
2004-04-02,3.83,3.93,3.8,3.87,30572,23896.474,1.0
2004-04-05,3.87,3.93,3.8,3.86,21745,16877.136,1.0
2004-04-06,3.86,4.03,3.83,4.03,65616,53223.656,1.0
2004-04-07,4.02,4.07,3.97,4.04,30194,24703.674,1.0
2004-04-08,4.03,4.06,3.94,3.95,28911,23366.58,1.0
2004-04-09,3.95,3.95,3.83,3.88,44354,34753.52,1.0
2004-04-12,3.86,4.05,3.85,4.03,36834,30028.418,1.0
2004-04-13,4.02,4.17,3.97,4.06,32410,26970.052,1.0
2004-04-14,4.05,4.24,4.04,4.19,46795,39682.608,1.0
2004-04-15,4.19,4.21,4.0,4.0,40154,33154.88,1.0
2004-04-16,3.99,4.03,3.82,4.0,42237,33275.27,1.0
2004-04-19,3.83,3.83,3.83,3.83,3942,3039.282,1.0
2004-04-20,3.66,3.66,3.66,3.66,1060,775.92,1.0
2004-04-21,3.5,3.5,3.5,3.5,2767,1923.065,1.0
2004-04-23,3.35,3.35,3.35,3.35,2385,1574.1,1.0
2004-04-26,3.2,3.2,3.2,3.2,1401,878.427,1.0
2004-04-27,3.07,3.25,3.07,3.07,69895,41960.132,1.0
2004-04-28,2.94,3.04,2.94,2.94,58157,33300.88,1.0
2004-04-29,2.94,3.05,2.88,2.97,45043,26037.974,1.0
2004-04-30,3.08,3.08,2.89,2.91,30866,17648.046,1.0
2004-05-10,2.9,3.03,2.89,3.03,47680,27943.09,1.0
2004-05-11,3.0,3.02,2.9,3.01,20354,11646.23,1.0
2004-05-12,3.0,3.11,2.94,3.05,25747,15151.16,1.0
2004-05-13,3.04,3.18,3.02,3.11,33944,20619.432,1.0
2004-05-14,3.11,3.11,2.98,2.99,19653,11490.242,1.0
2004-05-17,2.95,3.03,2.93,2.95,11885,6809.539,1.0
2004-05-18,2.94,3.01,2.93,2.99,10816,6175.4375,1.0
2004-05-19,3.0,3.05,2.98,3.0,13563,7920.046,1.0
2004-05-20,2.99,2.99,2.89,2.89,15771,8912.506,1.0
2004-05-21,2.89,2.95,2.77,2.77,16121,8597.143,1.0
2004-05-24,2.66,2.71,2.66,2.66,19070,9618.319,1.0
2004-05-25,2.56,2.66,2.55,2.6,45566,22094.444,1.0
2004-05-26,2.6,2.67,2.57,2.63,20978,10353.803,1.0
2004-05-27,2.63,2.68,2.59,2.63,24845,12317.402,1.0
2004-05-28,2.63,2.71,2.63,2.64,19868,9978.438,1.0
2004-05-31,2.64,2.67,2.53,2.56,32215,15434.036,1.0
2004-06-01,2.56,2.64,2.55,2.63,23087,11311.716,1.0
2004-06-02,2.64,2.65,2.58,2.63,17229,8449.2,1.0
2004-06-03,2.63,2.63,2.53,2.57,16539,7925.2985,1.0
2004-06-04,2.57,2.6,2.55,2.58,14402,6933.678,1.0
2004-06-07,2.58,2.59,2.48,2.48,25873,12048.227,1.0
2004-06-08,2.48,2.48,2.38,2.39,24687,10945.167,1.0
2004-06-09,2.38,2.47,2.35,2.38,24596,10927.245,1.0
2004-06-10,2.36,2.4,2.28,2.3,23473,9941.288,1.0
2004-06-11,2.34,2.4,2.32,2.34,22197,9583.127,1.0
2004-06-14,2.34,2.34,2.25,2.25,16375,6735.077,1.0
2004-06-15,2.22,2.34,2.18,2.32,24301,10044.158,1.0
2004-06-16,2.3,2.36,2.26,2.3,12635,5293.2125,1.0
2004-06-17,2.28,2.3,2.22,2.24,11808,4826.004,1.0
2004-06-18,2.22,2.29,2.18,2.26,13826,5570.8115,1.0
2004-06-21,2.25,2.31,2.24,2.3,11112,4618.429,1.0
2004-06-22,2.3,2.32,2.27,2.3,8123,3399.37975,1.0
2004-06-23,2.29,2.3,2.24,2.25,10261,4202.4695,1.0
2004-06-24,2.24,2.28,2.23,2.26,6366,2598.978,1.0
2004-06-25,2.24,2.24,2.17,2.17,13413,5301.853,1.0
2004-06-28,2.17,2.17,2.09,2.09,13299,4947.9285,1.0
2004-06-30,2.09,2.15,2.05,2.08,8232,3060.5805,1.0
2004-07-01,2.07,2.14,2.05,2.13,13781,5188.4055,1.0
2004-07-02,2.1,2.14,2.09,2.11,9197,3453.44,1.0
2004-07-05,2.11,2.17,2.04,2.17,20226,7600.2445,1.0
2004-07-06,2.15,2.23,2.14,2.19,20139,7927.327,1.0
2004-07-07,2.19,2.28,2.18,2.24,44177,18126.104,1.0
2004-07-08,2.24,2.24,2.16,2.18,22104,8682.688,1.0
2004-07-09,2.18,2.19,2.14,2.17,9425,3657.2555,1.0
2004-07-12,2.09,2.11,2.08,2.08,17589,6507.535,1.0
2004-07-13,2.06,2.08,2.01,2.01,15373,5435.787,1.0
2004-07-14,1.97,1.99,1.93,1.93,20882,6995.8095,1.0
2004-07-15,1.93,2.0,1.91,1.96,18036,6152.722,1.0
2004-07-16,1.96,2.02,1.94,2.0,17627,6070.3215,1.0
2004-07-19,1.98,2.01,1.96,1.99,12239,4230.8795,1.0
2004-07-20,1.98,2.03,1.94,1.99,13159,4544.395,1.0
2004-07-21,1.99,2.01,1.92,1.92,13916,4707.284,1.0
2004-07-22,1.91,1.99,1.85,1.99,47522,15755.979,1.0
2004-07-23,1.99,2.04,1.93,1.99,35195,12239.338,1.0
2004-07-26,1.98,2.06,1.94,2.0,27059,9547.087,1.0
2004-07-27,1.98,2.01,1.93,1.93,29364,9878.701,1.0
2004-07-28,1.9,1.96,1.88,1.91,13102,4297.795,1.0
2004-07-29,1.89,1.92,1.88,1.91,13325,4359.2935,1.0
2004-07-30,1.92,1.98,1.91,1.91,12147,4079.934,1.0
2004-08-02,1.91,1.91,1.85,1.85,16489,5216.885,1.0
2004-08-03,1.85,1.86,1.81,1.85,7976,2495.39475,1.0
2004-08-04,1.85,1.9,1.84,1.89,12736,4086.6365,1.0
2004-08-05,1.88,1.91,1.85,1.86,9298,3001.466,1.0
2004-08-06,1.85,1.88,1.83,1.86,8311,2627.80225,1.0
2004-08-09,1.87,1.87,1.81,1.82,6894,2144.246,1.0
2004-08-10,1.83,1.84,1.81,1.83,6383,1969.18025,1.0
2004-08-11,1.82,1.84,1.76,1.76,12119,3660.884,1.0
2004-08-12,1.75,1.75,1.7,1.7,19663,5565.7815,1.0
2004-08-13,1.71,1.73,1.68,1.72,11380,3221.47175,1.0
2004-08-16,1.71,1.72,1.66,1.66,9973,2733.61175,1.0
2004-08-17,1.65,1.66,1.61,1.65,13984,3706.7255,1.0
2004-08-18,1.65,1.66,1.62,1.63,8782,2344.172,1.0
2004-08-19,1.62,1.64,1.57,1.58,11189,2849.887,1.0
2004-08-20,1.55,1.63,1.53,1.61,13326,3439.3445,1.0
2004-08-23,1.61,1.66,1.59,1.65,11488,3039.70475,1.0
2004-08-24,1.65,1.68,1.63,1.65,11085,2998.22725,1.0
2004-08-25,1.64,1.68,1.64,1.65,7337,1988.1435,1.0
2004-08-26,1.65,1.65,1.6,1.6,11188,2904.61675,1.0
2004-08-27,1.58,1.65,1.58,1.64,9538,2511.64825,1.0
2004-08-30,1.61,1.62,1.59,1.61,10243,2631.05825,1.0
2004-08-31,1.61,1.66,1.61,1.65,11507,3059.31125,1.0
2004-09-01,1.63,1.65,1.62,1.62,5358,1416.0416200000002,1.0
2004-09-02,1.62,1.64,1.6,1.63,4285,1120.43875,1.0
2004-09-03,1.63,1.69,1.62,1.66,16781,4577.1535,1.0
2004-09-06,1.65,1.71,1.65,1.7,10662,2962.4495,1.0
2004-09-07,1.68,1.7,1.66,1.68,7531,2070.25975,1.0
2004-09-08,1.68,1.74,1.67,1.72,20236,5758.4955,1.0
2004-09-09,1.72,1.75,1.69,1.74,42786,12303.433,1.0
2004-09-10,1.73,1.73,1.68,1.68,23967,6654.8645,1.0
2004-09-13,1.68,1.74,1.66,1.74,43552,12566.045,1.0
2004-09-14,1.76,1.8,1.72,1.78,44187,13047.164,1.0
2004-09-15,1.78,1.84,1.75,1.83,46599,14166.789,1.0
2004-09-16,1.82,1.85,1.79,1.83,31904,9788.274,1.0
2004-09-17,1.82,1.88,1.81,1.86,30292,9530.142,1.0
2004-09-20,1.86,1.93,1.85,1.92,38918,12637.944,1.0
2004-09-21,1.92,1.92,1.88,1.89,25228,8214.949,1.0
2004-09-22,1.89,1.89,1.82,1.83,27169,8551.479,1.0
2004-09-23,1.81,1.9,1.81,1.89,33229,10692.964,1.0
2004-09-24,1.89,1.91,1.82,1.83,31791,10035.814,1.0
2004-09-27,1.79,1.85,1.76,1.76,24711,7361.9675,1.0
2004-09-28,1.74,1.76,1.7,1.72,13349,3836.57,1.0
2004-09-29,1.72,1.78,1.72,1.74,14696,4324.25,1.0
2004-09-30,1.73,1.75,1.68,1.68,16173,4511.8775,1.0
2004-10-08,1.68,1.72,1.65,1.71,6464,1788.513,1.0
2004-10-11,1.71,1.74,1.68,1.72,14583,4142.776,1.0
2004-10-12,1.72,1.73,1.67,1.69,10215,2869.16125,1.0
2004-10-13,1.67,1.69,1.63,1.65,10776,2912.94775,1.0
2004-10-14,1.64,1.64,1.59,1.59,7778,2002.42,1.0
2004-10-15,1.54,1.56,1.54,1.54,8303,2020.524,1.0
2004-10-18,1.49,1.54,1.49,1.5,17722,4134.08075,1.0
2004-10-19,1.5,1.55,1.48,1.55,14610,3499.4065,1.0
2004-10-20,1.55,1.6,1.52,1.56,21441,5406.3895,1.0
2004-10-21,1.56,1.56,1.51,1.51,14494,3449.354,1.0
2004-10-22,1.49,1.49,1.46,1.46,18421,4160.836,1.0
2004-10-25,1.44,1.47,1.41,1.41,11083,2392.157,1.0
2004-10-26,1.37,1.42,1.36,1.4,15801,3242.365,1.0
2004-10-27,1.39,1.45,1.38,1.43,17776,3832.53425,1.0
2004-10-28,1.43,1.46,1.41,1.42,15124,3309.54225,1.0
2004-10-29,1.39,1.45,1.39,1.43,11041,2401.69975,1.0
2004-11-01,1.42,1.48,1.41,1.47,9800,2190.97875,1.0
2004-11-02,1.46,1.48,1.42,1.42,14017,3094.29675,1.0
2004-11-03,1.42,1.46,1.42,1.45,7765,1709.9248799999998,1.0
2004-11-04,1.44,1.46,1.41,1.42,12469,2721.19025,1.0
2004-11-05,1.43,1.43,1.39,1.39,5853,1235.485,1.0
2004-11-08,1.39,1.42,1.39,1.41,4516,951.8816899999999,1.0
2004-11-09,1.41,1.43,1.41,1.42,5147,1111.5986200000002,1.0
2004-11-10,1.44,1.46,1.42,1.46,31950,7206.202,1.0
2004-11-11,1.48,1.51,1.47,1.49,26218,6104.0545,1.0
2004-11-12,1.49,1.52,1.48,1.49,16773,3915.619,1.0
2004-11-15,1.5,1.52,1.48,1.49,8364,1942.9698799999999,1.0
2004-11-16,1.5,1.52,1.48,1.5,9562,2250.489,1.0
2004-11-17,1.51,1.52,1.49,1.52,7428,1751.3416200000001,1.0
2004-11-18,1.52,1.57,1.5,1.57,17694,4406.874,1.0
2004-11-19,1.61,1.63,1.58,1.6,19238,4980.3045,1.0
2004-11-22,1.59,1.65,1.59,1.65,15044,4030.7725,1.0
2004-11-23,1.7,1.72,1.66,1.67,42983,12054.909,1.0
2004-11-24,1.68,1.68,1.61,1.61,23599,6241.945,1.0
2004-11-25,1.6,1.66,1.55,1.64,28784,7513.562,1.0
2004-11-26,1.61,1.65,1.59,1.63,10445,2749.91875,1.0
2004-11-29,1.62,1.68,1.62,1.68,15043,4077.004,1.0
2004-11-30,1.66,1.72,1.66,1.69,13898,3898.3995,1.0
2004-12-01,1.68,1.73,1.63,1.66,11321,3125.34325,1.0
2004-12-02,1.63,1.68,1.61,1.64,12085,3197.20675,1.0
2004-12-03,1.63,1.65,1.62,1.64,6038,1606.062,1.0
2004-12-06,1.63,1.65,1.62,1.65,6583,1749.5133799999999,1.0
2004-12-07,1.65,1.69,1.62,1.65,14017,3817.62375,1.0
2004-12-08,1.65,1.69,1.64,1.67,15077,4100.26825,1.0
2004-12-09,1.67,1.7,1.63,1.65,24657,6690.6675,1.0
2004-12-10,1.64,1.67,1.6,1.65,10530,2808.50175,1.0
2004-12-13,1.65,1.67,1.63,1.66,8598,2327.10975,1.0
2004-12-14,1.65,1.72,1.65,1.66,33625,9338.084,1.0
2004-12-15,1.65,1.65,1.6,1.6,14476,3743.95725,1.0
2004-12-16,1.54,1.55,1.54,1.54,2411,588.894,1.0
2004-12-17,1.49,1.49,1.49,1.49,4675,1084.6,1.0
2004-12-20,1.44,1.49,1.44,1.44,13529,3008.028,1.0
2004-12-21,1.4,1.48,1.4,1.47,19599,4319.6525,1.0
2004-12-22,1.45,1.49,1.45,1.49,10785,2455.7805,1.0
2004-12-23,1.48,1.5,1.44,1.46,9063,2078.25075,1.0
2004-12-24,1.46,1.47,1.43,1.46,6973,1559.2845,1.0
2004-12-27,1.45,1.48,1.43,1.47,7893,1765.8153799999998,1.0
2004-12-28,1.47,1.5,1.46,1.5,7264,1666.0536200000001,1.0
2004-12-29,1.5,1.53,1.49,1.52,12964,3074.67875,1.0
2004-12-30,1.53,1.54,1.5,1.52,7083,1687.53775,1.0
2004-12-31,1.52,1.54,1.47,1.47,12338,2869.4315,1.0
2005-01-04,1.46,1.47,1.42,1.47,1803,405.181,1.0
2005-01-05,1.45,1.5,1.44,1.49,5224,1198.4331200000001,1.0
2005-01-06,1.5,1.51,1.47,1.49,2399,556.12438,1.0
2005-01-07,1.49,1.53,1.47,1.52,8862,2086.0521200000003,1.0
2005-01-10,1.51,1.53,1.5,1.52,4893,1162.34188,1.0
2005-01-11,1.52,1.54,1.51,1.52,3929,943.76381,1.0
2005-01-12,1.51,1.52,1.49,1.51,2923,689.3714399999999,1.0
2005-01-13,1.5,1.52,1.48,1.5,2797,656.40388,1.0
2005-01-14,1.48,1.53,1.48,1.51,5522,1314.61012,1.0
2005-01-17,1.48,1.51,1.46,1.48,6651,1515.6403799999998,1.0
2005-01-18,1.48,1.52,1.45,1.51,5052,1158.6538799999998,1.0
2005-01-19,1.5,1.52,1.49,1.51,3964,942.10275,1.0
2005-01-20,1.52,1.52,1.49,1.5,3641,855.98744,1.0
2005-01-21,1.5,1.52,1.5,1.52,4504,1069.86325,1.0
2005-01-24,1.54,1.56,1.52,1.54,7990,1939.2923799999999,1.0
2005-01-25,1.52,1.57,1.52,1.57,12832,3180.163,1.0
2005-01-26,1.57,1.59,1.54,1.55,5921,1464.334,1.0
2005-01-27,1.55,1.56,1.51,1.52,4686,1135.40462,1.0
2005-01-28,1.52,1.52,1.47,1.49,5524,1282.78212,1.0
2005-01-31,1.47,1.48,1.46,1.46,4572,1038.65931,1.0
2005-02-01,1.48,1.49,1.46,1.49,4009,919.25775,1.0
2005-02-02,1.49,1.54,1.49,1.54,9853,2356.12925,1.0
2005-02-03,1.56,1.59,1.54,1.58,22683,5717.1455,1.0
2005-02-04,1.57,1.59,1.55,1.58,10757,2707.96275,1.0
2005-02-16,1.59,1.63,1.59,1.63,9715,2541.62475,1.0
2005-02-17,1.61,1.69,1.61,1.65,20553,5617.1225,1.0
2005-02-18,1.65,1.67,1.61,1.62,6660,1763.06875,1.0
2005-02-21,1.62,1.65,1.6,1.64,2820,748.6965600000001,1.0
2005-02-22,1.63,1.7,1.63,1.7,25231,7014.5485,1.0
2005-02-23,1.68,1.73,1.68,1.7,9013,2540.5,1.0
2005-02-24,1.7,1.71,1.68,1.7,6758,1889.1625,1.0
2005-02-25,1.72,1.72,1.64,1.64,17985,4930.942,1.0
2005-02-28,1.64,1.67,1.62,1.64,9432,2517.69675,1.0
2005-03-01,1.64,1.65,1.64,1.64,6315,1692.1003799999999,1.0
2005-03-02,1.65,1.68,1.63,1.67,11975,3236.16825,1.0
2005-03-03,1.67,1.7,1.66,1.69,10487,2905.35375,1.0
2005-03-04,1.69,1.71,1.67,1.67,16600,4624.4755,1.0
2005-03-07,1.69,1.7,1.67,1.68,9092,2509.6415,1.0
2005-03-08,1.68,1.68,1.62,1.66,8190,2197.49725,1.0
2005-03-09,1.65,1.68,1.65,1.67,9237,2518.2005,1.0
2005-03-10,1.66,1.66,1.61,1.62,9091,2410.1415,1.0
2005-03-11,1.62,1.63,1.58,1.61,8211,2119.6355,1.0
2005-03-14,1.61,1.64,1.59,1.62,9153,2393.26375,1.0
2005-03-15,1.63,1.65,1.61,1.64,4610,1220.5551200000002,1.0
2005-03-16,1.64,1.64,1.6,1.62,4343,1135.607,1.0
2005-03-17,1.61,1.63,1.59,1.59,6318,1641.0028799999998,1.0
2005-03-18,1.59,1.61,1.57,1.61,3267,833.80781,1.0
2005-03-21,1.6,1.62,1.59,1.61,3685,954.07975,1.0
2005-03-22,1.61,1.62,1.55,1.55,8495,2124.175,1.0
2005-03-23,1.54,1.55,1.5,1.54,7347,1769.4173799999999,1.0
2005-03-24,1.54,1.56,1.5,1.54,3014,725.55012,1.0
2005-03-25,1.52,1.57,1.52,1.55,2122,526.27694,1.0
2005-03-28,1.57,1.57,1.53,1.56,1409,346.423,1.0
2005-03-29,1.53,1.56,1.53,1.55,1731,425.26840999999996,1.0
2005-03-30,1.53,1.54,1.5,1.5,4463,1054.705,1.0
2005-03-31,1.47,1.51,1.47,1.5,1765,406.609,1.0
2005-04-01,1.54,1.55,1.54,1.55,4047,998.2400600000001,1.0
2005-04-04,1.61,1.61,1.59,1.61,6427,1664.37575,1.0
2005-04-05,1.66,1.66,1.61,1.63,27936,7479.7395,1.0
2005-04-06,1.63,1.66,1.58,1.65,15515,4080.25925,1.0
2005-04-07,1.66,1.66,1.6,1.62,12699,3321.9325,1.0
2005-04-08,1.61,1.62,1.59,1.61,7687,1985.21125,1.0
2005-04-11,1.61,1.64,1.59,1.63,5519,1446.31475,1.0
2005-04-12,1.61,1.64,1.6,1.6,4768,1248.54862,1.0
2005-04-13,1.63,1.63,1.57,1.6,5500,1417.169,1.0
2005-04-14,1.59,1.59,1.54,1.55,8142,2020.479,1.0
2005-04-15,1.55,1.56,1.51,1.54,2890,701.01838,1.0
2005-04-18,1.55,1.56,1.52,1.55,1751,424.43162,1.0
2005-04-19,1.56,1.56,1.52,1.53,3669,885.21444,1.0
2005-04-20,1.55,1.55,1.49,1.52,3018,715.9643100000001,1.0
2005-04-21,1.51,1.52,1.49,1.51,3704,875.31819,1.0
2005-04-22,1.52,1.52,1.47,1.48,6016,1385.89338,1.0
2005-04-25,1.48,1.5,1.43,1.49,4795,1072.7056200000002,1.0
2005-04-26,1.48,1.52,1.48,1.5,3896,913.16269,1.0
2005-04-27,1.52,1.52,1.47,1.48,2651,614.261,1.0
2005-04-28,1.46,1.51,1.46,1.5,3585,834.153,1.0
2005-04-29,1.48,1.5,1.46,1.49,2567,588.29162,1.0
2005-05-09,1.48,1.49,1.46,1.46,1971,447.2265,1.0
2005-05-10,1.47,1.47,1.42,1.46,2651,586.06669,1.0
2005-05-11,1.46,1.46,1.43,1.44,1152,255.71759,1.0
2005-05-12,1.44,1.46,1.44,1.45,1038,229.2618,1.0
2005-05-13,1.46,1.48,1.43,1.46,3119,703.365,1.0
2005-05-16,1.44,1.47,1.44,1.47,2115,474.78040999999996,1.0
2005-05-17,1.48,1.52,1.47,1.52,5187,1228.587,1.0
2005-05-18,1.52,1.54,1.52,1.52,2934,705.34738,1.0
2005-05-19,1.53,1.54,1.5,1.52,1803,425.53569,1.0
2005-05-20,1.52,1.52,1.47,1.48,2248,518.888,1.0
2005-05-23,1.47,1.48,1.45,1.45,2152,482.45259000000004,1.0
2005-05-24,1.44,1.5,1.44,1.49,1273,292.18,1.0
2005-05-25,1.48,1.5,1.47,1.49,1240,285.134,1.0
2005-05-26,1.48,1.48,1.46,1.46,1248,282.45725,1.0
2005-05-27,1.45,1.47,1.45,1.47,990,223.934,1.0
2005-05-30,1.46,1.47,1.45,1.47,1948,442.18684,1.0
2005-05-31,1.48,1.52,1.48,1.52,4895,1165.247,1.0
2005-06-01,1.57,1.57,1.5,1.5,6940,1662.953,1.0
2005-06-02,1.5,1.55,1.49,1.5,4324,1030.1253100000001,1.0
2005-06-03,1.49,1.52,1.48,1.49,1542,361.72975,1.0
2005-06-06,1.48,1.49,1.44,1.49,1848,424.86228000000006,1.0
2005-06-07,1.49,1.52,1.49,1.49,1631,382.02984000000004,1.0
2005-06-08,1.5,1.54,1.48,1.54,6731,1611.99138,1.0
2005-06-09,1.52,1.56,1.52,1.54,9405,2278.26025,1.0
2005-06-10,1.54,1.54,1.51,1.52,3546,844.56956,1.0
2005-06-13,1.52,1.53,1.5,1.53,2825,674.74412,1.0
2005-06-14,1.53,1.53,1.5,1.51,2348,557.27588,1.0
2005-06-15,1.52,1.52,1.48,1.49,3556,832.5715,1.0
2005-06-16,1.46,1.5,1.46,1.49,1521,350.34772,1.0
2005-06-17,1.47,1.5,1.47,1.5,952,220.64647,1.0
2005-06-20,1.52,1.52,1.47,1.49,3053,704.996,1.0
2005-06-21,1.49,1.52,1.48,1.5,3424,800.0606899999999,1.0
2005-06-22,1.49,1.51,1.49,1.49,1442,336.9225,1.0
2005-06-23,1.5,1.5,1.47,1.49,3867,894.9910600000001,1.0
2005-06-24,1.49,1.49,1.46,1.47,2157,492.815,1.0
2005-06-28,1.5,1.5,1.48,1.49,2995,696.54956,1.0
2005-06-29,1.48,1.49,1.46,1.48,1257,287.017,1.0
2005-06-30,1.47,1.47,1.43,1.43,4686,1038.628,1.0
2005-07-01,1.4,1.42,1.39,1.39,7539,1575.748,1.0
2005-07-04,1.34,1.38,1.34,1.35,4671,927.2065,1.0
2005-07-05,1.35,1.36,1.34,1.35,2144,429.32869,1.0
2005-07-06,1.34,1.35,1.31,1.31,5076,967.6,1.0
2005-07-07,1.3,1.3,1.27,1.27,9590,1738.556,1.0
2005-07-08,1.23,1.26,1.23,1.23,4885,843.134,1.0
2005-07-11,1.23,1.23,1.19,1.19,12104,1980.82725,1.0
2005-07-12,1.17,1.2,1.16,1.19,7718,1227.66525,1.0
2005-07-13,1.17,1.2,1.16,1.2,4609,742.807,1.0
2005-07-14,1.2,1.2,1.17,1.17,5230,836.625,1.0
2005-07-15,1.17,1.18,1.13,1.15,9142,1385.4045,1.0
2005-07-18,1.14,1.14,1.11,1.11,4540,659.302,1.0
2005-07-19,1.08,1.08,1.08,1.08,1638,226.044,1.0
2005-07-20,1.05,1.08,1.05,1.08,13473,1795.64925,1.0
2005-07-21,1.07,1.11,1.06,1.11,12964,1829.14525,1.0
2005-07-22,1.1,1.13,1.09,1.12,12850,1863.746,1.0
2005-07-25,1.11,1.13,1.11,1.12,3886,565.87212,1.0
2005-07-26,1.12,1.13,1.11,1.13,7644,1127.3865,1.0
2005-07-27,1.13,1.13,1.1,1.12,11124,1605.9076200000002,1.0
2005-07-28,1.12,1.15,1.12,1.15,9542,1453.6613799999998,1.0
2005-07-29,1.18,1.18,1.11,1.11,12573,1911.093,1.0
2005-08-01,1.11,1.14,1.11,1.12,6781,1001.00712,1.0
2005-08-02,1.13,1.15,1.11,1.14,8059,1195.01588,1.0
2005-08-03,1.14,1.17,1.12,1.16,10631,1638.63888,1.0
2005-08-04,1.16,1.18,1.14,1.17,7298,1145.2295,1.0
2005-08-05,1.17,1.18,1.16,1.18,6620,1044.71338,1.0
2005-08-08,1.18,1.21,1.16,1.2,12787,2080.83375,1.0
2005-08-09,1.2,1.23,1.19,1.22,8682,1450.60825,1.0
2005-08-10,1.22,1.25,1.21,1.25,9966,1723.144,1.0
2005-08-11,1.24,1.29,1.24,1.27,21883,3990.5975,1.0
2005-08-12,1.26,1.27,1.23,1.23,13576,2383.2735,1.0
2005-08-15,1.21,1.24,1.21,1.23,6852,1166.37262,1.0
2005-08-16,1.24,1.26,1.23,1.23,7628,1342.46425,1.0
2005-08-17,1.25,1.26,1.22,1.26,6917,1203.68425,1.0
2005-08-18,1.26,1.29,1.22,1.22,11156,2008.33075,1.0
2005-08-19,1.21,1.25,1.18,1.25,12049,2021.52875,1.0
2005-08-22,1.25,1.29,1.24,1.29,17383,3171.1625,1.0
2005-08-23,1.29,1.33,1.28,1.33,16197,3100.92225,1.0
2005-08-24,1.34,1.37,1.3,1.33,29834,6020.3545,1.0
2005-08-25,1.33,1.37,1.3,1.35,17141,3373.84375,1.0
2005-08-26,1.34,1.39,1.34,1.38,24088,4961.9945,1.0
2005-08-29,1.38,1.42,1.33,1.35,21499,4440.0965,1.0
2005-08-30,1.33,1.34,1.31,1.31,7263,1383.585,1.0
2005-08-31,1.27,1.29,1.27,1.27,15229,2762.285,1.0
2005-09-01,1.27,1.3,1.27,1.3,8839,1645.6023799999998,1.0
2005-09-02,1.3,1.33,1.29,1.32,7426,1419.386,1.0
2005-09-05,1.32,1.36,1.29,1.36,19314,3831.176,1.0
2005-09-06,1.4,1.4,1.4,1.4,5899,1250.49475,1.0
2005-09-07,1.45,1.45,1.36,1.41,37508,7949.7795,1.0
2005-09-08,1.37,1.4,1.37,1.39,16387,3377.7655,1.0
2005-09-09,1.38,1.39,1.37,1.39,6661,1377.28325,1.0
2005-09-12,1.39,1.42,1.39,1.42,11602,2481.21125,1.0
2005-09-13,1.42,1.46,1.42,1.46,19850,4368.278,1.0
2005-09-14,1.47,1.48,1.42,1.43,25899,5686.5165,1.0
2005-09-15,1.42,1.45,1.42,1.44,11199,2459.37075,1.0
2005-09-16,1.44,1.46,1.42,1.45,16092,3563.19575,1.0
2005-09-19,1.45,1.49,1.43,1.48,19024,4341.6685,1.0
2005-09-20,1.47,1.52,1.46,1.52,25078,5860.1405,1.0
2005-09-21,1.56,1.58,1.52,1.58,65315,16363.177,1.0
2005-09-22,1.63,1.63,1.59,1.63,72639,19199.558,1.0
2005-09-23,1.69,1.69,1.68,1.69,25064,6966.16,1.0
2005-09-26,1.75,1.75,1.75,1.75,8289,2420.502,1.0
2005-09-27,1.81,1.81,1.68,1.68,47258,13903.638,1.0
2005-09-28,1.62,1.62,1.62,1.62,1731,455.253,1.0
2005-09-29,1.57,1.57,1.57,1.57,3025,756.25,1.0
2005-09-30,1.52,1.58,1.52,1.52,52580,12681.024,1.0
2005-10-10,1.52,1.52,1.46,1.46,25622,5830.713,1.0
2005-10-11,1.44,1.51,1.44,1.51,18155,4231.6835,1.0
2005-10-12,1.51,1.56,1.5,1.51,27489,6687.5065,1.0
2005-10-13,1.5,1.5,1.48,1.49,8946,2067.6995,1.0
2005-10-14,1.48,1.54,1.48,1.49,7091,1667.682,1.0
2005-10-17,1.49,1.52,1.48,1.51,6545,1534.1651200000001,1.0
2005-10-18,1.5,1.53,1.46,1.52,12522,2914.497,1.0
2005-10-19,1.51,1.54,1.5,1.52,7474,1783.6006200000002,1.0
2005-10-20,1.53,1.53,1.48,1.5,5814,1352.4591200000002,1.0
2005-10-21,1.48,1.5,1.47,1.49,4745,1097.50275,1.0
2005-10-24,1.48,1.49,1.45,1.45,8139,1845.20788,1.0
2005-10-25,1.45,1.46,1.43,1.44,5709,1271.2855,1.0
2005-10-26,1.41,1.44,1.39,1.39,8446,1790.54875,1.0
2005-10-27,1.36,1.39,1.35,1.39,8184,1661.9403799999998,1.0
2005-10-28,1.39,1.39,1.35,1.36,4595,925.568,1.0
2005-10-31,1.35,1.4,1.34,1.4,9909,2019.047,1.0
2005-11-01,1.39,1.39,1.36,1.37,4093,835.328,1.0
2005-11-02,1.37,1.39,1.37,1.38,2858,590.81062,1.0
2005-11-03,1.4,1.4,1.35,1.38,3102,639.52594,1.0
2005-11-04,1.37,1.4,1.37,1.39,3858,803.4015,1.0
2005-11-07,1.39,1.4,1.37,1.39,2684,554.85762,1.0
2005-11-08,1.39,1.41,1.38,1.39,3420,719.15094,1.0
2005-11-09,1.4,1.41,1.39,1.39,2917,615.32425,1.0
2005-11-10,1.43,1.43,1.43,1.43,8403,1840.3143799999998,1.0
2005-11-11,1.48,1.48,1.48,1.48,8176,1880.3326200000001,1.0
2005-11-14,1.52,1.52,1.45,1.49,13178,3031.477,1.0
2005-11-15,1.49,1.5,1.46,1.47,3494,799.27725,1.0
2005-11-16,1.46,1.47,1.44,1.46,4361,975.5440600000001,1.0
2005-11-17,1.46,1.51,1.45,1.49,9193,2122.07325,1.0
2005-11-18,1.49,1.51,1.48,1.49,7216,1675.44812,1.0
2005-11-21,1.48,1.51,1.46,1.49,7055,1640.0271200000002,1.0
2005-11-22,1.49,1.5,1.46,1.46,5396,1233.6658799999998,1.0
2005-11-23,1.46,1.47,1.44,1.46,1749,393.25930999999997,1.0
2005-11-24,1.45,1.46,1.45,1.46,1774,397.52946999999995,1.0
2005-11-25,1.46,1.51,1.46,1.5,13613,3193.234,1.0
2005-11-28,1.49,1.52,1.49,1.51,4794,1126.631,1.0
2005-11-29,1.52,1.52,1.49,1.49,4246,991.30556,1.0
2005-11-30,1.49,1.49,1.43,1.46,4477,1004.42494,1.0
2005-12-01,1.45,1.45,1.41,1.41,7170,1552.45725,1.0
2005-12-02,1.4,1.42,1.39,1.4,1942,414.58831,1.0
2005-12-05,1.39,1.4,1.35,1.36,2856,585.3096899999999,1.0
2005-12-06,1.35,1.39,1.35,1.37,3811,772.073,1.0
2005-12-07,1.37,1.39,1.37,1.39,2942,611.1468100000001,1.0
2005-12-08,1.4,1.4,1.38,1.39,2817,585.554,1.0
2005-12-09,1.39,1.4,1.38,1.39,2532,527.24469,1.0
2005-12-12,1.39,1.4,1.38,1.39,2328,485.32441,1.0
2005-12-13,1.39,1.44,1.36,1.44,10652,2281.99425,1.0
2005-12-14,1.42,1.49,1.42,1.49,11675,2638.6445,1.0
2005-12-15,1.47,1.5,1.46,1.46,8517,1954.06525,1.0
2005-12-16,1.47,1.49,1.45,1.47,6600,1509.7853799999998,1.0
2005-12-19,1.48,1.48,1.43,1.43,3327,741.25919,1.0
2005-12-20,1.43,1.43,1.39,1.42,12780,2725.92975,1.0
2005-12-21,1.42,1.43,1.39,1.42,3445,740.23225,1.0
2005-12-22,1.42,1.43,1.41,1.42,3195,687.2840600000001,1.0
2005-12-23,1.42,1.47,1.41,1.47,15878,3569.62575,1.0
2005-12-26,1.48,1.52,1.47,1.52,30637,7232.345,1.0
2005-12-27,1.56,1.57,1.53,1.57,58914,14663.267,1.0
2005-12-28,1.59,1.6,1.52,1.52,45479,11167.757,1.0
2005-12-29,1.52,1.52,1.48,1.5,22365,5209.072,1.0
2005-12-30,1.5,1.52,1.48,1.49,11941,2797.33275,1.0
2006-01-04,1.49,1.5,1.47,1.49,10003,2320.47275,1.0
2006-01-05,1.49,1.54,1.47,1.52,19275,4579.2115,1.0
2006-01-06,1.52,1.52,1.48,1.52,18133,4256.541,1.0
2006-01-09,1.49,1.52,1.49,1.51,9818,2301.91775,1.0
2006-01-10,1.51,1.52,1.5,1.52,7066,1674.323,1.0
2006-01-11,1.52,1.55,1.51,1.54,15694,3804.14125,1.0
2006-01-12,1.53,1.54,1.51,1.53,7833,1872.89462,1.0
2006-01-13,1.53,1.54,1.51,1.52,7012,1673.26862,1.0
2006-01-16,1.51,1.51,1.48,1.49,7521,1754.776,1.0
2006-01-17,1.49,1.52,1.48,1.51,5700,1341.029,1.0
2006-01-18,1.52,1.52,1.5,1.51,8550,2015.116,1.0
2006-01-19,1.51,1.52,1.48,1.49,8306,1927.7138799999998,1.0
2006-01-20,1.49,1.49,1.44,1.45,10556,2383.475,1.0
2006-01-23,1.45,1.46,1.42,1.46,8612,1909.80225,1.0
2006-01-24,1.46,1.48,1.44,1.48,10504,2386.7725,1.0
2006-01-25,1.47,1.49,1.44,1.45,6491,1456.73525,1.0
2006-02-06,1.46,1.47,1.44,1.46,7156,1604.368,1.0
2006-02-07,1.48,1.49,1.46,1.49,5930,1356.5733799999998,1.0
2006-02-08,1.49,1.54,1.47,1.54,20799,4976.2675,1.0
2006-02-09,1.54,1.55,1.51,1.52,8099,1951.5385,1.0
2006-02-10,1.5,1.53,1.49,1.5,5733,1358.6686200000001,1.0
2006-02-13,1.5,1.53,1.49,1.52,4685,1117.13075,1.0
2006-02-14,1.52,1.55,1.5,1.54,10650,2567.94325,1.0
2006-02-15,1.55,1.56,1.52,1.54,14919,3647.2635,1.0
2006-02-16,1.54,1.56,1.49,1.55,22567,5473.2315,1.0
2006-02-17,1.55,1.55,1.52,1.52,8361,2022.69612,1.0
2006-02-20,1.5,1.52,1.49,1.51,8206,1946.99238,1.0
2006-02-21,1.49,1.52,1.49,1.51,8454,1989.72938,1.0
2006-02-22,1.51,1.53,1.51,1.51,4417,1053.409,1.0
2006-02-23,1.51,1.56,1.5,1.55,14359,3518.973,1.0
2006-02-24,1.55,1.55,1.53,1.54,6909,1688.781,1.0
2006-02-27,1.54,1.59,1.53,1.57,12341,3076.08125,1.0
2006-02-28,1.58,1.63,1.55,1.63,31240,8139.4565,1.0
2006-03-01,1.63,1.68,1.6,1.62,34764,9313.731,1.0
2006-03-09,1.63,1.65,1.57,1.57,19787,5030.855,1.0
2006-03-10,1.53,1.56,1.52,1.52,14723,3539.67025,1.0
2006-03-13,1.51,1.54,1.49,1.51,4496,1069.782,1.0
2006-03-14,1.51,1.53,1.51,1.53,5275,1264.83775,1.0
2006-03-15,1.52,1.59,1.52,1.59,20241,5079.3165,1.0
2006-03-16,1.59,1.64,1.55,1.61,25308,6636.8725,1.0
2006-03-17,1.61,1.61,1.58,1.59,5116,1310.149,1.0
2006-03-20,1.59,1.62,1.57,1.61,5896,1515.40475,1.0
2006-03-21,1.6,1.62,1.58,1.59,4593,1175.22612,1.0
2006-03-22,1.59,1.62,1.56,1.6,7872,1991.926,1.0
2006-03-23,1.58,1.62,1.57,1.57,15275,3875.2225,1.0
2006-03-24,1.56,1.57,1.55,1.57,5454,1352.62875,1.0
2006-03-27,1.56,1.59,1.55,1.58,5169,1293.4535,1.0
2006-03-28,1.58,1.59,1.57,1.59,5428,1372.5508799999998,1.0
2006-03-29,1.58,1.6,1.53,1.53,25356,6241.045,1.0
2006-03-30,1.51,1.53,1.5,1.52,6620,1581.08525,1.0
2006-03-31,1.52,1.54,1.51,1.53,4816,1150.189,1.0
2006-04-03,1.52,1.52,1.48,1.5,13062,3025.738,1.0
2006-04-04,1.49,1.52,1.49,1.51,5547,1303.2675,1.0
2006-04-05,1.51,1.53,1.49,1.53,4897,1170.179,1.0
2006-04-06,1.53,1.54,1.5,1.51,6400,1522.7065,1.0
2006-04-07,1.51,1.52,1.49,1.51,9446,2226.8815,1.0
2006-04-10,1.51,1.55,1.49,1.54,5548,1325.7191200000002,1.0
2006-04-11,1.54,1.55,1.53,1.54,6890,1684.16475,1.0
2006-04-12,1.54,1.55,1.51,1.52,10948,2611.195,1.0
2006-04-13,1.52,1.52,1.5,1.51,5212,1236.80938,1.0
2006-04-14,1.51,1.52,1.49,1.52,4857,1148.442,1.0
2006-04-17,1.5,1.52,1.5,1.51,4637,1097.24138,1.0
2006-04-18,1.52,1.52,1.49,1.5,6547,1530.45062,1.0
2006-04-19,1.49,1.49,1.46,1.46,12345,2798.44025,1.0
2006-04-20,1.46,1.46,1.43,1.44,8030,1781.87175,1.0
2006-04-21,1.45,1.47,1.44,1.46,6956,1552.35738,1.0
2006-04-24,1.45,1.46,1.41,1.41,10846,2339.77275,1.0
2006-04-25,1.37,1.41,1.36,1.4,5561,1146.2105,1.0
2006-04-26,1.4,1.43,1.37,1.42,7454,1564.478,1.0
2006-04-27,1.42,1.47,1.41,1.47,2837,641.4990600000001,1.0
2006-05-08,1.47,1.52,1.47,1.52,20162,4778.2715,1.0
2006-05-09,1.52,1.56,1.49,1.51,11198,2685.49625,1.0
2006-05-10,1.5,1.51,1.47,1.5,9994,2314.60725,1.0
2006-05-11,1.5,1.55,1.49,1.52,16352,3950.7595,1.0
2006-05-12,1.52,1.55,1.5,1.54,9729,2334.267,1.0
2006-05-15,1.54,1.59,1.52,1.55,23055,5695.1155,1.0
2006-05-16,1.55,1.55,1.5,1.51,15543,3710.649,1.0
2006-05-17,1.51,1.53,1.51,1.52,9715,2314.6245,1.0
2006-05-18,1.52,1.55,1.52,1.55,14228,3467.58475,1.0
2006-05-19,1.57,1.59,1.55,1.58,13043,3305.1465,1.0
2006-05-22,1.58,1.63,1.58,1.63,19334,5012.032,1.0
2006-05-23,1.63,1.68,1.58,1.59,19339,5143.602,1.0
2006-05-24,1.59,1.61,1.53,1.58,12338,3105.876,1.0
2006-05-25,1.57,1.59,1.54,1.57,6382,1595.997,1.0
2006-05-26,1.57,1.62,1.57,1.62,19078,4986.8415,1.0
2006-05-29,1.63,1.68,1.63,1.68,36205,9944.715,1.0
2006-05-30,1.74,1.74,1.66,1.74,45120,12823.361,1.0
2006-05-31,1.74,1.8,1.72,1.8,42251,12723.965,1.0
2006-06-01,1.83,1.86,1.81,1.86,14135,4459.785,1.0
2006-06-02,1.93,1.93,1.79,1.85,65665,21468.782,1.0
2006-06-05,1.83,1.92,1.83,1.92,23776,7646.711,1.0
2006-06-06,1.99,1.99,1.92,1.99,35772,12340.107,1.0
2006-06-07,1.99,1.99,1.92,1.92,20281,6769.072,1.0
2006-06-08,1.85,1.85,1.85,1.85,1241,389.674,1.0
2006-06-09,1.78,1.82,1.78,1.78,31399,9365.296,1.0
2006-06-12,1.71,1.73,1.71,1.71,23355,6622.261,1.0
2006-06-13,1.68,1.77,1.65,1.7,28793,8078.0675,1.0
2006-06-14,1.7,1.75,1.68,1.73,14575,4135.82075,1.0
2006-06-15,1.73,1.76,1.7,1.72,10747,3094.57875,1.0
2006-06-16,1.74,1.74,1.7,1.74,9140,2609.90125,1.0
2006-06-19,1.71,1.75,1.71,1.73,12398,3562.18375,1.0
2006-06-20,1.74,1.74,1.71,1.74,9824,2825.3725,1.0
2006-06-21,1.75,1.81,1.75,1.81,6448,1958.01525,1.0
2006-06-22,1.87,1.87,1.83,1.87,8972,2864.873,1.0
2006-06-23,1.89,1.92,1.85,1.88,17020,5514.5935,1.0
2006-06-26,1.9,1.9,1.84,1.88,13527,4314.711,1.0
2006-06-27,1.88,1.89,1.85,1.85,13665,4343.409,1.0
2006-06-28,1.85,1.92,1.85,1.92,11895,3918.62775,1.0
2006-06-29,1.94,1.99,1.88,1.88,33972,11416.097,1.0
2006-07-03,1.87,1.94,1.86,1.89,21186,6983.6935,1.0
2006-07-04,1.88,1.93,1.88,1.88,12714,4148.78725,1.0
2006-07-05,1.87,1.91,1.85,1.86,12456,4011.52875,1.0
2006-07-06,1.85,1.89,1.85,1.87,15657,4990.767,1.0
2006-07-07,1.87,1.94,1.86,1.94,38905,12985.53,1.0
2006-07-24,2.01,2.01,1.99,2.01,22474,7925.5565,1.0
2006-07-25,2.07,2.09,2.0,2.03,36998,13484.728,1.0
2006-07-26,2.03,2.04,1.95,1.99,21921,7590.8185,1.0
2006-07-27,1.99,2.07,1.98,2.04,25799,9265.098,1.0
2006-07-28,2.02,2.09,2.01,2.04,11656,4190.3515,1.0
2006-07-31,2.01,2.02,1.96,1.96,12909,4417.716,1.0
2006-08-01,1.93,1.95,1.88,1.89,13608,4485.448,1.0
2006-08-02,1.9,1.9,1.83,1.87,11411,3620.714,1.0
2006-08-03,1.86,1.89,1.84,1.88,11989,3810.5825,1.0
2006-08-04,1.89,1.9,1.85,1.9,18031,5792.255,1.0
2006-08-17,1.97,1.97,1.91,1.94,39195,13281.938,1.0
2006-08-18,1.9,1.92,1.86,1.87,25178,8094.5505,1.0
2006-08-21,1.81,1.83,1.8,1.81,13673,4157.7505,1.0
2006-08-22,1.8,1.83,1.8,1.81,7197,2220.98825,1.0
2006-08-23,1.83,1.86,1.82,1.85,6738,2114.89425,1.0
2006-08-24,1.85,1.88,1.8,1.86,8639,2712.87275,1.0
2006-08-25,1.86,1.86,1.83,1.86,3976,1252.46975,1.0
2006-08-28,1.88,1.88,1.83,1.85,11653,3660.26325,1.0
2006-08-29,1.85,1.85,1.81,1.83,13391,4141.87725,1.0
2006-08-30,1.81,1.82,1.78,1.8,12941,3938.918,1.0
2006-08-31,1.8,1.84,1.79,1.82,7057,2173.57775,1.0
2006-09-01,1.82,1.83,1.8,1.8,9225,2815.01725,1.0
2006-09-04,1.79,1.81,1.77,1.8,10292,3096.54575,1.0
2006-09-05,1.81,1.83,1.79,1.81,8325,2547.531,1.0
2006-09-06,1.81,1.86,1.81,1.84,12274,3837.86475,1.0
2006-09-07,1.84,1.84,1.81,1.82,7071,2179.038,1.0
2006-09-08,1.82,1.85,1.79,1.83,9010,2802.49175,1.0
2006-09-11,1.84,1.89,1.83,1.87,13692,4344.555,1.0
2006-09-12,1.87,1.88,1.85,1.87,8938,2839.536,1.0
2006-09-13,1.87,1.91,1.85,1.91,11855,3810.80025,1.0
2006-09-14,1.9,1.9,1.87,1.89,8033,2600.2625,1.0
2006-09-15,1.88,1.92,1.88,1.88,7108,2314.36525,1.0
2006-09-18,1.91,1.91,1.86,1.89,8253,2652.42225,1.0
2006-09-19,1.89,1.91,1.87,1.9,10755,3489.11375,1.0
2006-09-20,1.9,1.91,1.88,1.89,7283,2375.1835,1.0
2006-09-21,1.89,1.91,1.88,1.9,8710,2838.581,1.0
2006-09-22,1.9,1.94,1.89,1.92,9048,2986.68275,1.0
2006-09-25,1.91,1.98,1.91,1.94,14221,4795.1975,1.0
2006-09-26,1.95,1.97,1.91,1.91,8111,2710.887,1.0
2006-09-27,1.91,1.94,1.91,1.93,5768,1917.9263799999999,1.0
2006-09-28,1.94,1.94,1.91,1.92,9883,3283.77725,1.0
2006-09-29,1.92,1.94,1.89,1.9,14028,4624.221,1.0
2006-10-09,1.91,1.91,1.88,1.9,11237,3652.44875,1.0
2006-10-10,1.88,1.9,1.87,1.9,11748,3778.32825,1.0
2006-10-11,1.89,1.93,1.88,1.93,12255,4042.9065,1.0
2006-10-12,1.94,1.98,1.93,1.97,16438,5592.6415,1.0
2006-10-13,1.97,1.99,1.95,1.98,12560,4311.385,1.0
2006-10-16,1.98,1.99,1.94,1.95,8035,2729.34375,1.0
2006-10-17,1.95,2.02,1.94,2.02,11827,4113.058,1.0
2006-10-18,2.06,2.06,1.99,2.01,14601,5165.0095,1.0
2006-10-19,2.02,2.08,2.01,2.02,15803,5672.362,1.0
2006-10-20,2.04,2.04,1.97,1.97,11439,3968.70825,1.0
2006-10-23,1.96,1.96,1.9,1.9,10391,3442.05225,1.0
2006-10-24,1.96,1.97,1.93,1.97,4180,1429.32488,1.0
2006-10-25,2.01,2.01,1.94,1.94,9437,3226.414,1.0
2006-10-26,1.95,2.0,1.94,1.95,6635,2271.3045,1.0
2006-10-27,1.95,1.96,1.88,1.91,6289,2098.0415,1.0
2006-10-30,1.9,1.94,1.88,1.93,2343,773.1929399999999,1.0
2006-10-31,1.94,1.95,1.91,1.93,2502,833.916,1.0
2006-11-01,1.93,1.94,1.92,1.94,3958,1323.8841200000002,1.0
2006-11-02,1.93,1.93,1.9,1.91,5669,1859.05125,1.0
2006-11-03,1.91,1.92,1.89,1.91,5886,1926.718,1.0
2006-11-06,1.9,1.91,1.89,1.91,3495,1144.34562,1.0
2006-11-07,1.91,1.92,1.87,1.92,7688,2523.5345,1.0
2006-11-08,1.91,1.94,1.9,1.92,3699,1227.70262,1.0
2006-11-09,1.91,1.99,1.91,1.95,7850,2678.646,1.0
2006-11-10,1.98,1.98,1.93,1.94,4404,1483.841,1.0
2006-11-13,1.92,1.95,1.86,1.88,7228,2344.1565,1.0
2006-11-14,1.87,1.88,1.84,1.88,4566,1447.597,1.0
2006-11-15,1.85,1.9,1.85,1.88,2317,742.547,1.0
2006-11-16,1.89,1.89,1.84,1.85,4401,1397.578,1.0
2006-11-17,1.86,1.88,1.85,1.88,3431,1095.531,1.0
2006-11-20,1.86,1.87,1.85,1.86,4822,1525.4121200000002,1.0
2006-11-21,1.85,1.89,1.85,1.87,4797,1535.385,1.0
2006-11-22,1.86,1.92,1.86,1.91,6779,2204.04875,1.0
2006-11-23,1.88,1.91,1.86,1.89,5827,1871.97475,1.0
2006-11-24,1.87,1.88,1.85,1.88,6544,2088.614,1.0
2006-11-27,1.88,1.95,1.86,1.95,12004,3969.01325,1.0
2006-11-28,1.95,1.98,1.93,1.94,15458,5234.1655,1.0
2006-11-29,1.94,2.01,1.91,1.99,14480,5003.099,1.0
2006-11-30,2.0,2.04,1.96,1.98,11677,4074.7545,1.0
2006-12-01,1.96,2.0,1.95,1.98,9090,3117.97325,1.0
2006-12-04,1.98,1.98,1.93,1.95,11980,4052.7625,1.0
2006-12-05,1.96,1.98,1.94,1.95,8098,2738.89375,1.0
2006-12-06,1.95,2.01,1.91,1.98,13402,4565.9425,1.0
2006-12-07,1.98,2.0,1.94,1.95,12266,4200.4375,1.0
2006-12-08,1.95,1.98,1.94,1.94,6496,2196.292,1.0
2006-12-11,1.94,2.0,1.94,1.97,6273,2152.877,1.0
2006-12-12,1.97,2.0,1.96,2.0,9950,3446.206,1.0
2006-12-13,2.0,2.0,1.97,1.99,5123,1775.6085,1.0
2006-12-14,1.99,1.99,1.96,1.99,9772,3356.80425,1.0
2006-12-15,1.98,2.0,1.94,1.99,11545,3983.52175,1.0
2006-12-18,2.0,2.01,1.95,1.97,8496,2924.671,1.0
2006-12-19,1.96,2.04,1.96,2.01,19003,6640.696,1.0
2006-12-20,2.01,2.01,1.98,2.01,10947,3816.355,1.0
2006-12-21,2.01,2.08,1.99,2.07,31613,11431.92,1.0
2006-12-22,2.08,2.15,2.06,2.15,22588,8621.082,1.0
2006-12-25,2.17,2.23,2.13,2.17,37369,14700.461,1.0
2006-12-26,2.16,2.17,2.08,2.08,17435,6510.1565,1.0
2006-12-27,2.04,2.16,2.04,2.16,20083,7508.7445,1.0
2006-12-28,2.24,2.24,2.16,2.19,35970,14424.359,1.0
2006-12-29,2.19,2.26,2.18,2.26,24201,9760.279,1.0
2007-01-04,2.34,2.35,2.26,2.27,29172,12401.62,1.0
2007-01-05,2.26,2.36,2.26,2.36,28097,11938.11,1.0
2007-01-08,2.41,2.41,2.31,2.39,20302,8839.822,1.0
2007-01-09,2.43,2.46,2.39,2.43,18141,8151.023,1.0
2007-01-10,2.46,2.46,2.36,2.45,21999,9847.123,1.0
2007-01-11,2.48,2.5,2.43,2.48,15764,7216.613,1.0
2007-01-12,2.4,2.48,2.38,2.39,19445,8644.385,1.0
2007-01-15,2.38,2.48,2.37,2.48,29894,13708.746,1.0
2007-01-16,2.52,2.58,2.5,2.58,9741,4706.279,1.0
2007-01-17,2.69,2.69,2.69,2.69,6629,3367.537,1.0
2007-01-18,2.79,2.79,2.69,2.76,24868,13010.047,1.0
2007-01-19,2.76,2.79,2.69,2.74,18410,9519.944,1.0
2007-01-22,2.76,2.85,2.75,2.82,13965,7521.764,1.0
2007-01-23,2.82,2.82,2.71,2.78,13458,7058.438,1.0
2007-01-24,2.78,2.79,2.67,2.72,14648,7547.4405,1.0
2007-01-25,2.74,2.82,2.69,2.74,13482,7066.716,1.0
2007-01-26,2.72,2.74,2.63,2.69,10534,5290.1275,1.0
2007-01-29,2.69,2.69,2.63,2.69,13790,6893.141,1.0
2007-01-30,2.69,2.79,2.68,2.79,7622,4027.39475,1.0
2007-01-31,2.91,2.91,2.9,2.91,19610,10975.072,1.0
2007-02-01,2.91,2.94,2.8,2.9,31302,17426.166,1.0
2007-02-02,2.92,2.92,2.78,2.78,12753,6892.921,1.0
2007-02-05,2.77,2.77,2.66,2.69,12967,6646.514,1.0
2007-02-06,2.69,2.76,2.65,2.75,11684,5972.5685,1.0
2007-02-07,2.75,2.76,2.69,2.73,11874,6119.918,1.0
2007-02-08,2.71,2.73,2.67,2.7,14276,7254.8155,1.0
2007-02-09,2.72,2.81,2.68,2.81,16312,8575.082,1.0
2007-02-12,2.92,2.92,2.82,2.84,13739,7512.849,1.0
2007-02-13,2.9,2.96,2.82,2.95,16238,9042.378,1.0
2007-02-14,2.95,3.08,2.94,3.08,12162,7170.628,1.0
2007-02-15,3.19,3.2,3.08,3.13,24780,15169.24,1.0
2007-02-16,3.17,3.27,3.08,3.27,23437,14687.134,1.0
2007-02-26,3.27,3.41,3.22,3.41,27597,18392.158,1.0
2007-02-27,3.45,3.54,3.26,3.26,25160,16835.908,1.0
2007-02-28,3.13,3.32,3.13,3.29,22800,14343.732,1.0
2007-03-01,3.31,3.31,3.15,3.16,18446,11473.383,1.0
2007-03-02,3.17,3.25,3.13,3.22,12811,7979.4425,1.0
2007-03-05,3.19,3.23,3.08,3.14,12954,7953.9765,1.0
2007-03-06,3.14,3.2,3.09,3.18,9040,5584.4365,1.0
2007-03-07,3.15,3.23,3.15,3.2,11800,7349.7905,1.0
2007-03-08,3.22,3.34,3.21,3.34,18574,12114.19,1.0
2007-03-09,3.41,3.48,3.35,3.35,23044,15620.916,1.0
2007-03-12,3.33,3.42,3.32,3.38,14509,9686.812,1.0
2007-03-13,3.39,3.53,3.35,3.53,34444,24031.164,1.0
2007-03-14,3.61,3.65,3.39,3.52,34931,24684.342,1.0
2007-03-15,3.48,3.64,3.48,3.56,21040,15016.499,1.0
2007-03-16,3.57,3.72,3.55,3.7,36781,26797.268,1.0
2007-03-19,3.54,3.74,3.54,3.63,21536,15727.977,1.0
2007-03-20,3.63,3.79,3.61,3.79,20731,15628.373,1.0
2007-03-21,3.9,3.95,3.87,3.95,43193,34500.12,1.0
2007-03-22,3.95,4.13,3.92,4.13,70785,58130.028,1.0
2007-03-23,4.12,4.29,3.94,3.98,59553,48746.36,1.0
2007-03-26,3.83,3.98,3.8,3.81,54849,42262.756,1.0
2007-03-27,3.78,3.93,3.78,3.87,35008,27116.248,1.0
2007-03-28,3.87,3.89,3.7,3.75,25224,19017.07,1.0
2007-03-29,3.74,3.88,3.74,3.87,33022,25563.302,1.0
2007-03-30,3.88,4.03,3.87,4.03,36516,29702.47,1.0
2007-04-02,4.14,4.21,4.12,4.21,13918,11930.014,1.0
2007-04-03,4.38,4.4,4.22,4.26,50227,44492.852,1.0
2007-04-04,4.33,4.45,4.09,4.45,41089,35888.176,1.0
2007-04-05,4.65,4.65,4.65,4.65,19303,18531.052,1.0
2007-04-06,4.85,4.85,4.85,4.85,15814,15940.411,1.0
2007-04-09,5.07,5.07,4.85,4.91,95452,99536.392,1.0
2007-04-10,4.85,4.91,4.69,4.69,49818,49027.356,1.0
2007-04-11,4.69,4.91,4.65,4.9,58555,58458.948,1.0
2007-04-12,4.92,5.03,4.73,4.75,64272,64657.876,1.0
2007-08-07,7.22,8.68,6.47,7.11,268812,422723.904,1.0
2007-08-08,6.77,6.77,6.77,6.77,8569,11842.358,1.0
2007-08-09,6.46,6.46,6.46,6.46,2675,3512.275,1.0
2007-08-10,6.16,6.16,6.16,6.16,5889,7343.583,1.0
2007-08-13,5.88,6.4,5.88,5.88,88503,106834.152,1.0
2007-08-14,5.65,5.86,5.61,5.67,61741,70477.896,1.0
2007-08-15,5.93,5.93,5.76,5.93,19542,23299.19,1.0
2007-08-16,6.19,6.19,5.96,6.07,65979,81101.456,1.0
2007-08-17,5.95,6.01,5.81,5.82,34606,41290.208,1.0
2007-08-20,5.89,6.0,5.72,5.95,32201,38464.852,1.0
2007-08-21,6.01,6.05,5.86,5.95,24154,28976.4,1.0
2007-08-22,5.86,6.22,5.86,6.13,27824,34557.136,1.0
2007-08-23,6.2,6.41,6.15,6.41,25727,33148.09,1.0
2007-08-24,6.68,6.71,6.63,6.71,9299,12702.37,1.0
2007-08-27,7.02,7.02,6.72,6.79,72563,101748.808,1.0
2007-08-28,6.86,6.88,6.63,6.71,24097,33199.998,1.0
2007-08-29,6.77,7.02,6.41,7.01,44859,61123.752,1.0
2007-08-30,7.01,7.33,7.01,7.33,33966,50821.032,1.0
2007-08-31,7.62,7.63,7.27,7.31,31289,47844.524,1.0
2007-09-03,7.27,7.45,7.22,7.3,23370,35145.524,1.0
2007-09-04,7.37,7.37,6.99,6.99,24882,35965.792,1.0
2007-09-05,6.95,7.08,6.71,6.83,22212,31090.57,1.0
2007-09-06,6.79,6.99,6.78,6.9,21305,29874.362,1.0
2007-09-07,6.88,6.97,6.72,6.78,17192,23962.498,1.0
2007-09-10,6.63,6.86,6.63,6.78,13372,18341.628,1.0
2007-09-11,6.86,6.94,6.56,6.56,19994,27456.276,1.0
2007-09-12,6.45,6.63,6.44,6.59,16692,22191.958,1.0
2007-09-13,6.65,6.75,6.56,6.59,12069,16271.182,1.0
2007-09-14,6.58,6.9,6.57,6.86,22146,30793.4,1.0
2007-09-17,6.92,6.94,6.69,6.85,17191,23863.048,1.0
2007-09-18,6.77,6.92,6.71,6.78,11182,15552.715,1.0
2007-09-19,6.84,6.85,6.56,6.59,11840,16081.967,1.0
2007-09-20,6.6,6.77,6.6,6.72,12041,16390.064,1.0
2007-09-21,6.67,7.03,6.54,7.03,39609,56768.084,1.0
2007-09-24,7.08,7.36,7.08,7.14,35246,52658.484,1.0
2007-09-25,7.26,7.26,6.88,6.91,16862,24145.966,1.0
2007-09-26,6.98,7.04,6.86,6.95,10154,14426.206,1.0
2007-09-27,6.95,7.02,6.91,6.96,7362,10475.667,1.0
2007-09-28,6.99,7.26,6.97,7.13,11730,17065.058,1.0
2007-10-08,7.3,7.31,6.98,7.02,13597,19696.228,1.0
2007-10-09,7.01,7.04,6.81,6.9,10395,14622.159,1.0
2007-10-10,6.86,6.99,6.83,6.86,7950,11158.188,1.0
2007-10-11,6.87,6.87,6.67,6.67,12158,16733.138,1.0
2007-10-12,6.63,6.76,6.36,6.48,25125,32935.518,1.0
2007-10-15,6.49,6.62,6.3,6.57,8924,11678.051,1.0
2007-10-16,6.6,6.62,6.4,6.46,7311,9573.751,1.0
2007-10-17,6.4,6.77,6.4,6.77,13733,18766.302,1.0
2007-10-18,6.67,7.08,6.63,6.96,18580,26315.348,1.0
2007-10-19,7.04,7.09,6.82,6.98,11552,16634.481,1.0
2007-10-22,6.97,7.15,6.86,6.95,12482,17985.534,1.0
2007-10-23,6.9,7.04,6.63,6.72,7508,10285.164,1.0
2007-10-24,6.72,6.85,6.67,6.81,6528,8973.302,1.0
2007-10-25,6.81,6.81,6.5,6.5,9531,12788.692,1.0
2007-10-26,6.31,6.62,6.29,6.37,6472,8436.35,1.0
2007-10-29,6.41,6.64,6.32,6.42,4052,5297.2945,1.0
2007-10-30,6.46,6.54,6.26,6.52,8909,11497.054,1.0
2007-10-31,6.53,6.56,6.44,6.53,5668,7474.314,1.0
2007-11-01,6.49,6.57,6.36,6.36,5839,7635.692,1.0
2007-11-02,6.32,6.54,6.26,6.51,7770,10135.922,1.0
2007-11-05,6.35,6.81,6.35,6.75,24370,33439.202,1.0
2007-11-06,6.67,6.88,6.62,6.7,8839,12239.504,1.0
2007-11-07,6.67,6.83,6.42,6.49,5840,7813.023,1.0
2007-11-08,6.45,6.58,6.38,6.38,8351,10975.376,1.0
2007-11-09,6.36,6.49,6.34,6.4,4219,5473.923,1.0
2007-11-12,6.27,6.45,6.1,6.11,9103,11445.528,1.0
2007-11-13,6.15,6.36,6.15,6.28,3483,4411.632,1.0
2007-11-14,6.32,6.49,6.31,6.46,5971,7725.248,1.0
2007-11-15,6.34,6.48,6.32,6.38,2299,2982.222,1.0
2007-11-16,6.31,6.4,6.27,6.4,2089,2693.3765,1.0
2007-11-19,6.47,6.47,6.35,6.36,2479,3207.0675,1.0
2007-11-20,6.32,6.57,6.31,6.44,3503,4556.8775,1.0
2007-11-21,6.44,6.51,6.4,6.43,2433,3185.69925,1.0
2007-11-22,6.34,6.44,6.24,6.26,2452,3153.509,1.0
2007-11-23,6.17,6.4,6.17,6.26,1124,1434.6686200000001,1.0
2007-11-26,6.27,6.39,6.22,6.24,1608,2048.0341200000003,1.0
2007-11-27,6.17,6.23,6.11,6.11,1968,2458.14175,1.0
2007-11-28,6.17,6.17,5.95,5.97,2842,3486.63,1.0
2007-11-29,5.98,6.11,5.95,6.05,2062,2500.989,1.0
2007-11-30,6.03,6.1,5.83,5.95,2434,2937.0685,1.0
2007-12-03,5.79,5.86,5.67,5.84,5022,5833.4365,1.0
2007-12-04,5.81,6.11,5.81,6.09,3798,4601.562,1.0
2007-12-05,6.08,6.08,5.94,6.04,1712,2085.96775,1.0
2007-12-06,6.04,6.16,5.97,6.11,1574,1930.44988,1.0
2007-12-07,6.16,6.16,5.97,6.06,3624,4412.519,1.0
2007-12-10,6.08,6.34,5.95,6.31,13140,16172.621,1.0
2007-12-11,6.26,6.3,6.14,6.22,8411,10604.238,1.0
2007-12-12,6.18,6.27,6.17,6.21,3282,4140.30375,1.0
2007-12-13,6.13,6.49,6.13,6.39,12560,16409.743,1.0
2007-12-14,6.39,6.69,6.31,6.69,16689,22462.104,1.0
2007-12-17,6.83,7.0,6.7,6.72,17022,23918.816,1.0
2007-12-18,6.63,6.9,6.58,6.9,7455,10376.79,1.0
2007-12-19,7.03,7.08,6.79,6.92,5131,7252.1565,1.0
2007-12-20,6.95,6.95,6.76,6.78,6298,8735.749,1.0
2007-12-21,6.77,6.9,6.68,6.82,3367,4696.567,1.0
2007-12-24,6.83,6.97,6.76,6.88,8237,11497.452,1.0
2007-12-25,6.87,6.95,6.8,6.88,4481,6317.688,1.0
2007-12-26,6.86,7.06,6.86,7.05,9706,13878.972,1.0
2007-12-27,7.0,7.25,7.0,7.15,9030,13251.862,1.0
2007-12-28,7.22,7.22,7.08,7.11,6778,9910.554,1.0
2008-01-02,7.11,7.15,6.99,7.11,8120,11760.349,1.0
2008-01-03,7.24,7.44,7.12,7.44,17584,26650.784,1.0
2008-01-04,7.71,7.79,7.45,7.79,20172,32243.598,1.0
2008-01-07,7.94,7.95,7.68,7.71,10788,17204.93,1.0
2008-01-08,7.79,7.86,7.63,7.7,8186,13093.954,1.0
2008-01-10,7.93,8.06,7.93,8.06,11084,18453.704,1.0
2008-01-11,8.17,8.17,7.9,7.98,9752,16116.699,1.0
2008-01-14,7.8,8.22,7.77,8.08,7100,11772.758,1.0
2008-01-15,8.16,8.16,7.72,7.93,7407,12221.126,1.0
2008-01-16,7.93,8.03,7.78,7.79,7765,12543.393,1.0
2008-01-17,7.76,7.86,7.43,7.55,10435,16299.713,1.0
2008-01-18,7.65,7.74,7.31,7.56,6131,9478.277,1.0
2008-03-31,7.2,7.2,7.2,7.2,140,206.64,1.0
2008-04-01,6.87,6.87,6.87,6.87,13,18.226,1.0
2008-04-02,6.55,6.55,6.55,6.55,123,163.836,1.0
2008-04-03,6.24,6.24,6.24,6.24,1061,1342.165,1.0
2008-04-07,5.96,6.16,5.96,5.96,67580,81495.704,1.0
2008-04-08,5.69,5.97,5.69,5.81,36131,42485.02,1.0
2008-04-09,5.75,6.03,5.72,5.89,22340,26644.676,1.0
2008-04-10,5.81,5.93,5.62,5.7,22258,25587.14,1.0
2008-04-11,5.71,5.95,5.71,5.86,12650,14860.772,1.0
2008-04-14,5.86,5.86,5.59,5.6,10947,12586.923,1.0
2008-04-15,5.6,5.6,5.34,5.38,13854,14820.203,1.0
2008-04-16,5.36,5.4,5.13,5.13,9789,10033.501,1.0
2008-04-17,4.91,5.12,4.9,4.9,13583,13296.112,1.0
2008-04-18,4.9,5.12,4.72,5.12,15084,14856.646,1.0
2008-04-21,5.35,5.35,5.22,5.35,22934,24522.468,1.0
2008-04-22,5.37,5.4,5.11,5.11,9183,9457.936,1.0
2008-04-23,5.12,5.35,5.12,5.35,5994,6365.1495,1.0
2008-04-24,5.59,5.59,5.49,5.59,21658,24267.826,1.0
2008-04-25,5.59,5.84,5.49,5.83,16083,18527.284,1.0
2008-04-28,5.83,6.05,5.67,5.94,8694,10368.965,1.0
2008-04-29,5.77,5.96,5.77,5.94,5272,6270.665,1.0
2008-04-30,5.95,6.18,5.94,6.16,8312,10214.276,1.0
2008-05-05,6.21,6.45,6.18,6.45,11762,15367.738,1.0
2008-05-06,6.45,6.67,6.45,6.62,7987,10683.692,1.0
2008-06-04,6.92,6.92,6.31,6.31,13522,17559.362,1.0
2008-06-05,6.04,6.31,6.02,6.02,3670,4511.3515,1.0
2008-06-06,5.95,5.95,5.75,5.76,6407,7460.301,1.0
2008-06-10,5.5,5.7,5.5,5.5,1638,1812.784,1.0
2008-06-11,5.27,5.49,5.25,5.26,6540,6861.7515,1.0
2008-06-12,5.3,5.3,5.07,5.16,2743,2796.9985,1.0
2008-06-13,5.22,5.31,4.93,5.17,3237,3267.78775,1.0
2008-06-16,5.13,5.41,4.94,5.41,5304,5549.544,1.0
2008-06-18,5.9,5.9,5.4,5.4,35021,39813.496,1.0
2008-06-19,5.22,5.22,4.91,4.91,17178,16789.32,1.0
2008-06-20,4.48,4.97,4.47,4.52,24192,21879.746,1.0
2008-06-23,4.48,4.48,4.11,4.11,10700,8817.777,1.0
2008-06-24,4.13,4.26,3.92,4.16,7507,6031.1525,1.0
2008-06-25,4.13,4.34,4.13,4.32,6822,5674.6065,1.0
2008-06-26,4.34,4.37,4.24,4.29,5574,4692.558,1.0
2008-06-27,4.17,4.17,3.95,4.12,6630,5277.818,1.0
2008-06-30,4.07,4.3,3.95,4.26,2985,2388.95075,1.0
2008-07-01,4.26,4.27,4.08,4.13,3292,2658.142,1.0
2008-07-02,4.26,4.26,4.13,4.22,3483,2848.813,1.0
2008-07-03,4.14,4.35,4.04,4.28,3792,3150.8685,1.0
2008-07-04,4.18,4.3,4.13,4.2,5346,4359.2805,1.0
2008-07-07,4.14,4.38,4.13,4.38,6182,5164.858,1.0
2008-07-08,4.33,4.48,4.26,4.33,6473,5492.791,1.0
2008-07-09,4.35,4.5,4.31,4.44,7509,6501.415,1.0
2008-07-10,4.38,4.84,4.38,4.84,15652,14727.475,1.0
2008-07-11,4.93,5.13,4.59,4.65,17087,16238.502,1.0
2008-07-14,4.56,4.65,4.49,4.61,8783,7852.21,1.0
2008-07-15,4.6,4.65,4.34,4.36,7905,6939.6305,1.0
2008-07-16,4.34,4.34,4.13,4.19,6022,4945.3285,1.0
2008-07-17,4.22,4.31,4.13,4.16,4137,3376.33625,1.0
2008-07-18,4.18,4.33,4.15,4.31,3365,2765.5855,1.0
2008-07-21,4.31,4.53,4.22,4.41,6742,5822.5295,1.0
2008-07-22,4.35,4.55,4.35,4.47,4317,3797.78075,1.0
2008-07-23,4.45,4.54,4.45,4.49,3209,2825.561,1.0
2008-07-24,4.54,4.61,4.49,4.58,2719,2433.052,1.0
2008-07-25,4.58,4.58,4.47,4.48,1770,1563.06388,1.0
2008-07-28,4.47,4.69,4.46,4.54,2963,2659.75125,1.0
2008-07-29,4.49,4.53,4.38,4.4,3345,2888.67925,1.0
2008-07-30,4.44,4.67,4.39,4.5,4963,4405.7885,1.0
2008-07-31,4.45,4.5,4.29,4.3,2814,2402.74875,1.0
2008-08-01,4.22,4.37,4.22,4.35,1714,1446.6825,1.0
2008-08-04,4.29,4.39,4.23,4.31,1745,1452.021,1.0
2008-08-05,4.26,4.3,4.13,4.15,2371,1929.73038,1.0
2008-08-06,4.16,4.21,4.08,4.15,3634,2911.7065,1.0
2008-08-07,4.13,4.19,4.04,4.08,3057,2416.42525,1.0
2008-08-08,4.12,4.23,3.81,3.89,3440,2657.52575,1.0
2008-08-11,3.81,3.81,3.55,3.55,4639,3173.28075,1.0
2008-08-12,3.6,3.69,3.25,3.34,6066,3761.823,1.0
2008-08-13,3.26,3.35,3.16,3.31,5357,3248.23125,1.0
2008-08-14,3.32,3.59,3.28,3.59,8324,5485.612,1.0
2008-08-15,3.57,3.65,3.45,3.51,6711,4498.17,1.0
2008-08-18,3.44,3.51,3.38,3.41,3507,2277.9795,1.0
2008-08-19,3.31,3.7,3.31,3.7,7422,5177.065,1.0
2008-08-20,3.72,4.02,3.67,4.01,12814,9457.047,1.0
2008-08-21,3.83,3.96,3.76,3.83,6323,4662.25,1.0
2008-08-22,3.83,3.83,3.65,3.75,3830,2715.5575,1.0
2008-08-25,3.71,3.75,3.64,3.74,2361,1671.85225,1.0
2008-08-26,3.67,3.72,3.58,3.62,1511,1051.11075,1.0
2008-08-27,3.66,3.71,3.61,3.66,1442,1000.20388,1.0
2008-08-28,3.61,3.7,3.61,3.66,2108,1475.47488,1.0
2008-08-29,3.72,3.85,3.59,3.79,2906,2114.3875,1.0
2008-09-01,3.69,4.12,3.69,3.89,7307,5498.492,1.0
2008-09-02,3.87,3.94,3.55,3.79,3896,2829.6265,1.0
2008-09-03,3.79,3.82,3.68,3.75,3264,2328.939,1.0
2008-09-04,3.8,3.82,3.72,3.76,1118,805.1358100000001,1.0
2008-09-05,3.72,3.72,3.53,3.61,2006,1399.691,1.0
2008-09-08,3.65,3.65,3.43,3.49,2069,1383.8523799999998,1.0
2008-09-09,3.62,3.79,3.49,3.73,4931,3439.03625,1.0
2008-09-10,3.76,3.97,3.74,3.78,8023,5854.525,1.0
2008-09-11,3.78,3.78,3.52,3.55,3743,2568.912,1.0
2008-09-12,3.48,3.56,3.41,3.47,1288,846.2055600000001,1.0
2008-09-16,3.4,3.53,3.33,3.38,2022,1287.468,1.0
2008-09-17,3.39,3.39,3.24,3.26,1525,943.49625,1.0
2008-09-18,3.17,3.32,3.03,3.19,2297,1329.744,1.0
2008-09-19,3.43,3.46,3.35,3.46,8379,5462.3675,1.0
2008-09-22,3.47,3.74,3.4,3.49,8669,5864.6725,1.0
2008-09-23,3.53,3.53,3.21,3.24,5414,3328.4105,1.0
2008-09-24,3.17,3.27,3.16,3.24,2264,1353.04588,1.0
2008-09-25,3.21,3.35,3.21,3.27,2976,1826.9708799999999,1.0
2008-09-26,3.36,3.37,3.22,3.31,2958,1806.88,1.0
2008-10-06,3.16,3.23,3.16,3.23,1732,1028.90675,1.0
2008-10-07,3.19,3.35,3.01,3.35,8978,5353.152,1.0
2008-10-08,3.28,3.47,3.23,3.35,12090,7756.564,1.0
2008-10-09,3.35,3.44,3.18,3.2,9251,5637.7235,1.0
2008-10-13,3.03,3.09,2.92,2.96,9150,4937.0615,1.0
2008-10-14,3.03,3.08,2.85,2.85,5898,3212.666,1.0
2008-10-15,2.81,2.81,2.63,2.68,4180,2031.40775,1.0
2008-10-16,2.53,2.57,2.46,2.49,3574,1603.95238,1.0
2008-10-17,2.52,2.56,2.43,2.47,2697,1178.83762,1.0
2008-10-20,2.48,2.56,2.43,2.52,2342,1038.89344,1.0
2008-10-21,2.54,2.72,2.51,2.6,7161,3330.1585,1.0
2008-10-22,2.6,2.6,2.49,2.49,4579,2068.26838,1.0
2008-10-23,2.44,2.51,2.37,2.51,2544,1094.57012,1.0
2008-10-24,2.53,2.64,2.51,2.56,6157,2835.14425,1.0
2008-10-27,2.55,2.61,2.35,2.37,6137,2671.1795,1.0
2008-10-28,2.34,2.45,2.31,2.4,6193,2550.562,1.0
2008-10-29,2.46,2.48,2.36,2.47,10142,4330.4775,1.0
2008-10-30,2.47,2.67,2.47,2.65,28238,13265.739,1.0
2008-11-03,2.76,2.76,2.43,2.43,20021,8945.347,1.0
2008-11-04,2.44,2.57,2.44,2.51,11188,4969.473,1.0
2008-11-05,2.53,2.71,2.45,2.71,28017,13479.038,1.0
2008-11-06,2.67,2.9,2.62,2.8,38116,19410.258,1.0
2008-11-07,2.67,3.0,2.67,2.97,35694,18484.654,1.0
2008-11-10,3.05,3.22,3.05,3.22,41620,24493.188,1.0
2008-11-11,3.31,3.49,3.27,3.49,75219,48586.16,1.0
2008-11-12,3.49,3.74,3.28,3.65,65261,42717.288,1.0
2008-11-13,3.52,3.75,3.44,3.64,83031,57570.448,1.0
2008-11-14,3.62,3.74,3.51,3.64,70380,48553.372,1.0
2008-11-17,3.64,3.95,3.64,3.93,84431,61850.112,1.0
2008-11-19,3.6,4.08,3.59,4.02,83170,61036.132,1.0
2008-11-20,3.9,3.9,3.67,3.67,58542,42100.288,1.0
2008-11-21,3.57,3.83,3.48,3.66,52648,37301.98,1.0
2008-11-24,3.62,3.65,3.34,3.35,32023,20865.396,1.0
2008-11-25,3.43,3.46,3.26,3.37,25233,15980.751,1.0
2008-11-26,3.39,3.51,3.32,3.43,31303,20404.142,1.0
2008-11-27,3.64,3.71,3.49,3.51,58747,40480.544,1.0
2008-11-28,3.47,3.62,3.41,3.44,34081,22669.126,1.0
2008-12-01,3.4,3.6,3.27,3.59,48460,31559.102,1.0
2008-12-02,3.49,3.62,3.47,3.57,36658,24641.142,1.0
2008-12-03,3.56,3.76,3.56,3.72,47891,33441.844,1.0
2008-12-04,3.72,3.81,3.62,3.63,50283,35761.76,1.0
2008-12-05,3.62,3.68,3.57,3.66,24596,16951.658,1.0
2008-12-08,3.71,3.93,3.69,3.88,47276,34596.164,1.0
2008-12-09,3.9,4.06,3.82,3.88,51235,39047.344,1.0
2008-12-10,3.84,3.9,3.71,3.87,31076,22782.814,1.0
2008-12-11,3.84,3.94,3.67,3.69,33453,24315.326,1.0
2008-12-12,3.64,3.68,3.37,3.44,32516,21386.524,1.0
2008-12-15,3.48,3.53,3.31,3.49,22153,14395.139,1.0
2008-12-16,3.45,3.61,3.36,3.6,27334,18216.828,1.0
2008-12-17,3.6,3.72,3.57,3.58,28689,19906.07,1.0
2008-12-18,3.58,3.67,3.53,3.62,20598,14130.174,1.0
2008-12-19,3.64,3.68,3.61,3.64,23994,16676.675,1.0
2008-12-22,3.67,3.69,3.53,3.65,17604,12095.309,1.0
2008-12-23,3.67,3.73,3.55,3.58,36629,25521.454,1.0
2008-12-24,3.51,3.51,3.28,3.34,23135,14648.421,1.0
2008-12-25,3.34,3.38,3.27,3.3,11241,6981.381,1.0
2008-12-26,3.35,3.35,3.22,3.26,11653,7160.9835,1.0
2008-12-29,3.25,3.48,3.22,3.42,16521,10410.981,1.0
2008-12-30,3.39,3.52,3.35,3.36,13007,8401.067,1.0
2008-12-31,3.35,3.38,3.27,3.27,9635,6019.827,1.0
2009-01-05,3.33,3.55,3.32,3.55,35514,23686.518,1.0
2009-01-06,3.61,3.71,3.53,3.64,44212,30577.098,1.0
2009-01-07,3.62,3.82,3.59,3.72,35652,25314.22,1.0
2009-01-08,3.6,3.72,3.58,3.67,27270,18936.758,1.0
2009-01-09,3.71,3.75,3.65,3.73,22866,16123.053,1.0
2009-01-12,3.76,3.83,3.69,3.7,27736,20040.724,1.0
2009-01-14,3.62,3.94,3.6,3.85,33774,24308.19,1.0
2009-01-15,3.82,4.01,3.76,3.86,41760,31483.234,1.0
2009-01-16,3.88,3.99,3.8,3.83,28051,20973.616,1.0
2009-01-19,3.88,4.03,3.85,3.93,36089,27264.93,1.0
2009-01-20,3.9,3.98,3.85,3.93,16973,12788.511,1.0
2009-02-02,3.82,4.07,3.72,3.94,65621,49459.392,1.0
2009-02-03,3.91,4.22,3.83,4.12,70915,54977.428,1.0
2009-02-04,4.1,4.17,4.05,4.1,40042,31770.474,1.0
2009-02-05,4.1,4.1,3.93,3.94,46920,36421.524,1.0
2009-02-06,3.94,4.28,3.94,4.23,59965,47784.984,1.0
2009-02-09,4.22,4.48,4.19,4.26,50520,42312.296,1.0
2009-02-10,4.24,4.3,4.14,4.26,33629,27604.926,1.0
2009-02-11,4.2,4.57,4.17,4.39,63533,54698.372,1.0
2009-02-12,4.42,4.54,4.26,4.45,45277,39164.288,1.0
2009-02-13,4.45,4.85,4.37,4.85,57799,52214.16,1.0
2009-02-16,4.85,5.01,4.76,4.91,50330,48646.824,1.0
2009-02-17,4.9,4.9,4.57,4.59,39800,36969.176,1.0
2009-02-18,4.47,4.67,4.33,4.33,29785,26341.972,1.0
2009-02-19,4.42,4.6,4.4,4.48,42546,37502.924,1.0
2009-02-20,4.49,4.7,4.42,4.62,38916,35243.752,1.0
2009-02-23,4.65,4.84,4.59,4.78,38337,35922.712,1.0
2009-02-24,4.77,5.2,4.65,5.08,98923,97305.712,1.0
2009-02-25,5.09,5.18,4.85,4.99,78620,78509.896,1.0
2009-02-26,4.99,5.04,4.54,4.55,47277,44501.9,1.0
2009-02-27,4.35,4.52,4.14,4.14,38793,32113.442,1.0
2009-03-02,4.13,4.51,3.95,4.51,62858,53652.3,1.0
2009-03-03,4.42,4.73,4.31,4.5,71564,64489.972,1.0
2009-03-04,4.53,4.76,4.45,4.71,54381,49557.04,1.0
2009-03-05,4.7,4.84,4.54,4.69,54639,50612.284,1.0
2009-03-06,4.67,4.8,4.59,4.71,37064,34526.024,1.0
2009-03-09,4.69,4.77,4.31,4.37,39471,35294.5,1.0
2009-03-10,4.35,4.52,4.25,4.47,18076,15593.345,1.0
2009-03-11,4.53,4.57,4.41,4.43,18944,16707.252,1.0
2009-03-12,4.36,4.53,4.36,4.5,18284,15995.569,1.0
2009-03-13,4.53,4.56,4.4,4.43,17126,14977.524,1.0
2009-03-16,4.43,4.48,4.32,4.43,12918,11066.136,1.0
2009-03-17,4.44,4.63,4.41,4.62,31336,28024.074,1.0
2009-03-18,4.63,4.72,4.59,4.64,39557,36246.136,1.0
2009-03-19,4.62,4.69,4.6,4.68,29338,26861.528,1.0
2009-03-20,4.68,4.7,4.51,4.61,28223,25463.466,1.0
2009-03-23,4.61,4.69,4.6,4.69,39407,36021.544,1.0
2009-03-24,4.76,5.03,4.7,4.91,76979,74725.592,1.0
2009-03-25,4.91,4.91,4.67,4.67,40988,38526.444,1.0
2009-03-26,4.65,4.7,4.48,4.69,35820,32476.408,1.0
2009-03-30,4.66,4.84,4.58,4.73,32837,30769.776,1.0
2009-03-31,4.67,4.74,4.56,4.74,29836,27305.922,1.0
2009-04-01,4.74,4.79,4.67,4.75,38615,36067.068,1.0
2009-04-02,4.76,4.94,4.69,4.89,70732,67651.584,1.0
2009-04-03,4.89,5.34,4.86,5.34,157032,160265.728,1.0
2009-04-07,5.34,5.78,5.26,5.66,101097,112026.488,1.0
2009-04-08,5.6,5.69,5.43,5.44,65519,72602.112,1.0
2009-04-09,5.54,5.93,5.54,5.93,47081,55051.544,1.0
2009-04-10,6.22,6.48,6.02,6.11,142919,179860.848,1.0
2009-04-13,6.07,6.49,5.97,6.15,99953,125606.832,1.0
2009-04-14,6.04,6.19,5.92,6.1,60764,74129.072,1.0
2009-04-15,5.99,6.36,5.9,6.19,85800,105951.856,1.0
2009-04-16,6.09,6.26,6.02,6.04,44860,55403.416,1.0
2009-04-17,6.04,6.04,5.87,5.92,32956,39450.092,1.0
2009-04-20,5.83,5.99,5.81,5.89,34658,41115.144,1.0
2009-04-21,5.86,6.1,5.82,5.97,37276,44721.776,1.0
2009-04-22,6.01,6.11,5.44,5.54,32831,37882.972,1.0
2009-04-23,5.54,5.64,5.47,5.57,20792,23160.198,1.0
2009-04-24,5.6,5.86,5.6,5.66,29340,33868.524,1.0
2009-04-27,5.59,5.68,5.26,5.3,20769,22532.668,1.0
2009-04-28,5.22,5.45,5.22,5.39,16795,17951.498,1.0
2009-04-29,5.39,5.55,5.32,5.5,22007,23955.124,1.0
2009-04-30,5.53,5.89,5.52,5.81,42600,49131.672,1.0
2009-05-04,5.79,5.94,5.74,5.91,33010,38740.22,1.0
2009-05-05,5.91,6.01,5.8,5.86,28179,33360.292,1.0
2009-05-06,5.88,5.92,5.79,5.92,24464,28860.482,1.0
2009-05-07,5.92,5.95,5.72,5.79,24276,28445.47,1.0
2009-05-08,5.77,5.83,5.62,5.69,23939,27496.662,1.0
2009-05-11,5.71,5.83,5.62,5.62,17901,20625.984,1.0
2009-05-12,5.49,5.68,5.45,5.68,11274,12703.387,1.0
2009-05-13,5.64,5.71,5.62,5.7,14230,16210.942,1.0
2009-05-14,5.66,5.72,5.56,5.69,13514,15343.373,1.0
2009-05-15,5.72,6.21,5.72,6.21,88775,109157.504,1.0
2009-05-19,6.51,6.51,6.07,6.09,76369,96574.52,1.0
2009-05-20,6.1,6.21,5.93,6.03,39374,48113.94,1.0
2009-05-21,6.03,6.12,5.79,5.91,29016,34627.276,1.0
2009-05-22,5.9,6.04,5.81,5.93,18148,21784.9,1.0
2009-05-25,5.77,5.88,5.67,5.8,20428,23670.748,1.0
2009-05-26,5.81,5.86,5.73,5.79,18597,21604.916,1.0
2009-05-27,5.79,5.84,5.72,5.76,11594,13455.316,1.0
2009-06-01,5.77,5.94,5.75,5.9,20477,24234.7,1.0
2009-06-02,5.9,5.99,5.86,5.88,20452,24438.236,1.0
2009-06-03,5.89,5.99,5.87,5.95,19894,23803.438,1.0
2009-06-04,5.95,6.15,5.74,6.11,48843,58963.136,1.0
2009-06-05,6.07,6.07,5.87,5.9,27280,32863.102,1.0
2009-06-08,5.88,5.88,5.7,5.71,21718,25185.714,1.0
2009-06-09,5.71,5.77,5.55,5.65,19698,22192.42,1.0
2009-06-10,5.61,5.87,5.61,5.82,21608,25158.462,1.0
2009-06-11,5.82,5.82,5.65,5.67,15424,17688.112,1.0
2009-06-12,5.7,5.86,5.67,5.72,19497,22616.022,1.0
2009-06-15,5.67,5.83,5.67,5.8,15342,17847.354,1.0
2009-06-16,5.8,5.99,5.72,5.94,34566,41196.832,1.0
2009-06-17,5.89,6.08,5.81,5.93,30623,36750.432,1.0
2009-06-18,5.94,6.06,5.93,6.01,30224,36667.5,1.0
2009-06-19,6.01,6.13,5.95,6.06,34612,42307.996,1.0
2009-06-22,6.06,6.11,5.89,5.91,25349,30449.232,1.0
2009-06-23,5.86,6.17,5.77,6.08,41161,49898.164,1.0
2009-06-24,6.06,6.28,6.0,6.13,67512,84635.024,1.0
2009-06-25,6.13,6.17,5.95,6.01,24978,30409.818,1.0
2009-06-26,5.96,6.06,5.91,5.99,17957,21725.2,1.0
2009-06-29,5.97,6.33,5.97,6.3,76976,97216.608,1.0
2009-06-30,6.34,6.37,6.01,6.06,37329,46410.672,1.0
2009-07-01,6.02,6.11,5.95,6.06,24672,29969.998,1.0
2009-07-02,6.08,6.16,5.95,5.97,37191,45037.884,1.0
2009-07-03,5.92,6.01,5.83,5.92,39849,47342.86,1.0
2009-07-06,5.92,5.93,5.71,5.78,55914,65104.36,1.0
2009-07-07,5.79,5.84,5.75,5.82,42808,49929.924,1.0
2009-07-08,5.81,6.01,5.73,5.98,57918,69159.144,1.0
2009-07-09,5.99,6.05,5.91,6.03,43427,52576.16,1.0
2009-07-10,6.04,6.27,6.03,6.06,62281,77711.24,1.0
2009-07-13,6.05,6.15,6.02,6.08,38920,47851.86,1.0
2009-07-14,6.2,6.2,6.06,6.13,34637,42866.572,1.0
2009-07-15,6.16,6.35,6.11,6.26,85737,108258.168,1.0
2009-07-16,6.18,6.22,6.06,6.06,60981,75611.592,1.0
2009-07-17,6.05,6.12,5.97,6.05,42252,51408.632,1.0
2009-07-20,6.08,6.31,6.05,6.26,74384,93589.464,1.0
2009-07-21,6.26,6.83,6.21,6.83,188200,253434.976,1.0
2009-07-22,6.73,7.31,6.63,6.97,150062,211083.392,1.0
2009-07-23,6.86,7.09,6.79,6.82,72440,101796.368,1.0
2009-07-24,6.9,7.07,6.52,6.67,71331,98769.056,1.0
2009-07-27,6.67,6.97,6.67,6.87,59809,83437.024,1.0
2009-07-28,6.99,7.0,6.71,6.84,45876,63853.032,1.0
2009-07-29,6.86,6.97,6.2,6.31,47746,64300.012,1.0
2009-07-30,6.46,6.46,6.04,6.29,41410,52368.628,1.0
2009-07-31,6.3,6.54,6.27,6.5,33966,44506.46,1.0
2009-08-03,6.49,6.77,6.46,6.7,40974,54880.224,1.0
2009-08-04,6.71,6.97,6.58,6.92,58032,80740.56,1.0
2009-08-05,6.95,7.12,6.8,7.01,52857,74952.032,1.0
2009-08-06,7.01,7.22,6.81,7.08,73750,106217.448,1.0
2009-08-07,7.15,7.29,6.7,6.92,106161,151532.832,1.0
2009-08-10,6.95,7.13,6.72,6.76,63525,88591.856,1.0
2009-08-11,6.71,6.94,6.62,6.71,28230,38555.016,1.0
2009-08-12,6.72,6.74,6.2,6.32,26691,34903.676,1.0
2009-08-13,6.29,6.33,6.08,6.29,18379,23278.456,1.0
2009-08-14,6.36,6.37,5.95,5.99,26292,32491.622,1.0
2009-08-17,5.88,5.94,5.49,5.79,29104,33380.892,1.0
2009-08-18,5.72,5.99,5.5,5.99,20209,23406.704,1.0
2009-08-19,5.88,5.96,5.63,5.7,16225,18926.87,1.0
2009-08-20,5.67,6.12,5.64,5.99,25490,30109.244,1.0
2009-08-21,6.2,6.27,6.03,6.08,75992,94325.888,1.0
2009-08-24,6.01,6.15,5.83,5.97,60993,73508.76,1.0
2009-08-25,5.88,5.88,5.5,5.6,42076,48035.008,1.0
2009-08-26,5.58,5.86,5.54,5.77,33317,38327.832,1.0
2009-08-27,5.72,5.89,5.7,5.8,28243,32918.23,1.0
2009-08-28,5.85,5.94,5.72,5.73,36930,43477.728,1.0
2009-08-31,5.63,5.63,5.21,5.21,30490,32700.73,1.0
2009-09-01,5.13,5.26,5.04,5.13,19336,19846.976,1.0
2009-09-02,5.15,5.21,5.0,5.15,13168,13387.988,1.0
2009-09-03,5.13,5.37,5.13,5.35,23038,24337.074,1.0
2009-09-04,5.31,5.48,5.3,5.44,22306,24096.672,1.0
2009-09-07,5.45,5.49,5.32,5.42,29410,31972.526,1.0
2009-09-08,5.42,5.6,5.35,5.5,31724,35091.1,1.0
2009-09-09,5.49,5.56,5.4,5.53,28257,31046.73,1.0
2009-09-10,5.58,5.61,5.42,5.45,30350,33567.304,1.0
2009-09-11,5.42,5.53,5.42,5.48,23660,26010.77,1.0
2009-09-14,5.49,5.67,5.49,5.65,38941,43713.556,1.0
2009-09-15,5.65,5.7,5.57,5.66,27691,31384.632,1.0
2009-09-16,5.71,5.92,5.71,5.76,49756,58270.84,1.0
2009-09-17,5.79,6.03,5.69,5.95,57350,67808.608,1.0
2009-09-18,5.99,6.03,5.62,5.68,39722,46937.604,1.0
2009-09-21,5.65,5.72,5.47,5.69,24212,27239.968,1.0
2009-09-22,5.59,5.7,5.52,5.52,18350,20686.998,1.0
2009-09-23,5.5,5.56,5.26,5.3,15545,16803.256,1.0
2009-09-24,5.3,5.44,5.13,5.3,18326,19392.844,1.0
2009-09-25,5.33,5.35,5.25,5.29,10759,11381.153,1.0
2009-09-28,5.33,5.36,5.09,5.12,9090,9550.63,1.0
2009-09-30,5.13,5.27,5.13,5.21,12940,13474.476,1.0
2009-10-09,5.31,5.46,5.22,5.44,16516,17709.566,1.0
2009-10-12,5.45,5.58,5.44,5.55,20403,22511.65,1.0
2009-10-13,5.53,5.65,5.49,5.62,17174,19252.088,1.0
2009-10-14,5.65,5.7,5.54,5.6,23987,27127.834,1.0
2009-10-15,5.62,5.69,5.58,5.64,20364,23070.336,1.0
2009-10-19,5.72,5.85,5.59,5.83,40621,46862.156,1.0
2009-10-20,5.85,5.85,5.73,5.78,29686,34488.792,1.0
2009-10-21,5.76,5.84,5.72,5.72,24233,28162.444,1.0
2009-10-22,5.72,5.78,5.65,5.74,21131,24300.388,1.0
2009-10-23,5.74,5.87,5.72,5.86,38787,45529.76,1.0
2009-10-26,5.86,5.86,5.71,5.75,31476,36484.208,1.0
2009-10-27,5.72,5.72,5.45,5.45,35850,39958.684,1.0
2009-10-28,5.47,5.54,5.4,5.53,17547,19290.73,1.0
2009-10-29,5.45,5.45,5.3,5.34,27758,29742.884,1.0
2009-10-30,5.38,5.48,5.35,5.38,21015,22776.14,1.0
2009-11-02,5.31,5.5,5.25,5.48,21378,23259.99,1.0
2009-11-03,5.51,5.67,5.48,5.65,31578,35356.2,1.0
2009-11-04,5.69,5.71,5.58,5.69,34529,39270.7,1.0
2009-11-05,5.69,5.78,5.66,5.76,36290,41762.832,1.0
2009-11-06,5.81,6.29,5.81,6.29,171344,213980.048,1.0
2009-11-09,6.29,6.29,6.02,6.08,103657,127915.36,1.0
2009-11-10,6.11,6.14,5.99,6.05,56525,69339.824,1.0
2009-11-11,6.04,6.4,6.01,6.31,109932,138175.344,1.0
2009-11-12,6.29,6.56,6.22,6.47,107290,140310.72,1.0
2009-11-13,6.41,6.67,6.36,6.6,115289,153441.632,1.0
2009-11-16,6.61,6.86,6.49,6.76,103920,142569.264,1.0
2009-11-17,6.79,6.85,6.6,6.67,56597,76807.168,1.0
2009-11-18,6.74,6.8,6.56,6.66,87240,119497.72,1.0
2009-11-19,6.63,6.75,6.57,6.64,46407,62613.732,1.0
2009-11-20,6.62,6.92,6.57,6.8,99788,138417.104,1.0
2009-11-23,6.72,6.89,6.71,6.75,79330,109585.016,1.0
2009-11-24,6.74,6.78,6.23,6.31,66307,88671.576,1.0
2009-11-25,6.31,6.64,6.31,6.58,50937,67313.056,1.0
2009-11-26,6.79,6.79,6.31,6.32,40903,54035.48,1.0
2009-11-27,6.31,6.45,6.18,6.26,25774,32903.312,1.0
2009-11-30,6.4,6.62,6.31,6.58,45232,59843.504,1.0
2009-12-01,6.62,6.9,6.52,6.85,87733,121324.456,1.0
2009-12-02,6.84,6.99,6.74,6.83,48675,67473.776,1.0
2009-12-03,6.84,6.94,6.73,6.94,74079,103526.568,1.0
2009-12-04,6.92,6.92,6.49,6.64,61987,84436.648,1.0
2009-12-07,6.65,6.67,6.5,6.62,27877,37311.188,1.0
2009-12-08,6.71,6.71,6.54,6.61,24961,33593.1,1.0
2009-12-09,6.49,6.67,6.48,6.56,23561,31434.048,1.0
2009-12-10,6.67,6.81,6.59,6.79,59847,82247.68,1.0
2009-12-11,6.79,6.83,6.69,6.77,34922,48290.36,1.0
2009-12-14,6.82,6.87,6.63,6.75,29422,40415.296,1.0
2009-12-15,6.74,6.87,6.74,6.82,57753,80500.728,1.0
2009-12-16,6.77,6.91,6.72,6.88,52219,73160.56,1.0
2009-12-17,6.89,7.04,6.68,6.77,40218,55995.916,1.0
2009-12-18,6.66,6.81,6.59,6.63,36687,50100.148,1.0
2009-12-21,6.67,6.81,6.6,6.79,26675,36507.652,1.0
2009-12-22,6.8,6.82,6.69,6.75,30788,42400.464,1.0
2009-12-23,6.74,6.95,6.5,6.82,53802,74022.032,1.0
2009-12-24,6.85,7.08,6.77,6.98,93187,132246.664,1.0
2009-12-25,6.97,7.07,6.88,6.93,53226,75819.112,1.0
2009-12-28,6.94,7.23,6.9,7.18,81173,117553.944,1.0
2009-12-29,7.15,7.27,7.04,7.18,46059,67267.2,1.0
2009-12-30,7.17,7.26,6.92,6.92,48465,69435.792,1.0
2009-12-31,6.95,7.03,6.88,6.92,34657,49249.356,1.0
2010-01-04,7.02,7.02,6.89,6.93,26851,38130.812,1.0
2010-01-05,6.93,6.97,6.82,6.93,36514,51376.396,1.0
2010-01-06,6.94,7.05,6.92,6.97,45681,65257.748,1.0
2010-01-08,6.81,6.97,6.7,6.94,36837,51713.072,1.0
2010-01-11,6.97,6.98,6.85,6.92,22307,31465.918,1.0
2010-01-12,6.93,7.07,6.91,7.06,45043,64575.508,1.0
2010-01-13,6.98,7.1,6.91,7.02,35296,50529.912,1.0
2010-01-14,7.04,7.3,7.03,7.26,55199,81660.952,1.0
2010-01-15,7.27,7.52,7.2,7.35,63982,96911.928,1.0
2010-01-18,7.43,7.43,7.27,7.32,42285,63562.136,1.0
2010-01-19,7.32,7.37,7.2,7.31,36253,54153.152,1.0
2010-01-20,7.31,7.36,6.86,6.9,41620,60395.072,1.0
2010-01-21,6.92,6.99,6.88,6.9,23790,33685.872,1.0
2010-01-22,6.77,6.82,6.48,6.64,24180,32863.198,1.0
2010-01-25,6.62,6.67,6.53,6.57,12963,17375.952,1.0
2010-01-26,6.77,6.77,6.47,6.54,12590,16748.701,1.0
2010-01-27,6.58,6.58,6.41,6.49,13310,17583.274,1.0
2010-01-28,6.64,6.64,6.46,6.53,8586,11359.837,1.0
2010-01-29,6.62,6.86,6.52,6.72,26606,36467.836,1.0
2010-02-01,6.8,7.12,6.74,6.88,46001,65131.872,1.0
2010-02-02,6.88,6.95,6.72,6.78,19815,27644.078,1.0
2010-02-03,6.79,6.85,6.46,6.79,23211,31471.274,1.0
2010-02-04,6.79,7.02,6.66,6.87,30486,42788.712,1.0
2010-02-05,6.71,6.84,6.54,6.71,21549,29389.83,1.0
2010-02-08,6.65,6.74,6.59,6.65,9551,13027.207,1.0
2010-02-09,6.68,6.7,6.53,6.63,11141,14974.499,1.0
2010-02-10,6.68,6.68,6.54,6.62,8154,10968.773,1.0
2010-02-11,6.67,6.69,6.62,6.63,6764,9150.495,1.0
2010-02-12,6.68,6.75,6.63,6.67,13891,18957.11,1.0
2010-02-22,6.7,6.91,6.64,6.78,30921,42919.68,1.0
2010-02-23,6.81,6.85,6.65,6.83,17071,23563.012,1.0
2010-02-24,6.77,6.94,6.77,6.93,24317,34259.596,1.0
2010-02-25,6.97,7.02,6.88,6.97,27320,38834.136,1.0
2010-02-26,6.91,6.99,6.9,6.91,18279,25891.616,1.0
2010-03-01,6.92,6.98,6.92,6.95,27128,38526.74,1.0
2010-03-02,6.96,7.03,6.84,6.9,24662,34856.104,1.0
2010-03-03,6.9,7.06,6.86,7.04,41531,59414.152,1.0
2010-03-04,7.04,7.05,6.64,6.67,28614,39948.168,1.0
2010-03-05,6.63,6.74,6.55,6.61,25490,34398.488,1.0
2010-03-08,6.7,6.71,6.57,6.67,17358,23523.456,1.0
2010-03-09,6.69,6.7,6.61,6.69,12801,17342.19,1.0
2010-03-10,6.67,6.79,6.63,6.67,19154,26180.196,1.0
2010-03-11,6.63,6.77,6.58,6.64,10645,14424.598,1.0
2010-03-12,6.71,6.79,6.59,6.67,21180,28988.312,1.0
2010-03-15,6.7,6.74,6.57,6.62,10190,13785.227,1.0
2010-03-16,6.66,6.66,6.47,6.58,17161,22928.696,1.0
2010-03-17,6.63,6.73,6.62,6.72,22269,30313.114,1.0
2010-03-18,6.67,6.85,6.67,6.78,27713,38332.456,1.0
2010-03-19,6.78,6.81,6.65,6.77,19256,26488.092,1.0
2010-03-22,6.78,6.88,6.7,6.83,26187,36295.592,1.0
2010-03-23,6.79,6.9,6.77,6.82,26885,37566.512,1.0
2010-03-24,6.82,7.0,6.78,6.93,45127,63871.452,1.0
2010-03-25,6.91,7.04,6.83,6.86,33254,47036.664,1.0
2010-03-26,6.82,6.93,6.77,6.9,28408,39873.448,1.0
2010-03-29,6.98,6.99,6.88,6.94,40278,57120.644,1.0
2010-03-30,6.82,6.82,6.67,6.72,61217,83880.12,1.0
2010-03-31,6.7,6.74,6.66,6.71,22251,30357.072,1.0
2010-04-01,6.71,6.85,6.71,6.83,47689,66074.36,1.0
2010-04-02,6.87,6.89,6.77,6.86,36079,50319.404,1.0
2010-04-06,6.88,6.92,6.82,6.89,33780,47387.584,1.0
2010-04-07,6.9,6.92,6.81,6.86,27616,38737.876,1.0
2010-04-08,6.86,7.06,6.82,7.02,79505,113311.648,1.0
2010-04-09,6.99,7.07,6.96,7.05,46265,66409.736,1.0
2010-04-12,7.07,7.12,6.99,7.04,46229,66649.032,1.0
2010-04-13,7.04,7.04,6.45,6.89,40130,56257.368,1.0
2010-04-14,6.9,6.95,6.77,6.87,19585,27486.356,1.0
2010-04-15,6.91,6.92,6.75,6.77,17949,24982.84,1.0
2010-04-16,6.77,6.89,6.67,6.83,23258,32295.512,1.0
2010-04-19,6.77,6.85,6.55,6.57,27065,37320.204,1.0
2010-04-20,6.63,6.65,6.4,6.52,16265,21525.966,1.0
2010-04-21,6.52,6.66,6.51,6.61,24060,32180.414,1.0
2010-04-22,6.66,6.76,6.49,6.62,43685,59102.788,1.0
2010-04-26,6.66,6.66,6.49,6.6,14846,19828.386,1.0
2010-04-27,6.6,6.6,6.22,6.35,21551,27979.506,1.0
2010-04-28,6.23,6.41,6.23,6.28,15369,19830.194,1.0
2010-04-29,6.3,6.37,5.88,6.07,23999,30081.482,1.0
2010-04-30,6.12,6.18,5.89,6.05,24269,29620.984,1.0
2010-05-04,5.91,6.17,5.91,6.06,17523,21570.316,1.0
2010-05-05,5.98,6.3,5.98,6.23,26455,33038.824,1.0
2010-05-06,6.24,6.32,6.06,6.09,13852,17388.768,1.0
2010-05-07,5.99,6.26,5.92,6.2,28251,35212.456,1.0
2010-05-10,6.21,6.24,5.89,5.98,13715,16779.27,1.0
2010-05-11,6.06,6.11,5.63,5.81,19861,23796.32,1.0
2010-05-12,5.72,5.8,5.6,5.74,23730,27322.086,1.0
2010-05-13,5.78,5.8,5.5,5.71,32455,37055.1,1.0
2010-05-14,5.71,5.99,5.56,5.78,30019,35226.992,1.0
2010-05-17,5.72,5.72,5.33,5.33,14425,16051.124,1.0
2010-05-18,5.31,5.44,5.15,5.38,22602,24081.706,1.0
2010-05-19,5.27,5.46,5.22,5.38,16115,17236.358,1.0
2010-05-20,5.27,5.66,5.27,5.41,45019,49751.78,1.0
2010-05-21,5.21,5.46,5.04,5.4,28704,30273.422,1.0
2010-05-24,5.41,5.66,5.4,5.57,43761,49017.052,1.0
2010-05-25,5.54,5.54,5.36,5.43,15361,16772.361,1.0
2010-05-26,5.43,5.56,5.4,5.49,12573,13822.022,1.0
2010-05-27,5.49,5.7,5.4,5.63,33855,38076.684,1.0
2010-05-28,5.65,5.7,5.54,5.58,30515,34533.76,1.0
2010-05-31,5.51,5.63,5.45,5.45,18489,20480.88,1.0
2010-06-01,5.4,5.5,5.24,5.48,28837,31268.144,1.0
2010-06-02,5.45,5.57,5.36,5.52,11594,12733.96,1.0
2010-06-03,5.52,5.57,5.44,5.44,21838,24222.37,1.0
2010-06-04,5.44,5.51,5.36,5.45,12010,13136.546,1.0
2010-06-07,5.38,5.47,5.29,5.41,10063,10825.648,1.0
2010-06-08,5.41,5.55,5.35,5.53,23093,25405.022,1.0
2010-06-09,5.56,5.61,5.48,5.59,19417,21643.124,1.0
2010-06-10,5.59,5.63,5.54,5.57,15505,17366.236,1.0
2010-06-11,5.6,5.7,5.53,5.62,31101,35137.2,1.0
2010-06-17,5.65,5.67,5.56,5.56,13533,15226.863,1.0
2010-06-18,5.48,5.6,5.26,5.31,12447,13617.455,1.0
2010-06-21,5.35,5.56,5.21,5.55,17215,18636.7,1.0
2010-06-22,5.5,5.75,5.49,5.7,49750,56805.648,1.0
2010-06-23,5.72,5.85,5.62,5.73,46500,53788.38,1.0
2010-06-24,5.63,5.83,5.62,5.78,40206,46504.38,1.0
2010-06-25,5.72,5.8,5.61,5.8,25097,28914.382,1.0
2010-06-28,5.85,5.98,5.72,5.72,31144,36656.968,1.0
2010-06-29,5.72,5.76,5.4,5.53,26205,28848.862,1.0
2010-06-30,5.45,5.54,5.21,5.26,18534,19732.9,1.0
2010-07-01,5.25,5.32,5.21,5.22,10956,11499.517,1.0
2010-07-02,5.22,5.25,4.77,5.07,17150,17088.284,1.0
2010-07-05,4.92,5.03,4.86,4.94,8885,8715.49,1.0
2010-07-06,4.94,5.17,4.94,5.08,18326,18366.128,1.0
2010-07-07,5.07,5.11,5.0,5.08,9526,9583.62,1.0
2010-07-08,5.1,5.1,4.94,4.99,10963,10960.327,1.0
2010-07-09,4.99,5.19,4.96,5.15,24270,24594.892,1.0
2010-07-12,5.17,5.31,5.1,5.22,24515,25596.584,1.0
2010-07-13,5.17,5.17,5.04,5.1,12590,12767.051,1.0
2010-07-14,5.22,5.55,5.22,5.35,59251,64333.228,1.0
2010-07-15,5.26,5.35,5.17,5.18,16409,17153.642,1.0
2010-07-16,5.14,5.26,5.04,5.2,17856,18406.604,1.0
2010-07-19,5.19,5.46,5.13,5.44,37552,40381.112,1.0
2010-07-20,5.45,5.59,5.4,5.52,37695,41701.792,1.0
2010-07-21,5.52,5.56,5.45,5.45,18443,20313.406,1.0
2010-07-22,5.45,5.67,5.45,5.53,21942,24361.852,1.0
2010-07-23,5.54,5.99,5.5,5.99,91417,105475.216,1.0
2010-07-26,5.98,6.05,5.86,5.97,60752,73056.984,1.0
2010-07-27,5.92,6.06,5.81,5.98,55092,66466.4,1.0
2010-07-28,5.98,6.11,5.95,6.05,69244,84593.656,1.0
2010-07-29,5.99,6.12,5.91,6.0,36826,44645.652,1.0
2010-07-30,5.98,5.99,5.8,5.89,36436,43344.348,1.0
2010-08-02,5.9,6.04,5.86,6.04,53388,64595.036,1.0
2010-08-03,6.06,6.08,5.9,5.9,22074,26617.158,1.0
2010-08-04,5.84,5.96,5.75,5.92,23344,27512.356,1.0
2010-08-05,5.89,6.1,5.86,5.96,35783,43527.628,1.0
2010-08-06,5.92,6.03,5.88,6.01,25395,30661.606,1.0
2010-08-09,6.04,6.15,6.01,6.04,29180,35772.892,1.0
2010-08-10,6.05,6.09,5.91,5.91,23236,28114.036,1.0
2010-08-11,5.76,5.88,5.72,5.79,22514,26282.646,1.0
2010-08-12,5.74,5.9,5.74,5.77,25325,29745.756,1.0
2010-08-13,5.77,5.85,5.72,5.82,12153,14169.951,1.0
2010-08-16,5.86,5.94,5.77,5.93,26733,31742.61,1.0
2010-08-17,5.96,6.02,5.86,5.95,28445,34141.084,1.0
2010-08-18,6.28,6.28,5.95,6.0,44586,54495.304,1.0
2010-08-19,5.96,6.1,5.9,5.95,34339,41593.388,1.0
2010-08-20,5.93,5.99,5.8,5.9,29274,34827.608,1.0
2010-08-23,5.9,6.08,5.85,6.03,47675,57969.4,1.0
2010-08-24,6.14,6.21,6.04,6.08,55623,68654.32,1.0
2010-08-25,6.04,6.1,5.9,5.92,22876,27666.896,1.0
2010-08-26,5.92,6.03,5.9,5.95,14579,17492.25,1.0
2010-08-27,5.94,6.04,5.89,6.01,22244,26801.848,1.0
2010-08-30,6.01,6.17,6.01,6.14,43106,53292.1,1.0
2010-08-31,6.1,6.1,5.98,6.07,31999,39008.368,1.0
2010-09-01,6.05,6.31,6.02,6.04,44426,55182.244,1.0
2010-09-02,6.11,6.13,6.04,6.08,25371,31188.812,1.0
2010-09-03,6.07,6.22,5.96,6.16,52278,64410.028,1.0
2010-09-06,6.19,6.24,6.06,6.17,30792,38400.212,1.0
2010-09-07,6.17,6.51,6.16,6.37,86049,111226.288,1.0
2010-09-08,6.35,6.49,6.26,6.42,40681,52695.244,1.0
2010-09-09,6.41,6.41,6.11,6.14,34085,43300.468,1.0
2010-09-10,6.13,6.22,5.95,6.14,25398,31295.21,1.0
2010-09-13,6.11,6.33,6.11,6.21,24956,31417.976,1.0
2010-09-14,6.24,6.3,6.18,6.23,24310,30750.678,1.0
2010-09-15,6.22,6.28,6.09,6.11,26992,33876.632,1.0
2010-09-16,6.1,6.2,5.86,5.9,18511,22351.426,1.0
2010-09-17,5.89,6.03,5.83,5.9,16086,19269.612,1.0
2010-09-20,5.91,5.98,5.72,5.79,13970,16464.177,1.0
2010-09-21,5.8,5.88,5.76,5.82,7301,8556.236,1.0
2010-09-27,5.87,6.01,5.84,5.93,8729,10393.431,1.0
2010-09-28,5.88,6.02,5.88,5.97,24161,29135.832,1.0
2010-09-29,5.95,6.06,5.91,5.92,14942,18124.596,1.0
2010-09-30,5.92,5.97,5.81,5.94,12644,15046.104,1.0
2010-10-08,5.97,6.17,5.91,6.05,19406,23689.534,1.0
2010-10-11,6.05,6.2,6.01,6.13,34101,42137.416,1.0
2010-10-12,6.04,6.09,5.86,5.9,48214,57895.656,1.0
2010-10-13,6.03,6.34,6.02,6.12,76856,95750.896,1.0
2010-10-14,6.08,6.08,5.85,5.86,40431,48378.532,1.0
2010-10-15,5.85,5.88,5.74,5.76,24951,29066.938,1.0
2010-10-18,5.73,5.8,5.45,5.51,25975,28869.472,1.0
2010-10-19,5.52,5.67,5.5,5.67,17359,19590.214,1.0
2010-10-20,5.51,5.65,5.51,5.57,18847,21141.94,1.0
2010-10-21,5.64,5.74,5.59,5.65,18321,20800.866,1.0
2010-10-22,5.65,5.72,5.61,5.7,19113,21778.634,1.0
2010-10-25,5.74,5.83,5.69,5.8,29515,34059.144,1.0
2010-10-26,5.8,5.8,5.68,5.75,23273,26768.55,1.0
2010-10-27,5.75,5.8,5.69,5.72,22708,26256.746,1.0
2010-10-28,5.72,5.79,5.64,5.67,14697,16846.624,1.0
2010-10-29,5.72,5.72,5.64,5.68,13168,15014.203,1.0
2010-11-01,5.7,5.75,5.68,5.75,23031,26487.59,1.0
2010-11-02,5.74,5.82,5.73,5.79,32502,37784.744,1.0
2010-11-03,5.8,5.94,5.74,5.88,49345,58159.728,1.0
2010-11-04,5.86,5.92,5.77,5.84,27538,32403.854,1.0
2010-11-05,5.85,5.94,5.79,5.91,40430,47793.124,1.0
2010-11-08,5.9,6.01,5.86,5.99,44318,53181.592,1.0
2010-11-09,5.99,6.05,5.95,5.97,42942,52016.7,1.0
2010-11-10,5.99,6.19,5.96,6.12,61499,75324.344,1.0
2010-11-11,6.09,6.31,6.01,6.01,93052,117543.328,1.0
2010-11-12,6.1,6.17,5.62,5.65,55220,65659.052,1.0
2010-11-15,5.6,5.71,5.49,5.7,24817,27957.21,1.0
2010-11-16,5.7,5.89,5.61,5.67,31507,36531.476,1.0
2010-11-17,5.56,5.66,5.4,5.4,16702,18508.674,1.0
2010-11-18,5.42,5.56,5.42,5.5,10643,11677.083,1.0
2010-11-19,5.56,5.56,5.39,5.53,12566,13769.443,1.0
2010-11-22,5.48,5.59,5.45,5.55,13853,15354.504,1.0
2010-11-23,5.53,5.58,5.44,5.55,12385,13674.961,1.0
2010-11-24,5.48,5.66,5.46,5.64,14159,15837.312,1.0
2010-11-25,5.67,5.85,5.63,5.76,34653,40045.88,1.0
2010-11-26,5.72,5.8,5.6,5.65,15518,17724.95,1.0
2010-11-29,5.6,5.68,5.6,5.65,12330,13975.429,1.0
2010-11-30,5.67,5.83,5.45,5.78,33187,37929.692,1.0
2010-12-01,5.78,5.92,5.74,5.81,47616,56108.844,1.0
2010-12-02,5.81,5.91,5.64,5.84,38741,45192.584,1.0
2010-12-03,5.85,5.85,5.65,5.69,16933,19499.648,1.0
2010-12-06,5.67,5.8,5.63,5.67,16812,19285.78,1.0
2010-12-07,5.6,5.79,5.54,5.75,24257,27846.464,1.0
2010-12-08,5.75,5.77,5.62,5.65,17186,19667.942,1.0
2010-12-09,5.58,5.61,5.47,5.48,17069,18898.564,1.0
2010-12-10,5.45,5.79,5.42,5.73,30967,35406.132,1.0
2010-12-13,5.82,6.06,5.82,5.86,56669,67843.376,1.0
2010-12-14,5.84,6.4,5.75,6.4,115464,144962.288,1.0
2010-12-28,5.95,6.15,5.8,5.89,101046,120988.592,1.0
2010-12-29,5.78,5.87,5.5,5.66,51987,58606.604,1.0
2010-12-30,5.58,5.73,5.5,5.62,30693,34615.396,1.0
2010-12-31,5.61,5.89,5.6,5.79,38878,45267.248,1.0
2011-01-04,5.81,5.92,5.72,5.86,41837,49302.036,1.0
2011-01-05,5.81,6.21,5.81,6.08,58482,71192.728,1.0
2011-01-06,6.04,6.29,5.97,6.27,59577,74393.048,1.0
2011-01-07,6.22,6.36,6.04,6.12,50357,63535.16,1.0
2011-01-10,6.12,6.21,5.98,6.05,26867,32952.728,1.0
2011-01-11,6.05,6.1,5.88,5.99,20231,24322.684,1.0
2011-01-12,5.97,6.09,5.91,6.08,20566,24995.24,1.0
2011-01-13,6.08,6.08,5.98,6.01,17460,21286.546,1.0
2011-01-14,5.99,5.99,5.76,5.8,19106,22437.448,1.0
2011-01-17,5.74,5.82,5.4,5.44,24395,27066.552,1.0
2011-01-18,5.54,5.72,5.47,5.65,26976,30317.034,1.0
2011-01-19,5.66,5.7,5.52,5.69,20704,23354.342,1.0
2011-01-20,5.7,5.7,5.43,5.43,22122,24528.216,1.0
2011-01-21,5.42,5.55,5.36,5.5,13121,14408.359,1.0
2011-01-24,5.48,5.63,5.48,5.57,15388,17159.436,1.0
2011-01-25,5.58,5.58,5.43,5.47,9910,10858.329,1.0
2011-01-26,5.45,5.63,5.45,5.58,13493,15063.589,1.0
2011-01-27,5.57,5.67,5.5,5.59,15929,17936.39,1.0
2011-01-28,5.6,5.7,5.58,5.65,11964,13561.771,1.0
2011-01-31,5.65,5.8,5.65,5.8,22103,25598.506,1.0
2011-02-01,5.77,5.88,5.7,5.81,16047,18657.596,1.0
2011-02-09,5.72,5.86,5.67,5.73,16807,19504.206,1.0
2011-02-10,5.73,5.96,5.7,5.94,28856,34113.352,1.0
2011-02-11,5.89,6.48,5.89,6.31,92600,117962.216,1.0
2011-02-14,6.4,6.89,6.4,6.89,68345,94965.952,1.0
2011-02-15,7.4,7.53,7.33,7.53,115007,176787.696,1.0
2011-02-16,7.55,8.18,7.55,7.99,247716,401512.352,1.0
2011-02-17,7.81,7.97,7.64,7.93,169845,272804.352,1.0
2011-02-18,7.84,8.11,7.73,7.84,128779,210725.2,1.0
2011-02-21,7.79,7.99,7.7,7.88,105102,170164.4,1.0
2011-02-22,7.76,7.87,7.15,7.5,160823,246289.072,1.0
2011-02-23,7.41,7.47,7.24,7.41,67430,101957.576,1.0
2011-02-24,7.36,7.52,7.28,7.42,60270,91741.16,1.0
2011-02-25,7.4,8.07,7.21,7.92,160966,251884.208,1.0
2011-02-28,7.77,7.94,7.66,7.73,114462,183748.16,1.0
2011-03-01,7.71,8.36,7.63,8.14,148080,243859.904,1.0
2011-03-02,8.13,8.38,7.92,8.19,116332,196506.56,1.0
2011-03-03,8.05,8.58,8.0,8.06,97505,167304.48,1.0
2011-03-04,7.99,8.27,7.94,8.13,56191,94361.088,1.0
2011-03-07,8.08,8.6,8.08,8.17,103227,177580.88,1.0
2011-03-08,8.13,8.13,7.86,8.0,62665,102837.8,1.0
2011-03-09,7.96,8.26,7.94,8.04,60159,100778.56,1.0
2011-03-10,7.99,8.22,7.87,7.97,54497,90473.104,1.0
2011-03-11,8.02,8.41,7.94,8.24,98365,167695.936,1.0
2011-03-14,8.22,8.59,8.14,8.54,93308,163065.856,1.0
2011-03-15,8.44,8.44,7.88,8.08,80018,133093.08,1.0
2011-03-16,7.98,8.09,7.82,8.04,50485,82644.384,1.0
2011-03-17,7.93,8.07,7.79,7.8,37052,60368.12,1.0
2011-03-18,7.81,7.94,7.74,7.79,29055,46837.252,1.0
2011-03-21,7.76,7.81,7.62,7.76,27179,42975.768,1.0
2011-03-22,7.76,8.09,7.68,8.08,65773,108160.568,1.0
2011-03-23,8.08,8.31,7.95,8.24,68065,114833.152,1.0
2011-03-24,8.26,8.59,8.08,8.45,70003,120734.992,1.0
2011-03-25,8.3,8.84,8.3,8.62,94997,170142.96,1.0
2011-03-28,8.64,8.64,8.35,8.54,61838,108351.816,1.0
2011-03-29,8.42,8.42,8.13,8.22,45272,77472.888,1.0
2011-03-30,8.27,8.35,8.06,8.2,31757,54175.796,1.0
2011-03-31,8.15,8.26,7.88,7.91,24165,40008.14,1.0
2011-04-01,7.91,8.06,7.9,8.03,16716,27555.834,1.0
2011-04-06,8.09,8.22,7.99,8.15,25356,42724.896,1.0
2011-04-08,8.67,8.76,8.41,8.45,64538,114118.856,1.0
2011-04-11,8.46,8.53,8.14,8.26,49637,84783.736,1.0
2011-04-12,8.16,8.35,7.85,8.09,68841,114553.776,1.0
2011-04-13,8.04,8.09,7.86,8.07,21843,35934.524,1.0
2011-04-14,8.06,8.2,7.89,7.95,27840,45939.068,1.0
2011-04-15,7.89,7.99,7.73,7.98,34703,56078.068,1.0
2011-04-18,7.91,8.11,7.86,8.02,27337,45217.1,1.0
2011-04-19,8.03,8.03,7.67,7.73,28718,46029.976,1.0
2011-04-20,7.68,7.89,7.68,7.8,14328,23059.484,1.0
2011-04-21,7.84,8.09,7.77,7.99,46020,75642.52,1.0
2011-04-22,7.93,8.09,7.82,7.86,23193,37876.796,1.0
2011-04-25,7.82,7.82,7.47,7.53,24698,38484.652,1.0
2011-04-26,7.36,7.48,7.2,7.29,18479,27700.186,1.0
2011-04-27,7.31,7.53,7.27,7.36,17230,26203.75,1.0
2011-04-28,7.45,7.45,6.67,6.89,25412,36512.956,1.0
2011-04-29,6.7,7.13,6.7,7.13,28998,41414.912,1.0
2011-05-03,7.17,7.31,7.0,7.28,17715,26049.678,1.0
2011-05-04,7.21,7.4,7.04,7.07,18644,27603.958,1.0
2011-05-05,7.07,7.17,6.95,7.16,13102,18920.244,1.0
2011-05-06,6.97,7.32,6.97,7.22,12473,18398.13,1.0
2011-05-09,7.19,7.4,7.19,7.28,11814,17737.148,1.0
2011-05-10,7.31,7.39,7.21,7.38,14118,21234.772,1.0
2011-05-11,7.38,7.81,7.33,7.75,49239,77649.936,1.0
2011-05-12,7.86,7.99,7.57,7.63,51769,83481.872,1.0
2011-05-13,7.71,7.8,7.17,7.39,43088,65352.028,1.0
2011-05-16,7.38,7.43,7.21,7.22,17991,26901.028,1.0
2011-05-17,7.28,7.3,7.02,7.25,14560,21414.65,1.0
2011-05-18,7.13,7.33,7.09,7.24,25638,37792.904,1.0
2011-05-19,7.24,7.28,7.02,7.04,22129,32116.428,1.0
2011-05-20,7.04,7.09,6.93,6.96,11471,16353.891,1.0
2011-05-23,6.95,7.06,6.79,6.81,17610,24994.05,1.0
2011-05-24,6.83,6.91,6.53,6.91,18283,24967.006,1.0
2011-05-25,6.88,6.88,6.67,6.72,12501,17252.044,1.0
2011-05-26,6.75,6.81,6.55,6.56,18013,24482.598,1.0
2011-05-27,6.54,6.56,6.4,6.43,9505,12458.886,1.0
2011-05-30,6.43,6.62,6.26,6.41,14513,19128.478,1.0
2011-05-31,6.4,6.57,6.33,6.56,12883,16937.762,1.0
2011-06-01,6.57,6.61,6.49,6.54,15939,21246.552,1.0
2011-06-02,6.4,6.7,6.35,6.61,26995,36105.244,1.0
2011-06-03,6.56,6.68,6.5,6.66,24918,33643.928,1.0
2011-06-07,6.64,6.64,6.48,6.58,17829,23745.724,1.0
2011-06-08,6.58,6.64,6.45,6.62,16292,21667.34,1.0
2011-06-09,6.57,6.6,6.4,6.4,14173,18697.218,1.0
2011-06-10,6.39,6.46,6.11,6.27,21421,27375.954,1.0
2011-06-13,6.22,6.23,6.03,6.13,10318,12770.661,1.0
2011-06-14,6.09,6.7,6.07,6.7,56448,75394.976,1.0
2011-06-15,6.95,6.99,6.7,6.72,85955,120555.584,1.0
2011-06-16,6.61,6.97,6.54,6.79,58852,82000.6,1.0
2011-06-17,6.71,7.04,6.57,6.86,76791,107523.184,1.0
2011-06-20,6.77,6.94,6.68,6.83,32931,45772.112,1.0
2011-06-21,6.9,7.31,6.86,7.02,87470,127037.352,1.0
2011-06-22,7.02,7.22,6.86,7.06,61788,88525.736,1.0
2011-06-23,6.98,7.62,6.87,7.52,109179,163538.016,1.0
2011-06-24,7.4,7.99,7.36,7.49,127398,198885.952,1.0
2011-06-27,7.38,7.58,7.36,7.52,57773,88916.984,1.0
2011-06-28,7.51,8.13,7.22,7.94,140123,221926.688,1.0
2011-06-29,7.77,7.89,7.6,7.61,82604,131441.408,1.0
2011-06-30,7.46,7.81,7.45,7.63,67072,105895.856,1.0
2011-07-01,7.64,7.91,7.63,7.66,61891,98988.944,1.0
2011-07-04,7.68,7.89,7.58,7.83,72194,115627.08,1.0
2011-07-05,7.76,8.04,7.72,7.84,64715,105112.928,1.0
2011-07-06,7.95,8.19,7.9,8.04,101385,168249.392,1.0
2011-07-07,7.98,8.1,7.79,7.81,67795,110487.56,1.0
2011-07-08,7.78,7.86,7.63,7.73,32185,51196.228,1.0
2011-07-11,7.76,7.87,7.58,7.77,31907,51177.544,1.0
2011-07-12,7.68,7.93,7.58,7.76,41696,66863.66,1.0
2011-07-13,7.7,7.9,7.7,7.86,38444,62083.768,1.0
2011-07-14,7.83,8.16,7.83,8.09,96575,160073.104,1.0
2011-07-15,8.01,8.49,7.95,8.17,151598,258898.784,1.0
2011-07-18,8.1,8.13,7.89,7.96,60605,99932.432,1.0
2011-07-19,7.89,7.99,7.8,7.87,32068,52134.392,1.0
2011-07-20,7.91,8.06,7.84,8.01,36446,59748.076,1.0
2011-07-21,8.01,8.06,7.83,7.87,27432,44855.692,1.0
2011-07-22,7.88,8.09,7.68,7.96,68317,111991.952,1.0
2011-07-25,7.85,7.91,7.39,7.49,51252,80452.888,1.0
2011-07-26,7.47,7.53,7.28,7.42,24688,37559.668,1.0
2011-07-27,7.4,7.55,7.38,7.53,30882,47479.78,1.0
2011-07-28,7.43,7.51,7.22,7.48,39542,59656.196,1.0
2011-07-29,7.41,7.51,7.28,7.35,21549,32674.9,1.0
2011-08-01,7.48,7.48,7.32,7.4,19501,29581.88,1.0
2011-08-02,7.4,7.4,7.16,7.38,20692,30983.902,1.0
2011-08-03,7.21,7.48,7.2,7.46,33350,50401.744,1.0
2011-08-04,7.45,7.62,7.45,7.54,45662,70792.048,1.0
2011-08-05,7.26,7.48,7.12,7.27,24332,36589.632,1.0
2011-08-08,7.14,7.21,6.6,6.76,27691,39081.956,1.0
2011-08-09,6.4,6.83,6.3,6.79,26826,36189.376,1.0
2011-08-10,6.94,7.07,6.91,6.95,25890,36985.424,1.0
2011-08-11,6.8,7.11,6.63,7.11,22313,31757.33,1.0
2011-08-12,7.18,7.27,7.04,7.08,24791,36082.86,1.0
2011-08-15,7.07,7.17,7.03,7.16,20195,29403.352,1.0
2011-08-16,7.12,7.38,7.12,7.23,35836,53588.848,1.0
2011-08-17,7.18,7.31,7.14,7.18,14554,21455.786,1.0
2011-08-18,7.2,7.22,6.72,6.83,28219,39929.684,1.0
2011-08-19,6.76,6.76,6.59,6.68,16129,21959.998,1.0
2011-08-22,6.77,6.8,6.61,6.68,13745,18769.1,1.0
2011-08-23,6.69,6.96,6.64,6.96,17398,24032.078,1.0
2011-08-24,6.92,6.95,6.81,6.87,17662,24804.054,1.0
2011-08-25,6.86,7.02,6.81,6.99,17183,24389.9,1.0
2011-08-26,6.99,7.01,6.91,6.99,12441,17687.718,1.0
2011-08-29,6.97,6.97,6.82,6.82,10930,15348.792,1.0
2011-08-30,6.85,6.91,6.76,6.78,10034,14004.633,1.0
2011-08-31,6.78,7.01,6.72,6.96,18516,26116.588,1.0
2011-09-01,6.96,6.97,6.73,6.79,13186,18408.518,1.0
2011-09-02,6.73,6.77,6.62,6.73,11644,15872.048,1.0
2011-09-05,6.63,6.66,6.4,6.44,13389,17625.64,1.0
2011-09-06,6.41,6.45,6.27,6.31,10051,12911.815,1.0
2011-09-07,6.38,6.51,6.3,6.46,12468,16215.275,1.0
2011-09-08,6.46,6.53,6.31,6.31,10911,14185.332,1.0
2011-09-09,6.29,6.39,6.17,6.22,10503,13325.95,1.0
2011-09-13,6.11,6.48,5.86,6.36,34110,42941.808,1.0
2011-09-14,6.3,6.31,6.11,6.26,16188,20390.634,1.0
2011-09-15,6.23,6.38,6.18,6.18,11882,15125.051,1.0
2011-09-16,6.2,6.27,6.16,6.21,10687,13435.878,1.0
2011-09-19,6.23,6.23,5.98,5.98,11858,14527.093,1.0
2011-09-20,5.97,6.16,5.96,6.06,12785,15705.151,1.0
2011-09-21,6.04,6.35,6.0,6.26,21693,27249.916,1.0
2011-09-22,6.2,6.24,6.06,6.07,15281,19123.144,1.0
2011-09-23,5.95,6.17,5.91,6.09,14219,17395.896,1.0
2011-09-26,6.07,6.16,5.98,6.07,10539,12943.573,1.0
2011-09-27,6.12,6.17,6.02,6.12,10607,13066.789,1.0
2011-09-28,6.12,6.22,6.08,6.1,16479,20537.732,1.0
2011-09-29,6.06,6.08,5.81,5.9,14453,17311.464,1.0
2011-09-30,5.9,5.96,5.72,5.86,9530,11166.948,1.0
2011-10-10,5.87,6.3,5.87,6.04,33316,41081.648,1.0
2011-10-11,6.22,6.59,6.2,6.59,113210,150952.72,1.0
2011-10-12,6.45,6.82,6.4,6.78,96129,130800.408,1.0
2011-10-13,6.74,6.86,6.64,6.83,73545,101302.96,1.0
2011-10-14,6.72,6.77,6.61,6.73,46418,63297.192,1.0
2011-10-17,6.76,6.76,6.63,6.74,38530,52643.104,1.0
2011-10-18,6.67,6.67,6.21,6.25,80680,104836.616,1.0
2011-10-19,6.26,6.46,6.21,6.36,40582,52161.32,1.0
2011-10-20,6.35,6.35,6.07,6.25,33971,42392.272,1.0
2011-10-21,6.18,6.27,6.07,6.07,31699,39467.624,1.0
2011-10-24,6.08,6.23,5.78,6.22,53313,64988.424,1.0
2011-10-25,6.17,6.47,6.06,6.42,55990,71569.408,1.0
2011-10-26,6.32,6.98,6.32,6.59,103796,141134.272,1.0
2011-10-27,6.53,6.67,6.43,6.52,54931,73050.824,1.0
2011-10-28,6.63,6.72,6.52,6.64,50096,67519.128,1.0
2011-10-31,6.64,6.72,6.54,6.62,35499,47849.596,1.0
2011-11-01,6.54,6.64,6.46,6.54,35893,47840.208,1.0
2011-11-02,6.4,6.59,6.29,6.59,41114,53671.592,1.0
2011-11-03,6.6,6.89,6.57,6.75,72664,99612.144,1.0
2011-11-04,6.75,6.85,6.63,6.75,47743,65543.36,1.0
2011-11-07,6.69,6.71,6.53,6.55,43615,58492.52,1.0
2011-11-08,6.56,6.62,6.41,6.42,36025,47604.86,1.0
2011-11-09,6.47,6.67,6.41,6.63,36368,48486.764,1.0
2011-11-10,6.54,6.57,6.44,6.45,31077,41029.784,1.0
2011-11-11,6.49,6.56,6.38,6.38,28891,38036.436,1.0
2011-11-14,6.45,6.53,6.38,6.53,32674,42955.06,1.0
2011-11-15,6.52,6.62,6.49,6.59,32714,43696.08,1.0
2011-11-16,6.58,6.58,6.36,6.39,33698,44064.728,1.0
2011-11-17,6.34,6.41,6.25,6.26,20831,26657.888,1.0
2011-11-18,6.22,6.22,6.02,6.04,20158,24792.38,1.0
2011-11-21,6.05,6.15,6.03,6.15,11656,14334.517,1.0
2011-11-22,6.11,6.12,5.95,6.12,12814,15665.402,1.0
2011-11-23,6.13,6.14,5.98,6.02,12544,15329.577,1.0
2011-11-24,5.91,6.02,5.87,5.98,13663,16364.742,1.0
2011-11-25,5.95,6.06,5.91,5.97,11127,13452.046,1.0
2011-11-28,5.98,6.07,5.95,6.06,15561,18947.762,1.0
2011-11-29,6.12,6.14,6.03,6.1,13366,16450.198,1.0
2011-11-30,6.09,6.12,5.74,5.83,19093,22670.064,1.0
2011-12-01,5.98,6.13,5.95,6.0,25522,31081.934,1.0
2011-12-02,5.98,6.05,5.82,6.02,21030,25255.048,1.0
2011-12-05,5.95,5.95,5.76,5.84,12594,14805.743,1.0
2011-12-06,5.78,5.85,5.75,5.81,7769,9064.581,1.0
2011-12-07,5.85,5.85,5.76,5.77,7840,9144.166,1.0
2011-12-08,5.78,5.83,5.59,5.75,11588,13382.42,1.0
2011-12-09,5.73,5.74,5.63,5.63,7041,8012.377,1.0
2011-12-12,5.66,5.66,5.53,5.55,7457,8362.1305,1.0
2011-12-13,5.52,5.52,5.18,5.23,11978,12653.464,1.0
2011-12-14,5.22,5.26,5.03,5.06,10102,10302.279,1.0
2011-12-15,5.04,5.04,4.81,4.84,14730,14322.622,1.0
2011-12-16,4.87,4.99,4.81,4.99,10159,9875.358,1.0
2011-12-19,4.99,5.0,4.83,4.94,9641,9389.672,1.0
2011-12-20,4.92,5.26,4.92,5.08,29738,30359.988,1.0
2011-12-21,5.1,5.12,4.84,4.86,18311,18226.854,1.0
2011-12-22,4.8,4.82,4.59,4.72,16698,15488.45,1.0
2011-12-23,4.72,5.14,4.68,5.14,40448,40707.396,1.0
2011-12-26,5.33,5.6,5.2,5.42,109894,120208.88,1.0
2011-12-27,5.33,5.33,5.1,5.15,59006,61249.272,1.0
2011-12-28,5.1,5.58,5.06,5.54,97363,104965.576,1.0
2011-12-29,5.39,5.49,5.35,5.41,57438,62255.844,1.0
2011-12-30,5.45,5.64,5.39,5.5,77442,85056.712,1.0
2012-01-04,5.55,5.55,5.26,5.26,51902,55661.168,1.0
2012-01-05,5.22,5.37,4.99,5.04,52908,55197.3,1.0
2012-01-06,4.99,5.26,4.94,5.23,40220,40937.976,1.0
2012-01-09,5.26,5.6,5.13,5.56,71810,77567.8,1.0
2012-01-10,5.49,5.88,5.45,5.74,97913,112183.2,1.0
2012-01-11,5.7,5.7,5.51,5.64,63191,71278.736,1.0
2012-01-12,5.57,5.77,5.54,5.66,59425,67754.688,1.0
2012-01-13,5.65,5.66,5.36,5.37,46935,51710.668,1.0
2012-01-16,5.28,5.49,5.26,5.28,28226,30425.972,1.0
2012-01-17,5.29,5.62,5.24,5.6,43984,48208.072,1.0
2012-01-18,5.67,5.98,5.52,5.7,84948,98356.112,1.0
2012-01-19,5.58,5.78,5.53,5.7,43942,50006.436,1.0
2012-01-20,5.7,5.88,5.63,5.8,47030,54538.636,1.0
2012-01-30,5.81,5.85,5.64,5.64,32279,37062.124,1.0
2012-01-31,5.57,5.73,5.55,5.73,22401,25424.468,1.0
2012-02-01,5.69,5.75,5.54,5.58,26251,29761.906,1.0
2012-02-02,5.59,5.73,5.56,5.7,24167,27463.978,1.0
2012-02-03,5.66,5.81,5.65,5.78,39484,45867.564,1.0
2012-02-06,5.8,5.93,5.71,5.79,56149,65992.244,1.0
2012-02-07,5.74,5.74,5.59,5.64,31356,35496.608,1.0
2012-02-08,5.69,5.84,5.6,5.81,39296,45313.972,1.0
2012-02-09,5.78,5.92,5.75,5.78,55415,65102.664,1.0
2012-02-10,5.76,6.06,5.74,5.82,61126,72635.912,1.0
2012-02-13,5.67,5.81,5.61,5.78,41364,47599.092,1.0
2012-02-14,5.73,5.83,5.7,5.83,33402,38662.196,1.0
2012-02-15,5.8,5.9,5.75,5.9,46433,54724.516,1.0
2012-02-16,5.87,5.97,5.79,5.86,42467,50477.056,1.0
2012-02-17,5.88,5.93,5.77,5.81,25460,29877.036,1.0
2012-02-20,5.89,5.98,5.83,5.93,60752,72525.048,1.0
2012-02-21,5.92,6.05,5.91,6.03,66157,80080.648,1.0
2012-02-22,6.05,6.06,5.99,6.06,54172,66001.736,1.0
2012-02-23,6.05,6.06,5.97,6.01,46327,56299.68,1.0
2012-02-27,6.26,6.26,6.05,6.06,70625,87984.608,1.0
2012-02-28,6.02,6.15,6.01,6.13,47970,59100.94,1.0
2012-02-29,6.08,6.11,5.97,5.97,28541,34811.94,1.0
2012-03-01,5.95,6.03,5.89,5.97,17174,20730.952,1.0
2012-03-02,5.99,6.12,5.98,6.11,30234,37141.204,1.0
2012-03-05,6.15,6.34,6.14,6.3,78023,98890.16,1.0
2012-03-06,6.26,6.27,6.12,6.26,42723,53695.392,1.0
2012-03-07,6.17,6.4,6.14,6.36,62653,80094.536,1.0
2012-03-08,6.23,6.31,6.13,6.28,82459,104192.192,1.0
2012-03-09,6.33,6.33,6.21,6.26,36177,45802.476,1.0
2012-03-12,6.24,6.28,6.16,6.21,33390,42054.504,1.0
2012-03-13,6.17,6.29,6.17,6.27,40261,50863.664,1.0
2012-03-14,6.31,6.34,5.79,5.87,59288,73462.552,1.0
2012-03-15,5.83,5.9,5.61,5.69,35390,40695.636,1.0
2012-03-16,5.72,5.8,5.69,5.8,22349,25842.822,1.0
2012-03-19,5.78,5.92,5.73,5.91,23681,27732.65,1.0
2012-03-20,5.86,5.88,5.75,5.76,18322,21414.408,1.0
2012-03-21,5.79,5.86,5.73,5.81,14985,17506.78,1.0
2012-03-22,5.81,5.88,5.76,5.85,14534,17090.099,1.0
2012-03-23,5.85,5.85,5.66,5.7,15343,17710.589,1.0
2012-03-26,5.67,5.74,5.58,5.63,10179,11572.569,1.0
2012-03-27,5.67,5.7,5.59,5.65,11758,13346.934,1.0
2012-03-28,5.63,5.66,5.35,5.35,17369,19065.254,1.0
2012-03-29,5.32,5.39,5.17,5.26,11412,12049.204,1.0
2012-03-30,5.26,5.33,5.23,5.28,9842,10353.445,1.0
2012-04-05,5.24,5.55,5.23,5.5,19148,20858.237,1.0
2012-04-09,5.5,5.84,5.41,5.58,29312,33359.447,1.0
2012-04-10,5.52,5.65,5.32,5.65,17978,19826.129,1.0
2012-04-11,5.54,5.77,5.5,5.67,20709,23628.373,1.0
2012-04-12,5.6,5.72,5.53,5.69,32110,36232.924,1.0
2012-04-13,5.7,5.74,5.62,5.71,24801,28320.147,1.0
2012-04-16,5.63,5.66,5.58,5.63,13333,15052.98,1.0
2012-04-17,5.66,5.66,5.52,5.52,13898,15566.568,1.0
2012-04-18,5.56,5.65,5.51,5.62,18179,20441.335,1.0
2012-04-20,5.62,5.72,5.62,5.7,22427,25577.226,1.0
2012-04-23,5.73,6.0,5.71,5.88,52343,62058.947,1.0
2012-04-24,5.85,6.01,5.7,6.01,53638,63476.659,1.0
2012-04-25,6.01,6.3,5.95,6.22,75056,93625.143,1.0
2012-04-26,6.22,6.3,6.14,6.22,50666,63772.362,1.0
2012-04-27,6.21,6.24,6.05,6.06,29592,28233.327,1.0
2012-05-02,6.09,6.26,6.04,6.04,41000,39299.705,1.0
2012-05-03,6.05,6.19,6.05,6.11,26883,25584.378,1.0
2012-05-04,6.11,6.15,6.06,6.13,24138,22965.153,1.0
2012-05-07,6.09,6.09,5.93,6.05,21611,20166.85,1.0
2012-05-08,6.05,6.12,5.99,6.12,20794,19643.975,1.0
2012-05-09,6.1,6.1,5.93,5.93,21539,19981.208,1.0
2012-05-10,5.93,5.98,5.91,5.93,10505,9699.022,1.0
2012-05-11,5.93,5.99,5.92,5.93,12190,11239.509,1.0
2012-05-14,5.98,6.22,5.96,6.04,48962,46633.833,1.0
2012-05-15,5.92,5.98,5.81,5.98,25758,23503.455,1.0
2012-05-16,5.92,5.92,5.82,5.83,17014,15456.817,1.0
2012-05-17,5.81,5.9,5.73,5.88,18579,16750.546,1.0
2012-05-18,5.83,5.83,5.58,5.7,29280,25851.206,1.0
2012-05-21,5.67,5.76,5.63,5.7,15503,13694.525,1.0
2012-05-22,5.71,6.08,5.71,5.87,54714,50165.201,1.0
2012-05-23,5.85,6.0,5.76,5.99,53462,49235.313,1.0
2012-05-24,6.05,6.17,5.95,5.96,70008,66332.627,1.0
2012-05-28,5.99,6.51,5.94,6.51,100347,98555.33,1.0
2012-05-29,7.11,7.11,7.11,7.11,74020,82902.635,1.0
2012-05-30,7.15,7.72,7.03,7.44,360462,416642.368,1.0
2012-05-31,7.33,7.48,7.15,7.48,208266,239346.379,1.0
2012-06-01,7.38,7.61,7.16,7.3,187709,218070.165,1.0
2012-06-04,7.11,7.76,7.04,7.43,221867,258612.304,1.0
2012-06-05,7.38,7.51,7.17,7.24,142871,165543.225,1.0
2012-06-06,7.22,7.56,7.1,7.41,155090,179249.807,1.0
2012-06-07,7.5,7.96,7.27,7.67,283850,340419.92,1.0
2012-06-08,7.66,7.73,7.29,7.29,180301,213496.325,1.0
2012-06-11,7.23,7.27,6.82,7.17,148433,165311.596,1.0
2012-06-12,7.06,7.38,6.94,7.21,122386,138401.715,1.0
2012-06-13,7.18,7.32,7.04,7.24,115103,130669.229,1.0
2012-06-14,7.15,7.24,6.95,7.0,98511,110038.688,1.0
2012-06-15,6.98,7.04,6.61,6.77,92938,99894.522,1.0
2012-06-18,6.8,7.03,6.71,6.9,85782,93463.058,1.0
2012-06-19,6.82,6.87,6.67,6.8,72222,76677.748,1.0
2012-06-20,6.82,6.87,6.71,6.76,48392,51471.442,1.0
2012-06-21,6.74,6.92,6.67,6.81,77123,82463.315,1.0
2012-06-25,6.74,6.87,6.52,6.53,67020,70318.184,1.0
2012-06-26,6.46,6.67,6.32,6.6,56123,56861.226,1.0
2012-06-27,6.53,6.64,6.47,6.47,40001,40952.807,1.0
2012-06-28,6.47,6.74,6.37,6.48,76377,78762.191,1.0
2012-06-29,6.44,6.66,6.37,6.61,52417,53698.857,1.0
2012-07-02,6.66,6.68,6.5,6.57,62192,63922.818,1.0
2012-07-03,6.53,6.64,6.41,6.44,67247,68606.579,1.0
2012-07-04,6.41,6.47,6.15,6.24,85217,83702.421,1.0
2012-07-05,6.18,6.18,5.97,6.02,53334,50025.368,1.0
2012-07-06,6.06,6.28,5.93,6.15,56076,53170.143,1.0
2012-07-09,6.09,6.09,5.83,5.84,47175,43526.882,1.0
2012-07-10,5.81,5.92,5.76,5.85,30945,27932.087,1.0
2012-07-11,5.84,6.39,5.84,6.39,120239,116765.191,1.0
2012-07-12,6.34,6.49,6.11,6.34,148660,145461.046,1.0
2012-07-13,6.22,6.82,6.18,6.47,146252,148841.433,1.0
2012-07-16,6.41,6.58,6.32,6.5,97854,98658.477,1.0
2012-07-17,6.4,6.69,6.34,6.64,109121,112548.591,1.0
2012-07-18,6.56,6.64,6.35,6.54,82935,83986.897,1.0
2012-07-19,6.45,6.75,6.41,6.56,97881,101932.41,1.0
2012-07-20,6.47,6.52,6.37,6.39,64043,64290.31,1.0
2012-07-23,6.22,6.32,6.08,6.27,54195,52298.253,1.0
2012-07-24,6.18,6.51,6.18,6.41,67287,67405.752,1.0
2012-07-25,6.35,6.38,6.19,6.28,56289,55019.669,1.0
2012-07-26,6.36,6.45,6.22,6.29,57934,57462.108,1.0
2012-07-27,6.31,6.37,6.19,6.34,48813,47906.664,1.0
2012-07-30,6.3,6.51,6.22,6.27,54637,54562.406,1.0
2012-07-31,6.22,6.27,5.88,6.02,49794,46792.764,1.0
2012-08-01,6.03,6.57,6.0,6.44,145549,147299.927,1.0
2012-08-02,6.31,6.44,6.28,6.4,94263,93507.037,1.0
2012-08-03,6.4,6.63,6.36,6.61,123721,126178.677,1.0
2012-08-06,6.52,6.87,6.46,6.8,148497,155485.019,1.0
2012-08-07,6.71,6.86,6.68,6.79,102756,108714.285,1.0
2012-08-08,6.76,6.85,6.64,6.71,73655,77960.0,1.0
2012-08-09,6.72,6.87,6.67,6.78,87852,93475.223,1.0
2012-08-10,6.75,6.76,6.56,6.61,70088,72957.915,1.0
2012-08-13,6.55,6.63,6.34,6.35,62559,63176.038,1.0
2012-08-14,6.32,6.53,6.28,6.51,53289,53436.896,1.0
2012-08-15,6.47,6.62,6.44,6.48,54227,55403.168,1.0
2012-08-16,6.44,6.51,6.29,6.34,37332,37422.338,1.0
2012-08-17,6.34,6.39,6.24,6.32,28384,27962.944,1.0
2012-08-20,6.23,6.36,6.19,6.33,25306,24843.018,1.0
2012-08-21,6.32,6.47,6.28,6.42,38598,38651.293,1.0
2012-08-22,6.45,6.45,6.23,6.28,38873,38308.267,1.0
2012-08-23,6.24,6.37,6.24,6.31,29615,29157.189,1.0
2012-08-24,6.28,6.31,6.1,6.11,36005,34762.567,1.0
2012-08-27,6.08,6.15,5.93,5.93,29936,28202.172,1.0
2012-08-28,5.91,6.08,5.84,6.0,33048,30494.435,1.0
2012-08-29,5.96,6.03,5.89,5.96,19697,18205.761,1.0
2012-08-30,5.94,6.08,5.87,6.03,33059,30817.126,1.0
2012-08-31,5.99,6.09,5.95,6.0,21467,20051.308,1.0
2012-09-03,5.96,6.29,5.93,6.16,46889,44967.518,1.0
2012-09-04,6.13,6.21,5.99,6.03,34275,32451.826,1.0
2012-09-05,5.99,6.16,5.99,6.1,21151,19968.199,1.0
2012-09-06,6.23,6.31,6.14,6.2,34449,33326.63,1.0
2012-09-07,6.59,6.77,6.58,6.77,188737,199420.998,1.0
2012-09-10,7.16,7.4,7.08,7.13,328776,377489.808,1.0
2012-09-11,7.05,7.06,6.85,6.93,159495,174102.794,1.0
2012-09-12,6.99,7.21,6.82,7.11,172982,190231.648,1.0
2012-09-13,6.99,6.99,6.64,6.68,97866,105331.381,1.0
2012-09-14,6.77,6.99,6.59,6.83,133556,142694.043,1.0
2012-09-17,6.75,6.78,6.54,6.55,68603,71473.943,1.0
2012-09-18,6.55,6.7,6.51,6.66,63814,66290.796,1.0
2012-09-19,6.73,6.81,6.67,6.79,64860,68626.286,1.0
2012-09-20,6.7,6.8,6.58,6.6,65235,68505.982,1.0
2012-09-21,6.61,6.75,6.52,6.65,59060,61725.184,1.0
2012-09-24,6.51,7.05,6.4,6.8,124685,133511.302,1.0
2012-09-25,6.55,6.95,6.55,6.67,71362,75680.678,1.0
2012-09-26,6.59,6.81,6.54,6.66,83672,87917.66,1.0
2012-09-27,6.62,6.93,6.6,6.83,84517,90189.93,1.0
2012-09-28,6.78,6.99,6.74,6.92,79261,85845.965,1.0
2012-10-08,6.86,6.91,6.7,6.72,50897,54117.615,1.0
2012-10-09,6.7,7.0,6.7,6.96,85950,93217.547,1.0
2012-10-10,6.9,6.99,6.82,6.99,60518,65716.658,1.0
2012-10-11,6.99,7.21,6.81,6.83,85449,94040.298,1.0
2012-10-12,6.81,6.93,6.62,6.69,70016,74114.976,1.0
2012-10-15,6.65,6.71,6.57,6.65,34728,35972.865,1.0
2012-10-16,6.66,6.77,6.52,6.7,36402,38187.072,1.0
2012-10-17,6.7,6.73,6.6,6.71,25059,26249.924,1.0
2012-10-18,6.72,6.96,6.69,6.92,78759,84521.059,1.0
2012-10-19,6.87,7.08,6.83,6.86,63330,69303.684,1.0
2012-10-22,6.82,6.82,6.64,6.78,51242,54032.698,1.0
2012-10-23,6.76,6.82,6.66,6.66,29907,31546.13,1.0
2012-10-24,6.62,6.83,6.61,6.66,37861,39868.177,1.0
2012-10-25,6.66,6.74,6.59,6.61,30373,31738.048,1.0
2012-10-26,6.6,6.65,6.39,6.41,35507,35949.3,1.0
2012-10-29,6.41,6.45,6.33,6.37,20731,20689.949,1.0
2012-10-30,6.4,6.47,6.36,6.44,16373,16444.04,1.0
2012-10-31,6.42,6.51,6.4,6.51,20223,20477.938,1.0
2012-11-01,6.52,6.87,6.52,6.71,61093,64252.646,1.0
2012-11-02,6.69,6.79,6.64,6.79,47402,49961.338,1.0
2012-11-05,6.76,6.85,6.7,6.82,48228,51351.763,1.0
2012-11-06,6.8,6.8,6.55,6.7,41401,43162.351,1.0
2012-11-07,6.64,6.73,6.59,6.65,18036,18821.852,1.0
2012-11-08,6.59,6.61,6.42,6.44,30531,31063.926,1.0
2012-11-09,6.43,6.54,6.41,6.48,18444,18693.183,1.0
2012-11-12,6.52,6.53,6.37,6.47,16142,16275.665,1.0
2012-11-13,6.51,6.51,6.37,6.39,13253,13264.415,1.0
2012-11-14,6.44,6.44,6.16,6.26,21414,20892.276,1.0
2012-11-15,6.26,6.52,6.19,6.29,20379,20267.691,1.0
2012-11-16,6.18,6.34,6.18,6.32,11266,11070.666,1.0
2012-11-19,6.29,6.44,6.29,6.41,12737,12691.63,1.0
2012-11-20,6.43,6.47,6.35,6.36,12235,12255.37,1.0
2012-11-21,6.37,6.47,6.31,6.45,17923,17968.206,1.0
2012-11-22,6.43,6.43,6.26,6.29,18150,17992.113,1.0
2012-11-23,6.26,6.38,6.26,6.34,13392,13227.163,1.0
2012-11-26,6.27,6.34,6.13,6.13,13920,13504.962,1.0
2012-11-27,6.13,6.13,5.87,5.9,18441,17068.717,1.0
2012-11-28,5.89,5.95,5.83,5.87,11068,10097.967,1.0
2012-11-29,5.85,5.95,5.8,5.86,12042,10996.403,1.0
2012-11-30,6.13,6.4,6.13,6.4,44233,44177.011,1.0
2012-12-03,6.58,6.76,6.42,6.44,131270,135310.181,1.0
2012-12-04,6.22,6.56,6.2,6.55,76347,76483.897,1.0
2012-12-05,6.51,7.11,6.44,7.01,188764,204816.594,1.0
2012-12-06,6.94,7.09,6.82,6.95,108478,118514.999,1.0
2012-12-07,6.9,7.3,6.86,7.11,140779,158810.672,1.0
2012-12-10,7.03,7.22,6.93,7.05,95222,106073.599,1.0
2012-12-11,6.94,7.16,6.89,6.95,73699,81455.99,1.0
2012-12-12,6.98,7.05,6.84,7.02,49460,54028.549,1.0
2012-12-13,7.02,7.26,6.93,6.97,71691,80026.515,1.0
2012-12-14,6.92,7.38,6.9,7.29,135079,154269.293,1.0
2012-12-17,7.29,7.97,7.29,7.43,155237,187844.559,1.0
2012-12-18,7.31,7.7,7.29,7.56,145206,173462.353,1.0
2012-12-19,7.5,7.57,7.35,7.48,71338,83899.01,1.0
2012-12-20,7.43,7.63,7.32,7.5,70035,82733.53,1.0
2012-12-21,7.47,7.6,7.35,7.39,61700,72514.098,1.0
2012-12-24,7.35,7.47,7.31,7.44,43592,51010.226,1.0
2012-12-25,7.42,7.8,7.37,7.64,128972,155546.389,1.0
2012-12-26,7.6,7.69,7.47,7.57,79273,94690.553,1.0
2012-12-27,7.55,7.6,7.34,7.41,68397,80405.888,1.0
2012-12-28,7.38,7.54,7.37,7.44,55876,65817.389,1.0
2012-12-31,7.48,7.67,7.38,7.56,70661,84119.59,1.0
2013-01-04,7.58,7.66,7.39,7.47,52137,61665.089,1.0
2013-01-07,7.44,7.69,7.38,7.56,75795,90645.661,1.0
2013-01-08,7.62,7.68,7.46,7.57,74119,88511.883,1.0
2013-01-09,7.48,7.58,7.38,7.43,65871,77662.774,1.0
2013-01-10,7.42,7.56,7.4,7.45,53363,63092.292,1.0
2013-01-11,7.45,7.5,7.08,7.11,76654,87842.678,1.0
2013-01-14,7.09,7.31,7.06,7.27,64878,73640.338,1.0
2013-01-15,7.24,7.45,7.24,7.45,67268,78044.886,1.0
2013-01-16,7.41,7.43,7.19,7.28,52669,60734.07,1.0
2013-01-17,7.26,7.32,7.16,7.19,38920,44296.189,1.0
2013-01-18,7.25,7.31,7.12,7.26,49275,56120.987,1.0
2013-01-21,7.28,7.63,7.27,7.52,122022,145090.101,1.0
2013-01-22,7.49,7.7,7.41,7.43,114629,137267.113,1.0
2013-01-23,7.37,7.43,7.14,7.27,76724,87507.526,1.0
2013-01-24,7.25,7.37,7.09,7.11,75869,86370.279,1.0
2013-01-25,7.11,7.33,7.05,7.16,73750,83488.131,1.0
2013-01-28,7.15,7.49,7.14,7.45,96589,112255.81,1.0
2013-01-29,7.41,7.6,7.41,7.54,104423,124172.46,1.0
2013-01-30,7.59,7.64,7.41,7.47,70396,83460.572,1.0
2013-01-31,7.45,7.5,7.32,7.34,65155,75885.304,1.0
2013-02-01,7.31,7.56,7.25,7.52,69261,81485.753,1.0
2013-02-04,7.58,7.82,7.52,7.62,124589,151543.971,1.0
2013-02-05,7.56,7.71,7.51,7.71,73966,89250.483,1.0
2013-02-06,7.76,7.88,7.61,7.64,60543,74141.527,1.0
2013-02-07,7.6,7.73,7.57,7.69,40350,48833.536,1.0
2013-02-08,7.66,7.84,7.65,7.82,61605,75768.438,1.0
2013-02-18,7.88,8.06,7.82,7.86,105239,133156.938,1.0
2013-02-19,7.83,7.85,7.36,7.38,103732,123206.113,1.0
2013-02-20,7.39,7.45,7.27,7.43,38724,45017.929,1.0
2013-02-21,7.32,7.34,7.05,7.09,90844,102604.67,1.0
2013-02-22,7.06,7.13,7.04,7.07,39269,43789.614,1.0
2013-02-25,7.05,7.16,7.05,7.13,27266,30570.662,1.0
2013-02-26,7.1,7.15,7.0,7.0,32543,36241.111,1.0
2013-02-27,7.04,7.1,7.02,7.07,21244,23636.027,1.0
2013-02-28,7.1,7.27,7.1,7.25,56237,63977.1,1.0
2013-03-01,7.28,7.34,7.15,7.3,66770,76143.216,1.0
2013-03-04,7.14,7.14,6.62,6.72,84764,90391.295,1.0
2013-03-05,6.67,6.8,6.57,6.79,35102,36911.843,1.0
2013-03-06,6.79,6.86,6.73,6.82,46155,49326.41,1.0
2013-03-07,6.8,6.88,6.73,6.81,40621,43392.951,1.0
2013-03-08,6.8,6.83,6.7,6.73,30696,32487.522,1.0
2013-03-11,6.71,6.76,6.64,6.73,24306,25584.998,1.0
2013-03-12,6.7,6.86,6.68,6.78,48363,51374.966,1.0
2013-03-13,6.77,6.77,6.61,6.63,29999,31350.773,1.0
2013-03-14,6.63,6.76,6.61,6.7,27417,28784.156,1.0
2013-03-15,6.7,6.72,6.52,6.62,34708,36019.455,1.0
2013-03-18,6.64,6.74,6.59,6.61,28969,30247.844,1.0
2013-03-19,6.61,6.84,6.6,6.82,57007,60432.141,1.0
2013-03-20,6.82,7.06,6.76,7.0,81322,88554.53,1.0
2013-03-21,6.99,7.01,6.89,6.92,55214,60270.789,1.0
2013-03-22,6.92,7.07,6.9,6.95,45918,50508.24,1.0
2013-03-25,6.93,7.0,6.81,6.85,36499,39414.949,1.0
2013-03-26,6.83,6.89,6.74,6.77,30420,32485.394,1.0
2013-03-27,6.81,6.87,6.75,6.8,27975,29964.556,1.0
2013-03-28,6.74,6.74,6.58,6.59,33493,34829.311,1.0
2013-03-29,6.6,6.69,6.6,6.66,19374,20211.332,1.0
2013-04-01,6.67,6.79,6.64,6.78,24932,26380.396,1.0
2013-04-02,6.85,7.03,6.78,6.91,82247,68795.522,1.0
2013-04-03,6.95,6.98,6.71,6.8,45557,37326.964,1.0
2013-04-08,6.7,6.87,6.59,6.86,35321,28644.973,1.0
2013-04-09,6.71,6.83,6.65,6.75,70417,57194.006,1.0
2013-04-10,6.72,6.73,6.55,6.61,48119,38411.445,1.0
2013-04-11,6.63,6.85,6.63,6.85,75842,61567.512,1.0
2013-04-12,6.78,6.78,6.64,6.67,45685,36891.207,1.0
2013-04-15,6.67,6.78,6.64,6.71,36977,29936.082,1.0
2013-04-16,6.65,6.93,6.6,6.87,77514,64009.504,1.0
2013-04-17,6.87,6.95,6.75,6.92,66515,55113.253,1.0
2013-04-18,6.87,6.92,6.81,6.85,38953,32275.095,1.0
2013-04-19,6.82,6.99,6.81,6.94,72322,60512.423,1.0
2013-04-22,7.21,7.21,6.91,6.94,93560,79564.623,1.0
2013-04-23,6.89,6.89,6.65,6.68,46635,37817.709,1.0
2013-04-24,6.72,6.75,6.65,6.71,26584,21463.731,1.0
2013-04-25,6.7,6.7,6.5,6.52,38136,30198.479,1.0
2013-04-26,6.55,6.59,6.48,6.48,14679,11544.457,1.0
2013-05-02,6.45,6.59,6.38,6.51,14739,11523.52,1.0
2013-05-03,6.52,6.61,6.52,6.57,20472,16216.65,1.0
2013-05-06,6.57,6.61,6.52,6.6,24662,19505.002,1.0
2013-05-07,6.58,6.65,6.51,6.65,28095,22301.743,1.0
2013-05-08,6.65,6.69,6.57,6.59,24449,19428.726,1.0
2013-05-09,6.57,6.59,6.41,6.45,32072,24952.359,1.0
2013-05-10,6.43,6.5,6.38,6.48,14470,11217.417,1.0
2013-05-13,6.48,6.5,6.42,6.44,13305,10306.554,1.0
2013-05-14,6.45,6.47,6.36,6.37,19129,14705.882,1.0
2013-05-15,6.37,6.42,6.37,6.39,15687,12039.494,1.0
2013-05-16,6.39,6.47,6.33,6.45,27840,21419.066,1.0
2013-05-17,6.43,6.71,6.42,6.65,63826,51037.172,1.0
2013-05-20,6.71,6.71,6.56,6.61,46124,36700.543,1.0
2013-05-21,6.61,6.66,6.58,6.61,33535,26707.265,1.0
2013-05-22,6.56,6.85,6.56,6.75,97952,79683.603,1.0
2013-05-23,6.7,6.71,6.57,6.58,49961,39966.592,1.0
2013-05-24,6.51,6.61,6.45,6.57,44714,35126.64,1.0
2013-05-27,6.55,6.55,6.47,6.5,30264,23675.762,1.0
2013-05-28,6.51,6.58,6.45,6.58,35318,27807.551,1.0
2013-05-29,6.61,6.62,6.52,6.59,42196,33399.575,1.0
2013-05-30,6.58,6.58,6.48,6.5,29072,22774.004,1.0
2013-05-31,6.51,6.55,6.48,6.48,19524,15280.89,1.0
2013-06-03,6.49,6.67,6.49,6.55,42778,33884.358,1.0
2013-06-04,6.55,6.56,6.41,6.42,21705,16896.636,1.0
2013-06-05,6.42,6.46,6.37,6.39,18693,14382.612,1.0
2013-06-06,6.38,6.41,6.27,6.27,19388,14766.869,1.0
2013-06-07,6.26,6.35,6.1,6.13,20835,15482.994,1.0
2013-06-13,6.08,6.08,5.73,5.78,23510,16330.543,1.0
2013-06-14,5.86,5.86,5.78,5.79,17123,11854.254,1.0
2013-06-17,5.79,5.85,5.68,5.73,15501,10592.442,1.0
2013-06-18,5.73,5.78,5.71,5.75,11264,7695.849,1.0
2013-06-19,5.75,5.75,5.54,5.68,23651,15739.635,1.0
2013-06-20,5.63,5.64,5.53,5.53,14329,9488.076,1.0
2013-06-21,5.38,5.53,5.35,5.44,15519,9953.547,1.0
2013-06-24,5.41,5.42,4.95,4.96,27733,16750.349,1.0
2013-06-25,4.96,4.96,4.51,4.81,45753,24998.11,1.0
2013-06-26,4.8,4.91,4.73,4.81,25929,14585.688,1.0
2013-06-27,4.95,5.25,4.95,5.25,56660,34895.064,1.0
2013-06-28,5.25,5.47,5.1,5.36,124280,77694.465,1.0
2013-07-01,5.22,5.28,5.06,5.26,62258,38000.383,1.0
2013-07-02,5.24,5.24,5.11,5.18,49212,29921.536,1.0
2013-07-03,5.12,5.15,4.87,4.99,55655,32617.513,1.0
2013-07-04,4.99,5.22,4.91,5.12,56200,33975.258,1.0
2013-07-05,5.1,5.27,5.1,5.11,44680,27237.898,1.0
2013-07-08,4.98,4.99,4.75,4.76,39681,22514.581,1.0
2013-07-09,4.81,4.98,4.78,4.9,27883,15907.762,1.0
2013-07-10,4.88,5.06,4.79,5.05,44389,25789.475,1.0
2013-07-11,4.99,5.35,4.99,5.28,117005,72358.051,1.0
2013-07-12,5.18,5.22,5.11,5.18,66203,40295.392,1.0
2013-07-15,5.17,5.22,5.08,5.18,62578,38009.292,1.0
2013-07-16,5.21,5.26,5.1,5.24,51975,31754.795,1.0
2013-07-17,5.21,5.32,5.14,5.17,54730,33851.549,1.0
2013-07-18,5.11,5.15,4.98,4.98,44433,26247.967,1.0
2013-07-19,4.98,5.05,4.71,4.8,25423,14577.73,1.0
2013-07-22,4.77,4.87,4.74,4.86,16434,9274.795,1.0
2013-07-23,4.87,4.98,4.82,4.96,28719,16574.288,1.0
2013-07-24,4.95,4.95,4.8,4.93,28130,16042.968,1.0
2013-07-25,4.93,5.02,4.92,4.95,33715,19653.053,1.0
2013-07-26,4.92,4.99,4.81,4.87,24445,14044.526,1.0
2013-07-29,4.84,4.84,4.7,4.71,24115,13340.134,1.0
2013-07-30,4.67,4.78,4.61,4.71,17751,9740.868,1.0
2013-07-31,4.75,4.85,4.73,4.75,20657,11576.681,1.0
2013-08-01,4.79,4.85,4.76,4.83,31013,17427.044,1.0
2013-08-02,4.85,4.92,4.81,4.84,24881,14171.28,1.0
2013-08-05,4.84,4.87,4.81,4.87,18072,10263.707,1.0
2013-08-06,4.87,4.95,4.83,4.95,27897,16012.411,1.0
2013-08-07,4.96,5.06,4.91,4.91,41656,24408.547,1.0
2013-08-08,4.88,4.91,4.78,4.87,33016,18690.463,1.0
2013-08-09,4.85,4.99,4.81,4.98,42177,24248.935,1.0
2013-08-12,4.98,5.2,4.95,5.16,89266,53543.764,1.0
2013-08-13,5.2,5.63,5.2,5.48,185377,121010.776,1.0
2013-08-14,5.37,5.44,5.3,5.33,103992,65807.545,1.0
2013-08-15,5.32,5.35,5.21,5.22,52059,32301.508,1.0
2013-08-16,5.21,5.31,5.05,5.06,63322,38550.772,1.0
2013-08-19,4.98,5.17,4.98,5.16,40866,24472.307,1.0
2013-08-20,5.14,5.21,5.07,5.16,40422,24456.612,1.0
2013-08-21,5.16,5.18,5.08,5.13,35965,21717.629,1.0
2013-08-22,5.1,5.13,5.06,5.07,25982,15561.592,1.0
2013-08-23,5.08,5.11,4.93,5.04,28876,17096.661,1.0
2013-08-26,5.04,5.18,5.0,5.18,43434,26256.419,1.0
2013-08-27,5.19,5.21,5.13,5.18,37246,22657.897,1.0
2013-08-28,5.15,5.25,5.08,5.18,57023,34621.637,1.0
2013-08-29,5.18,5.21,5.11,5.15,28182,17074.059,1.0
2013-08-30,5.15,5.32,5.11,5.3,101826,62811.037,1.0
2013-09-02,5.29,5.34,5.15,5.29,71990,44665.143,1.0
2013-09-03,5.3,5.32,5.21,5.3,50340,31366.462,1.0
2013-09-04,5.32,5.39,5.24,5.34,76828,48170.274,1.0
2013-09-05,5.31,5.35,5.26,5.27,38274,23932.361,1.0
2013-09-06,5.31,5.33,5.2,5.3,47824,29724.444,1.0
2013-09-09,5.33,5.42,5.29,5.38,100540,63625.605,1.0
2013-09-10,5.35,5.44,5.33,5.41,77132,49053.901,1.0
2013-09-11,5.41,5.63,5.37,5.53,155442,101460.053,1.0
2013-09-12,5.48,5.61,5.41,5.55,106869,69698.522,1.0
2013-09-13,5.52,5.52,5.38,5.38,63982,41057.924,1.0
2013-09-16,5.4,5.44,5.31,5.33,34809,22020.659,1.0
2013-09-17,5.35,5.41,5.31,5.33,41140,26080.026,1.0
2013-09-18,5.34,5.8,5.34,5.49,102852,67878.657,1.0
2013-10-21,5.49,5.56,5.11,5.37,100268,63110.851,1.0
2013-10-22,5.33,5.33,5.19,5.23,60786,37519.383,1.0
2013-10-23,5.25,5.34,5.18,5.34,56649,35170.298,1.0
2013-10-24,5.24,5.33,5.18,5.19,28600,17706.275,1.0
2013-10-25,5.21,5.21,4.95,5.04,41647,24747.924,1.0
2013-10-28,5.04,5.06,4.87,4.9,21753,12629.857,1.0
2013-10-29,4.88,4.97,4.68,4.76,26738,14959.844,1.0
2013-10-30,4.78,4.83,4.74,4.82,18250,10250.826,1.0
2013-10-31,4.92,5.25,4.91,5.25,96237,59073.762,1.0
2013-11-01,5.18,5.18,4.95,5.02,97168,57423.353,1.0
2013-11-04,5.0,5.19,4.91,5.05,74820,44370.127,1.0
2013-11-05,4.98,5.08,4.91,5.08,53667,31533.629,1.0
2013-11-06,5.02,5.2,5.02,5.05,53021,31850.899,1.0
2013-11-07,5.01,5.02,4.88,4.92,39597,22858.617,1.0
2013-11-08,4.9,4.98,4.84,4.91,33546,19351.94,1.0
2013-11-11,4.89,5.04,4.87,4.96,26813,15591.426,1.0
2013-11-12,4.98,5.04,4.93,5.01,35000,20462.577,1.0
2013-11-13,5.01,5.01,4.81,4.85,38800,22169.45,1.0
2013-11-14,4.87,4.91,4.81,4.88,21609,12311.039,1.0
2013-11-15,4.88,4.99,4.84,4.96,44524,25797.498,1.0
2013-11-18,4.96,5.07,4.92,5.05,46614,27443.283,1.0
2013-11-19,5.05,5.18,5.02,5.06,45470,27162.167,1.0
2013-11-20,5.05,5.11,5.0,5.08,32617,19362.172,1.0
2013-11-21,5.08,5.18,5.01,5.15,67230,40435.748,1.0
2013-11-22,5.13,5.14,5.05,5.08,34409,20622.253,1.0
2013-11-25,5.05,5.15,5.03,5.05,29967,17961.984,1.0
2013-11-26,5.08,5.09,5.03,5.06,16951,10069.733,1.0
2013-11-27,5.06,5.12,5.04,5.09,33710,20162.999,1.0
2013-11-28,5.07,5.38,5.07,5.21,126498,78402.625,1.0
2013-11-29,5.21,5.34,5.18,5.23,82669,51475.036,1.0
2013-12-02,5.15,5.39,5.08,5.22,78674,48953.078,1.0
2013-12-03,5.25,5.7,5.25,5.7,285269,190826.411,1.0
2013-12-04,5.82,6.08,5.79,6.02,312102,221600.416,1.0
2013-12-05,5.94,6.0,5.86,5.96,147182,103910.369,1.0
2013-12-06,5.91,5.95,5.79,5.87,108997,75998.954,1.0
2013-12-09,5.86,6.0,5.71,5.84,134518,93326.782,1.0
2013-12-10,5.8,6.28,5.73,6.14,245006,176518.127,1.0
2013-12-11,5.95,6.38,5.87,6.18,242624,177636.332,1.0
2013-12-12,6.1,6.21,6.01,6.15,90320,66297.617,1.0
2013-12-13,6.19,6.25,6.01,6.22,105327,77829.221,1.0
2013-12-16,6.25,6.29,5.65,5.67,209020,145244.777,1.0
2013-12-17,5.58,5.69,5.49,5.61,77825,51630.785,1.0
2013-12-18,5.61,5.61,5.51,5.57,43080,28383.324,1.0
2013-12-19,5.57,5.61,5.43,5.43,47245,30875.126,1.0
2013-12-20,5.45,5.55,5.39,5.51,59514,38633.548,1.0
2013-12-23,5.48,5.61,5.25,5.55,45136,29112.032,1.0
2013-12-24,5.52,5.58,5.41,5.52,36719,24014.665,1.0
2013-12-25,5.52,5.58,5.44,5.53,27969,18277.323,1.0
2013-12-26,5.55,5.61,5.36,5.39,35034,22745.09,1.0
2013-12-27,5.35,5.48,5.32,5.42,34474,22013.101,1.0
2013-12-30,5.44,5.48,5.29,5.32,47186,29857.423,1.0
2013-12-31,5.3,5.34,5.25,5.33,37717,23568.753,1.0
2014-01-02,5.31,5.32,5.27,5.28,24157,15094.947,1.0
2014-01-03,5.28,5.29,5.15,5.15,37456,22933.086,1.0
2014-01-06,5.15,5.15,4.98,5.06,37900,22426.805,1.0
2014-01-07,5.04,5.08,5.0,5.02,15101,8934.767,1.0
2014-01-08,4.98,5.05,4.94,4.95,30484,17841.516,1.0
2014-01-09,4.95,5.0,4.87,4.87,18554,10756.567,1.0
2014-01-10,4.86,4.91,4.81,4.84,18213,10358.538,1.0
2014-01-13,4.82,4.85,4.78,4.79,13285,7479.219,1.0
2014-01-14,4.84,4.91,4.79,4.91,22865,12966.882,1.0
2014-01-15,4.93,4.99,4.9,4.93,23755,13755.958,1.0
2014-01-16,4.91,4.95,4.85,4.92,20318,11648.188,1.0
2014-01-17,4.91,4.91,4.79,4.83,20364,11534.801,1.0
2014-01-20,4.83,4.87,4.79,4.85,15213,8587.686,1.0
2014-01-21,4.86,4.98,4.84,4.93,33995,19609.576,1.0
2014-01-22,4.96,5.06,4.93,5.05,43690,25696.004,1.0
2014-01-23,5.03,5.06,4.99,4.99,23389,13788.366,1.0
2014-01-24,4.99,5.11,4.97,5.04,30900,18365.0,1.0
2014-01-27,4.98,5.03,4.92,4.98,30668,17849.834,1.0
2014-01-28,4.98,5.02,4.94,4.98,14287,8326.689,1.0
2014-01-29,5.01,5.01,4.92,4.93,14181,8229.315,1.0
2014-01-30,4.95,4.95,4.85,4.87,13237,7583.038,1.0
2014-02-07,4.85,4.95,4.82,4.95,15292,8803.938,1.0
2014-02-10,4.95,5.05,4.95,5.05,26121,15404.512,1.0
2014-02-11,5.01,5.14,4.99,5.1,50592,30215.864,1.0
2014-02-12,5.08,5.17,5.05,5.13,37770,22753.479,1.0
2014-02-13,5.14,5.16,5.07,5.08,37716,22677.899,1.0
2014-02-14,5.11,5.2,5.06,5.16,43722,26462.585,1.0
2014-02-17,5.17,5.19,5.12,5.18,41103,24981.538,1.0
2014-02-18,5.18,5.23,5.11,5.11,37308,22667.834,1.0
2014-02-19,5.11,5.39,5.1,5.28,79340,49086.55,1.0
2014-02-20,5.24,5.27,5.13,5.14,46385,28325.732,1.0
2014-02-21,5.13,5.18,4.95,5.05,34038,20300.809,1.0
2014-02-24,5.01,5.01,4.83,4.91,29722,17069.418,1.0
2014-02-25,4.91,4.95,4.78,4.81,28348,16130.875,1.0
2014-02-26,4.8,4.9,4.74,4.88,18091,10198.077,1.0
2014-02-27,4.89,4.91,4.79,4.79,19456,11003.674,1.0
2014-02-28,4.77,4.85,4.75,4.83,15372,8599.02,1.0
2014-03-03,4.83,4.87,4.81,4.86,20585,11672.434,1.0
2014-03-04,4.86,4.87,4.81,4.85,13386,7574.993,1.0
2014-03-05,4.85,4.9,4.85,4.85,16137,9199.3,1.0
2014-03-06,4.87,4.9,4.78,4.88,28972,16423.734,1.0
2014-03-07,4.86,4.95,4.85,4.91,36610,21021.472,1.0
2014-03-10,4.91,4.91,4.69,4.69,25156,14030.739,1.0
2014-03-11,4.69,4.91,4.65,4.78,30215,16962.168,1.0
2014-03-12,4.76,4.86,4.72,4.84,18431,10350.37,1.0
2014-03-13,4.84,4.87,4.8,4.86,20001,11336.808,1.0
2014-03-14,4.84,4.85,4.79,4.81,14838,8366.439,1.0
2014-03-17,5.14,5.25,5.13,5.25,76689,47353.655,1.0
2014-03-18,5.33,5.38,5.05,5.18,132706,81117.618,1.0
2014-03-19,5.1,5.33,5.08,5.25,111426,68506.117,1.0
2014-03-20,5.21,5.31,4.98,4.99,72091,43762.781,1.0
2014-03-21,4.95,5.11,4.86,5.08,57144,33564.864,1.0
2014-03-24,5.05,5.21,5.04,5.16,59867,36099.648,1.0
2014-03-25,5.14,5.15,5.06,5.1,38712,23224.783,1.0
2014-03-26,5.14,5.15,5.04,5.09,34597,20688.68,1.0
2014-03-27,5.03,5.07,4.93,4.94,38715,22726.47,1.0
2014-03-28,4.96,5.05,4.9,4.95,30330,17713.095,1.0
2014-03-31,4.91,5.12,4.87,5.02,45410,26805.367,1.0
2014-04-01,5.02,5.19,4.95,5.19,91346,54811.369,1.0
2014-04-02,5.19,5.29,5.1,5.25,122048,75199.441,1.0
2014-04-03,5.3,5.37,5.11,5.16,94139,57840.349,1.0
2014-04-04,5.11,5.14,5.06,5.12,39926,23941.409,1.0
2014-04-08,5.1,5.22,5.08,5.19,50296,30699.021,1.0
2014-04-09,5.19,5.27,5.14,5.21,55028,33738.23,1.0
2014-04-10,5.2,5.35,5.16,5.3,96087,59708.923,1.0
2014-04-11,5.29,5.29,5.19,5.21,42922,26425.364,1.0
2014-04-14,5.2,5.47,5.14,5.47,128599,81376.721,1.0
2014-04-15,5.56,5.56,5.27,5.28,127961,81896.272,1.0
2014-04-16,5.24,5.4,5.2,5.33,64942,40578.772,1.0
2014-04-17,5.33,5.33,5.21,5.25,42587,26380.971,1.0
2014-04-18,5.22,5.27,5.18,5.21,25403,15666.762,1.0
2014-04-21,5.18,5.22,5.06,5.07,31945,19330.176,1.0
2014-04-22,5.11,5.18,5.06,5.18,32456,19520.458,1.0
2014-04-23,5.17,5.27,5.13,5.25,38355,23548.625,1.0
2014-04-24,5.21,5.21,5.04,5.04,49724,29790.723,1.0
2014-04-25,5.02,5.03,4.87,4.9,28548,16596.642,1.0
2014-04-28,4.84,4.88,4.72,4.72,22200,12449.873,1.0
2014-04-29,4.72,4.83,4.72,4.82,13550,7578.064,1.0
2014-04-30,4.87,4.88,4.8,4.86,15117,8590.91,1.0
2014-05-05,4.86,4.98,4.83,4.92,12286,7021.138,1.0
2014-05-06,4.91,4.95,4.9,4.93,9206,5310.243,1.0
2014-05-07,4.91,4.91,4.79,4.82,20769,11842.75,1.0
2014-05-08,4.83,4.97,4.83,4.84,11545,6617.43,1.0
2014-05-09,4.92,4.92,4.78,4.83,11360,6371.066,1.0
2014-05-12,4.84,4.95,4.84,4.95,16161,9279.972,1.0
2014-05-13,4.93,4.99,4.91,4.93,17236,9961.232,1.0
2014-05-14,4.93,4.97,4.89,4.91,11213,6448.895,1.0
2014-05-15,4.89,4.94,4.75,4.78,12274,6913.973,1.0
2014-05-16,4.75,4.82,4.75,4.81,6372,3555.999,1.0
2014-05-19,4.85,4.85,4.77,4.81,6714,3754.969,1.0
2014-05-20,4.85,4.87,4.78,4.8,6830,3824.226,1.0
2014-05-21,4.83,4.88,4.78,4.85,8273,4666.518,1.0
2014-05-22,4.87,4.89,4.82,4.83,10598,6007.523,1.0
2014-05-23,4.83,4.86,4.81,4.85,7247,4090.495,1.0
2014-05-26,4.85,4.87,4.83,4.87,9439,5343.394,1.0
2014-05-27,4.88,4.89,4.85,4.87,8659,4923.864,1.0
2014-05-28,4.85,4.89,4.82,4.89,11103,6307.521,1.0
2014-05-29,4.91,4.91,4.81,4.84,11866,6707.041,1.0
2014-05-30,4.81,4.86,4.81,4.81,13741,7760.547,1.0
2014-06-03,4.83,4.87,4.81,4.81,9971,5619.416,1.0
2014-06-04,4.79,4.81,4.69,4.72,16478,9068.633,1.0
2014-06-05,4.71,4.77,4.7,4.75,9112,5012.0,1.0
2014-06-06,4.76,4.82,4.71,4.75,9407,5207.309,1.0
2014-06-09,4.74,4.76,4.71,4.72,10359,5697.267,1.0
2014-06-10,4.75,4.8,4.7,4.75,10927,6048.582,1.0
2014-06-11,4.75,4.78,4.73,4.77,8364,4625.707,1.0
2014-06-12,4.76,4.77,4.72,4.77,8755,4834.806,1.0
2014-06-13,4.77,4.79,4.74,4.79,15725,8740.554,1.0
2014-06-16,4.79,4.81,4.77,4.81,13268,7407.988,1.0
2014-06-17,4.8,4.8,4.71,4.74,20351,11208.321,1.0
2014-06-18,4.74,4.75,4.68,4.71,17116,9380.471,1.0
2014-06-19,4.72,4.74,4.56,4.58,20619,11092.417,1.0
2014-06-20,4.58,4.61,4.54,4.58,15256,8058.039,1.0
2014-06-23,4.57,4.59,4.56,4.59,9255,4905.645,1.0
2014-06-24,4.59,4.61,4.56,4.61,11751,6236.603,1.0
2014-06-25,4.59,4.6,4.55,4.57,8998,4763.168,1.0
2014-06-26,4.55,4.64,4.54,4.62,16740,8929.323,1.0
2014-06-27,4.62,4.65,4.59,4.65,14120,7579.793,1.0
2014-06-30,4.64,4.68,4.61,4.66,14241,7706.113,1.0
2014-07-01,4.66,4.68,4.63,4.68,13333,7223.414,1.0
2014-07-02,4.67,4.69,4.65,4.68,12315,6676.864,1.0
2014-07-03,4.69,4.71,4.68,4.7,18864,10301.7,1.0
2014-07-04,4.71,4.71,4.67,4.68,12917,7031.36,1.0
2014-07-07,4.68,4.78,4.65,4.74,23419,12842.101,1.0
2014-07-08,4.74,4.74,4.68,4.71,14122,7719.564,1.0
2014-07-09,4.68,4.78,4.65,4.73,34601,18945.263,1.0
2014-07-10,4.71,4.89,4.7,4.81,71040,39752.584,1.0
2014-07-11,4.8,4.88,4.73,4.8,43605,24325.656,1.0
2014-07-14,4.81,4.85,4.77,4.84,29546,16584.794,1.0
2014-07-15,4.88,4.93,4.84,4.86,52349,29873.471,1.0
2014-07-16,4.86,4.9,4.81,4.86,26778,15203.482,1.0
2014-07-17,4.86,4.91,4.77,4.85,37072,20931.332,1.0
2014-07-18,4.83,4.9,4.79,4.85,18408,10437.717,1.0
2014-07-21,4.82,4.88,4.79,4.81,13854,7813.726,1.0
2014-07-22,4.81,4.87,4.78,4.84,38319,21601.053,1.0
2014-07-23,4.83,4.91,4.81,4.88,48604,27554.943,1.0
2014-07-24,4.88,4.95,4.86,4.95,52324,30013.851,1.0
2014-07-25,4.95,4.98,4.91,4.98,39802,23031.179,1.0
2014-07-28,4.98,5.05,4.95,5.02,50666,29790.231,1.0
2014-07-29,5.03,5.04,5.0,5.03,33241,19523.774,1.0
2014-07-30,5.02,5.05,5.0,5.01,30861,18126.127,1.0
2014-07-31,5.02,5.1,4.99,5.1,36331,21449.246,1.0
2014-08-01,5.08,5.13,5.03,5.04,32042,19055.059,1.0
2014-08-04,5.04,5.14,5.02,5.13,31585,18879.982,1.0
2014-08-05,5.15,5.59,5.12,5.59,111549,73002.98,1.0
2014-08-06,5.75,5.86,5.58,5.66,242401,162669.007,1.0
2014-08-07,5.59,5.59,5.45,5.45,126869,82395.948,1.0
2014-08-08,5.46,5.51,5.43,5.47,54921,35503.494,1.0
2014-08-11,5.47,5.51,5.44,5.49,43027,27850.251,1.0
2014-08-12,5.5,5.55,5.46,5.53,39750,25939.096,1.0
2014-08-13,5.53,5.58,5.4,5.58,35189,22901.167,1.0
2014-08-14,5.57,5.71,5.52,5.53,34447,22924.731,1.0
2014-08-15,5.51,5.65,5.45,5.54,25457,16732.235,1.0
2014-08-18,5.53,5.58,5.51,5.58,20448,13431.206,1.0
2014-08-19,5.58,5.67,5.58,5.64,36498,24324.399,1.0
2014-08-20,5.64,5.73,5.61,5.73,48712,32900.802,1.0
2014-08-21,5.71,5.85,5.68,5.82,45355,31025.993,1.0
2014-08-22,5.8,6.12,5.8,6.11,68728,49503.556,1.0
2014-08-25,6.08,6.08,5.94,5.98,27345,19497.441,1.0
2014-08-26,5.97,6.23,5.96,6.05,51648,37462.605,1.0
2014-08-27,6.11,6.11,5.91,6.02,39238,28041.953,1.0
2014-08-28,6.08,6.08,5.86,6.03,22789,16238.353,1.0
2014-08-29,6.04,6.15,5.9,6.13,29394,21422.903,1.0
2014-09-01,6.18,6.27,6.12,6.18,29545,22028.934,1.0
2014-09-02,6.16,6.17,6.05,6.15,17261,12558.185,1.0
2014-09-03,6.11,6.19,6.05,6.08,15994,11639.482,1.0
2014-09-04,6.09,6.19,5.96,6.03,38393,27632.992,1.0
2014-09-05,6.03,6.05,5.94,6.03,34173,24367.408,1.0
2014-09-09,6.02,6.06,5.98,6.04,19548,14066.826,1.0
2014-09-10,6.02,6.15,5.96,6.11,26500,19241.732,1.0
2014-09-11,6.13,6.15,6.01,6.01,16027,11645.108,1.0
2014-09-12,5.98,6.05,5.96,6.02,20839,14868.928,1.0
2014-09-15,6.01,6.21,5.98,6.18,40928,29643.667,1.0
2014-09-16,6.33,6.43,6.09,6.17,68803,51799.724,1.0
2014-09-17,6.18,6.18,6.01,6.06,18377,13303.935,1.0
2014-09-18,6.08,6.09,5.9,5.95,25142,17932.599,1.0
2014-09-19,5.96,6.03,5.95,6.03,11987,8578.817,1.0
2014-09-22,6.03,6.07,5.98,5.98,12667,9093.647,1.0
2014-09-23,5.96,6.09,5.95,6.05,13052,9374.062,1.0
2014-09-24,6.02,6.09,6.0,6.08,15894,11492.77,1.0
2014-09-25,6.11,6.13,6.02,6.06,14923,10825.773,1.0
2014-09-26,6.04,6.14,6.04,6.14,13749,10026.323,1.0
2014-09-29,6.13,6.24,6.13,6.24,22686,16800.352,1.0
2014-09-30,6.27,6.38,6.2,6.37,31150,23536.995,1.0
2014-10-08,6.38,6.58,6.38,6.55,42042,32926.931,1.0
2014-10-09,6.52,6.73,6.44,6.61,45426,35904.671,1.0
2014-10-10,6.54,6.78,6.51,6.78,46707,37376.088,1.0
2014-10-13,6.78,6.83,6.67,6.76,26353,21439.091,1.0
2014-10-14,6.75,6.75,6.51,6.62,24236,19234.6,1.0
2014-10-15,6.61,6.69,6.51,6.68,19632,15592.161,1.0
2014-10-16,6.62,6.68,6.54,6.61,13338,10596.273,1.0
2014-10-17,6.54,6.73,6.43,6.71,24342,19402.992,1.0
2014-10-20,6.7,6.99,6.61,6.96,29827,24599.636,1.0
2014-10-21,6.92,7.01,6.79,6.79,20568,17164.49,1.0
2014-10-22,6.8,6.88,6.6,6.6,13800,11209.777,1.0
2014-10-23,6.58,6.65,6.48,6.51,11484,9012.752,1.0
2014-10-24,6.5,6.95,6.43,6.65,15235,12222.695,1.0
2014-10-27,6.58,6.89,6.51,6.89,27599,22585.89,1.0
2014-10-28,6.87,7.22,6.81,7.22,32026,27555.432,1.0
2014-10-29,7.24,7.41,7.15,7.23,35856,31581.511,1.0
2014-10-30,7.2,7.58,7.12,7.41,33290,29667.901,1.0
2014-10-31,7.38,7.46,7.32,7.44,21747,19473.136,1.0
2014-11-03,7.42,7.8,7.37,7.56,37419,34579.736,1.0
2014-11-04,7.6,7.68,7.35,7.51,29600,26834.007,1.0
2014-11-05,7.45,7.61,7.45,7.52,28669,26245.243,1.0
2014-11-06,7.5,7.53,7.41,7.52,11542,10468.466,1.0
2014-11-07,7.54,7.8,7.43,7.45,19643,18256.461,1.0
2014-11-10,7.46,7.73,7.36,7.5,21371,19524.837,1.0
2014-11-11,7.51,7.63,7.21,7.27,27618,24521.294,1.0
2014-11-12,7.21,7.43,7.21,7.35,10677,9414.86,1.0
2014-11-13,7.29,7.35,7.18,7.24,8989,7873.095,1.0
2014-11-14,7.23,7.37,7.13,7.25,12044,10563.581,1.0
2014-11-17,7.28,7.33,7.09,7.19,11698,10153.939,1.0
2014-11-18,7.16,7.65,7.15,7.62,40379,36495.489,1.0
2014-11-19,7.6,7.73,7.46,7.51,24697,22665.492,1.0
2014-11-20,7.48,7.59,7.41,7.51,12405,11281.859,1.0
2014-11-21,7.51,7.55,7.46,7.5,10366,9443.96,1.0
2014-11-24,7.65,7.67,7.52,7.57,22082,20378.597,1.0
2014-11-25,7.58,7.61,7.44,7.55,19657,17935.266,1.0
2014-11-26,7.6,7.65,7.5,7.64,18223,16810.278,1.0
2014-11-27,7.64,7.72,7.51,7.61,18534,17182.623,1.0
2014-11-28,7.58,7.63,7.35,7.48,25865,23396.353,1.0
2014-12-01,7.47,7.63,7.36,7.48,25287,22939.863,1.0
2014-12-02,7.39,7.55,7.39,7.48,23160,21086.231,1.0
2014-12-03,7.48,7.74,7.41,7.53,31284,28711.333,1.0
2014-12-04,7.52,7.61,7.45,7.55,33450,30528.952,1.0
2014-12-05,7.54,7.55,7.19,7.23,32316,28720.949,1.0
2014-12-08,7.2,7.32,7.08,7.19,22749,19862.105,1.0
2014-12-09,7.13,7.63,6.82,7.21,75595,66811.134,1.0
2014-12-10,6.85,7.33,6.85,7.31,41739,35955.585,1.0
2014-12-11,7.24,7.28,7.14,7.18,27751,24106.707,1.0
2014-12-12,7.19,7.47,7.18,7.36,34021,30273.914,1.0
2014-12-15,7.33,7.41,7.32,7.38,23707,21144.744,1.0
2014-12-16,7.43,7.65,7.43,7.51,32113,29405.96,1.0
2014-12-17,8.21,8.21,8.11,8.21,48185,48305.685,1.0
2014-12-18,8.96,8.98,8.35,8.51,122517,129772.298,1.0
2014-12-19,8.54,8.54,7.92,8.04,70190,69729.183,1.0
2014-12-22,7.99,8.48,7.75,8.11,74124,73727.441,1.0
2014-12-23,8.48,8.87,8.33,8.48,101804,107526.206,1.0
2014-12-24,8.58,8.58,8.04,8.27,55655,55672.369,1.0
2014-12-25,8.16,8.62,8.06,8.62,83834,86486.958,1.0
2014-12-26,8.56,8.92,8.32,8.75,89708,95190.849,1.0
2014-12-29,8.66,8.75,8.38,8.64,45900,47955.006,1.0
2014-12-30,8.65,9.34,8.42,9.14,103494,113994.746,1.0
2014-12-31,8.96,9.11,8.83,8.96,56479,61910.433,1.0
2015-01-05,9.0,9.18,8.7,8.96,49687,54532.688,1.0
2015-01-06,8.91,9.04,8.56,8.65,46135,49400.625,1.0
2015-01-07,8.61,8.71,8.42,8.58,35408,36935.455,1.0
2015-01-08,8.55,8.62,8.35,8.39,23199,23963.864,1.0
2015-01-09,8.74,9.16,8.74,8.81,88962,97388.267,1.0
2015-01-12,8.44,8.71,8.31,8.31,36936,38061.695,1.0
2015-01-13,8.27,8.38,8.19,8.21,24244,24429.57,1.0
2015-01-14,8.21,8.39,8.21,8.35,16482,16645.511,1.0
2015-01-15,8.38,8.38,8.23,8.38,18768,19100.887,1.0
2015-01-16,8.44,8.44,8.3,8.32,16268,16565.985,1.0
2015-01-19,8.17,8.19,7.64,7.73,28112,27264.159,1.0
2015-01-20,7.71,8.0,7.71,7.91,24291,23223.613,1.0
2015-01-21,7.91,8.16,7.88,8.12,19378,19003.479,1.0
2015-01-22,8.09,8.22,8.08,8.2,18268,18131.911,1.0
2015-01-23,8.58,8.71,8.31,8.35,46238,48004.912,1.0
2015-01-26,8.38,8.65,8.25,8.55,26985,27923.289,1.0
2015-01-27,8.53,8.65,8.38,8.54,29968,31346.766,1.0
2015-01-28,8.5,8.58,8.47,8.51,15161,15797.31,1.0
2015-01-29,8.38,8.48,8.29,8.31,11870,12152.498,1.0
2015-01-30,8.31,8.45,8.28,8.28,9932,10119.708,1.0
2015-02-02,8.28,8.35,8.11,8.17,11109,11153.215,1.0
2015-02-03,8.17,8.35,8.17,8.32,11499,11659.992,1.0
2015-02-04,8.32,8.39,8.22,8.28,14966,15182.985,1.0
2015-02-05,8.28,8.41,8.05,8.11,15566,15633.934,1.0
2015-02-06,8.12,8.12,7.75,7.84,10094,9799.98,1.0
2015-02-09,7.85,8.49,7.81,8.36,28383,28693.477,1.0
2015-02-10,8.37,8.61,8.23,8.39,17147,17545.847,1.0
2015-02-11,8.42,8.43,8.33,8.38,10942,11213.706,1.0
2015-02-12,8.42,8.55,8.34,8.49,16617,17207.347,1.0
2015-02-13,8.57,8.58,8.48,8.54,21164,22126.127,1.0
2015-02-16,8.47,8.61,8.47,8.55,17326,18116.026,1.0
2015-02-17,8.55,8.61,8.48,8.56,13012,13592.763,1.0
2015-02-25,8.55,8.57,8.39,8.4,13838,14366.26,1.0
2015-02-26,8.39,8.54,8.39,8.51,11541,11962.997,1.0
2015-02-27,8.51,8.55,8.45,8.51,14000,14554.829,1.0
2015-03-02,8.59,8.8,8.52,8.79,32553,34632.823,1.0
2015-03-03,8.78,8.88,8.58,8.58,26544,28221.035,1.0
2015-03-04,8.53,8.78,8.53,8.78,19880,21095.822,1.0
2015-03-05,8.76,9.01,8.65,9.01,41239,44812.171,1.0
2015-03-06,9.01,9.08,8.82,8.91,28331,31086.896,1.0
2015-03-09,8.91,9.01,8.73,8.99,23387,25544.12,1.0
2015-03-10,8.98,9.19,8.8,8.81,48987,53665.319,1.0
2015-03-11,8.75,8.88,8.62,8.88,26772,28607.51,1.0
2015-03-12,8.8,8.98,8.69,8.88,38346,41746.256,1.0
2015-03-13,8.88,8.92,8.73,8.8,16452,17765.834,1.0
2015-03-16,8.81,9.04,8.78,8.98,35314,38700.529,1.0
2015-03-17,9.01,9.31,8.92,9.15,42949,47979.408,1.0
2015-03-18,9.15,10.01,9.15,10.01,79053,95380.0,1.0
2015-03-19,10.25,10.48,9.78,9.91,111620,139110.972,1.0
2015-03-20,9.84,10.25,9.81,9.96,67477,83467.765,1.0
2015-03-23,9.85,10.06,9.85,10.05,45507,55994.933,1.0
2015-03-24,10.03,10.11,9.53,9.88,56232,68230.04,1.0
2015-03-25,9.85,10.03,9.64,9.89,36906,44979.58,1.0
2015-03-26,9.9,10.38,9.82,10.31,74469,93247.643,1.0
2015-03-27,10.3,10.31,10.04,10.16,41112,51510.446,1.0
2015-03-30,10.09,10.71,10.09,10.4,75302,97387.987,1.0
2015-03-31,10.58,10.65,10.23,10.25,56290,72354.141,1.0
2015-04-01,10.42,10.42,10.19,10.39,39398,50328.751,1.0
2015-04-02,10.42,10.88,10.38,10.88,64820,85152.232,1.0
2015-04-03,10.8,11.05,10.61,10.88,55187,73919.338,1.0
2015-04-07,10.88,11.04,10.68,11.01,58349,78212.026,1.0
2015-04-08,11.28,11.88,11.14,11.45,85023,120739.928,1.0
2015-04-09,11.35,11.35,10.77,11.2,56366,76937.324,1.0
2015-04-10,11.07,11.25,10.9,11.2,34663,48017.717,1.0
2015-04-13,11.18,11.5,11.02,11.41,50009,70082.456,1.0
2015-04-14,11.38,11.56,11.19,11.55,46755,66100.385,1.0
2015-04-15,11.83,12.27,11.47,11.55,84469,124516.957,1.0
2015-04-16,10.92,11.51,10.45,11.24,42761,58580.836,1.0
2015-04-17,11.18,11.88,10.91,11.54,62731,87942.914,1.0
2015-04-20,11.38,11.38,10.92,10.98,48849,67642.019,1.0
2015-04-21,10.98,11.21,10.91,11.2,27845,38297.06,1.0
2015-04-22,11.15,11.64,11.01,11.64,64706,91605.482,1.0
2015-04-23,11.88,12.04,11.38,11.52,90936,132417.463,1.0
2015-04-24,11.16,11.29,11.01,11.16,40366,55752.752,1.0
2015-04-27,11.17,11.38,11.04,11.18,41799,57959.983,1.0
2015-04-28,11.2,11.24,10.68,10.72,35760,48298.652,1.0
2015-04-29,10.72,11.25,10.53,11.2,43973,59135.8,1.0
2015-04-30,11.28,11.29,10.98,11.01,31813,43773.796,1.0
2015-05-04,11.07,11.14,10.8,10.87,21084,28460.584,1.0
2015-05-05,10.9,10.9,10.41,10.46,30997,40780.668,1.0
2015-05-06,10.47,10.69,10.06,10.08,21658,27785.693,1.0
2015-05-07,10.11,10.51,9.95,10.18,26975,34234.043,1.0
2015-05-08,10.19,10.45,10.19,10.37,14404,18277.612,1.0
2015-05-11,10.4,10.84,10.38,10.81,30460,39911.936,1.0
2015-05-12,10.8,10.8,10.52,10.64,31297,41062.42,1.0
2015-05-13,10.6,10.6,10.41,10.48,24880,32165.236,1.0
2015-05-14,10.48,10.89,10.42,10.79,40918,54074.202,1.0
2015-05-15,11.11,11.45,10.95,11.07,85498,118632.61,1.0
2015-05-18,10.8,10.98,10.45,10.77,38724,51184.535,1.0
2015-05-19,10.65,10.84,10.61,10.84,34943,46436.058,1.0
2015-05-20,10.8,11.84,10.76,11.65,157790,223553.528,1.0
2015-05-21,11.65,12.76,11.46,12.76,141165,217305.615,1.0
2015-05-22,13.07,13.98,12.45,13.98,125227,209523.342,1.0
2015-05-25,14.1,15.33,13.54,15.33,148852,279163.376,1.0
2015-05-26,15.61,15.62,14.76,15.34,93419,178948.108,1.0
2015-05-27,15.15,16.76,14.53,16.75,183342,355103.28,1.0
2015-05-28,15.91,17.45,15.12,16.22,168177,336139.152,1.0
2015-05-29,15.45,15.55,14.65,14.83,215278,403199.136,1.0
2015-06-01,14.5,15.07,13.81,14.93,159744,291475.024,1.0
2015-06-02,14.83,15.75,14.41,15.42,158643,298531.04,1.0
2015-06-03,15.35,15.42,14.65,14.76,108679,204371.344,1.0
2015-06-04,14.76,14.86,13.35,13.99,92025,162450.382,1.0
2015-06-05,14.45,15.05,13.94,14.92,148275,268739.248,1.0
2015-06-08,14.92,15.04,14.41,14.53,100818,185985.57,1.0
2015-06-09,14.18,14.83,14.18,14.41,64645,116729.674,1.0
2015-06-10,14.36,15.03,14.11,14.76,91323,168504.088,1.0
2015-06-11,14.76,15.3,14.53,15.28,103443,192700.91,1.0
2015-06-12,15.15,15.86,14.91,15.73,148994,288635.12,1.0
2015-06-15,15.68,16.59,15.36,15.74,187761,379109.376,1.0
2015-06-16,15.38,15.38,14.21,14.21,97950,179668.772,1.0
2015-06-17,14.16,14.65,13.38,14.41,73208,126873.191,1.0
2015-06-18,14.21,14.68,13.61,14.05,50526,90420.585,1.0
2015-06-19,14.15,15.07,13.61,14.91,146939,267690.053,1.0
2015-06-23,15.08,15.85,13.96,14.91,133437,248078.719,1.0
2015-06-24,14.84,16.35,14.58,16.35,203757,399152.048,1.0
2015-06-25,16.3,17.59,15.92,16.51,269711,566505.568,1.0
2015-06-26,15.61,16.1,14.91,14.91,110090,213118.87,1.0
2015-06-29,14.91,15.38,13.48,13.48,110382,192767.493,1.0
2015-06-30,12.31,13.84,12.18,13.45,133157,213564.715,1.0
2015-07-01,13.04,13.44,12.16,12.16,107757,171494.156,1.0
2015-07-02,11.68,11.68,11.0,11.0,60541,83291.946,1.0
2015-07-03,9.95,10.41,9.95,9.95,46149,56955.594,1.0
2015-07-06,10.68,10.68,9.01,9.01,79043,93384.946,1.0
2015-07-07,8.17,8.17,8.17,8.17,6228,6184.404,1.0
2015-07-08,7.41,7.41,7.41,7.41,870,777.78,1.0
2015-07-09,6.72,8.09,6.72,8.09,144105,130797.571,1.0
2015-07-10,8.14,8.85,7.87,8.85,127845,135437.338,1.0
2015-07-13,9.08,9.68,8.69,9.68,160405,183820.121,1.0
2015-07-14,9.45,10.11,9.15,9.15,142306,166259.362,1.0
2015-07-15,8.76,8.9,8.28,8.28,80851,83532.201,1.0
2015-07-16,7.68,8.66,7.51,8.41,89157,88620.18,1.0
2015-07-17,8.41,9.07,8.26,8.98,74022,78912.198,1.0
2015-07-20,8.98,9.5,8.8,9.43,100450,112663.977,1.0
2015-07-21,9.17,10.25,9.13,9.99,114628,137220.733,1.0
2015-07-22,9.96,10.24,9.66,10.15,77171,94175.099,1.0
2015-07-23,10.12,11.07,9.95,10.94,80771,105505.235,1.0
2015-07-24,10.94,10.95,10.34,10.59,64025,85079.322,1.0
2015-07-27,10.48,10.89,10.22,10.53,68002,87770.286,1.0
2015-07-28,10.0,11.42,9.76,10.91,114061,149553.746,1.0
2015-07-29,10.9,11.3,10.61,11.23,116370,158845.175,1.0
2015-07-30,11.22,11.23,10.16,10.65,75674,101051.503,1.0
2015-07-31,10.22,10.6,10.21,10.53,37840,48434.56,1.0
2015-08-03,10.73,11.06,10.18,10.53,37399,49313.052,1.0
2015-08-04,10.55,11.04,10.46,10.99,41330,55060.596,1.0
2015-08-05,11.07,12.04,11.07,12.04,279755,417641.376,1.0
2015-08-06,11.68,11.78,10.88,11.18,259345,365190.96,1.0
2015-08-07,11.08,11.38,10.9,11.22,138692,191474.525,1.0
2015-08-10,11.01,11.74,11.01,11.62,151634,214539.852,1.0
2015-08-11,11.44,11.6,11.07,11.44,134898,189779.106,1.0
2015-08-12,11.26,11.31,10.79,10.89,74738,102031.955,1.0
2015-08-13,10.65,10.91,10.46,10.85,79176,104511.631,1.0
2015-08-14,10.85,11.42,10.81,11.21,92070,127304.051,1.0
2015-08-17,11.18,11.84,11.08,11.68,124518,178356.54,1.0
2015-08-18,11.69,11.83,10.57,11.08,104691,144516.511,1.0
2015-08-19,10.84,12.09,10.51,11.88,110835,156174.873,1.0
2015-08-20,11.84,11.84,10.98,10.99,56926,80781.646,1.0
2015-08-21,10.73,11.45,10.51,10.72,44744,59990.066,1.0
2015-08-24,9.8,10.65,9.71,10.34,103448,130766.07,1.0
2015-08-25,9.9,10.53,9.36,10.34,82714,100610.626,1.0
2015-08-26,10.48,11.32,10.03,11.32,97795,133477.188,1.0
2015-08-27,11.53,12.4,11.17,12.4,179354,264859.999,1.0
2015-08-28,12.75,13.49,12.55,13.16,203780,331418.576,1.0
2015-08-31,12.72,12.81,11.9,11.9,137141,209909.143,1.0
2015-09-01,11.64,11.65,10.76,10.76,86943,116864.281,1.0
2015-09-02,9.74,11.04,9.74,10.53,131339,163950.986,1.0
2015-09-07,10.52,10.97,10.16,10.72,69697,91516.994,1.0
2015-09-08,10.46,11.75,9.8,11.75,126697,171235.728,1.0
2015-09-09,12.32,12.87,12.15,12.87,152628,242319.106,1.0
2015-09-10,12.81,14.1,12.36,14.09,171086,291360.656,1.0
2015-09-11,13.67,15.45,12.77,15.41,292775,510032.048,1.0
2015-09-14,14.71,15.44,13.93,13.93,170612,309014.512,1.0
2015-09-15,12.61,13.24,12.59,12.59,88424,139366.554,1.0
2015-09-16,11.72,13.8,11.38,13.25,332867,496975.552,1.0
2015-09-17,12.61,13.23,11.98,11.98,228857,357848.72,1.0
2015-09-18,11.57,12.07,11.03,11.51,172336,244793.1,1.0
2015-09-21,11.12,11.98,11.07,11.79,149804,217278.696,1.0
2015-09-22,11.79,12.13,11.57,11.65,147087,216127.585,1.0
2015-09-23,11.15,12.77,10.96,12.77,210678,310274.912,1.0
2015-09-24,12.84,13.99,12.77,13.99,211170,356694.864,1.0
2015-09-25,14.38,14.73,12.65,12.65,243159,410456.096,1.0
2015-09-28,11.86,12.36,11.49,12.15,148782,221414.664,1.0
2015-09-29,11.72,13.15,11.68,12.59,167692,264137.31,1.0
2015-09-30,12.51,12.51,11.77,11.92,117028,175173.774,1.0
2015-10-08,12.38,13.06,11.95,13.06,137763,215702.8,1.0
2015-10-09,13.15,13.6,12.72,12.85,196610,321650.096,1.0
2015-10-12,12.83,13.85,12.61,13.46,171951,285446.08,1.0
2015-10-13,13.22,13.76,13.16,13.38,153283,259022.366,1.0
2015-10-14,13.26,13.59,12.84,12.9,109719,180129.129,1.0
2015-10-15,12.84,13.48,12.59,13.36,114892,188031.789,1.0
2015-10-16,13.36,14.45,12.91,13.84,204898,348905.312,1.0
2015-10-19,13.68,14.38,13.58,13.97,176972,311030.912,1.0
2015-10-20,13.85,14.05,13.3,13.77,116794,199071.89,1.0
2015-10-21,13.61,15.09,13.46,14.97,312678,565103.312,1.0
2015-10-22,14.36,15.88,14.13,15.38,300517,562567.056,1.0
2015-10-23,15.05,16.65,14.8,15.95,254400,503072.128,1.0
2015-10-26,15.76,15.83,14.45,14.51,184040,352415.856,1.0
2015-10-27,14.24,14.98,13.78,14.7,137901,247996.988,1.0
2015-10-28,14.38,14.98,13.81,14.03,101749,183867.116,1.0
2015-10-29,14.14,14.32,13.88,14.06,74476,131322.435,1.0
2015-10-30,14.0,14.28,13.68,14.0,64766,113690.611,1.0
2015-11-02,13.86,14.76,13.61,14.32,99625,178339.767,1.0
2015-11-03,14.28,14.76,14.08,14.19,79631,144364.486,1.0
2015-11-04,14.19,14.91,14.12,14.74,91111,166378.9,1.0
2015-11-05,14.63,15.25,14.38,14.95,130690,242573.118,1.0
2015-11-06,14.8,15.15,14.76,14.85,97291,181925.79,1.0
2015-11-09,14.68,14.75,14.25,14.54,84334,153183.634,1.0
2015-11-10,14.54,14.76,14.23,14.4,72774,131860.225,1.0
2015-11-11,14.28,14.74,14.05,14.59,87041,156760.313,1.0
2015-11-12,14.48,14.61,14.07,14.09,75542,134517.864,1.0
2015-11-13,14.14,14.49,13.84,13.85,72074,127256.175,1.0
2015-11-16,13.44,13.72,13.33,13.69,53083,90172.089,1.0
2015-11-17,13.92,14.11,13.68,13.73,57286,99401.424,1.0
2015-11-18,13.71,13.93,13.51,13.6,46382,79250.583,1.0
2015-11-19,13.62,13.79,13.24,13.79,64538,108741.856,1.0
2015-11-20,13.79,14.22,13.68,14.1,82239,144657.648,1.0
2015-11-23,14.36,14.91,14.21,14.68,129369,237151.394,1.0
2015-11-24,14.38,14.59,13.9,14.07,69968,123810.38,1.0
2015-11-25,14.1,14.15,13.61,13.76,97111,166938.066,1.0
2015-11-26,13.72,13.93,13.61,13.74,54977,94580.754,1.0
2015-11-27,13.71,13.85,12.41,12.41,71490,117276.311,1.0
2015-11-30,12.27,12.4,11.24,11.95,78958,116218.025,1.0
2015-12-01,11.95,12.45,11.54,12.26,61580,92972.757,1.0
2015-12-02,12.15,12.81,12.07,12.33,64364,99710.88,1.0
2015-12-03,12.3,12.44,12.07,12.41,49358,75082.521,1.0
2015-12-04,12.33,12.38,11.99,12.08,41985,63648.88,1.0
2015-12-07,12.03,12.25,12.0,12.09,33307,50170.142,1.0
2015-12-08,12.13,12.26,11.83,12.04,47195,70649.572,1.0
2015-12-09,11.78,12.01,11.51,11.55,39864,57843.537,1.0
2015-12-10,11.57,11.69,11.32,11.51,35960,51228.65,1.0
2015-12-11,11.51,11.58,11.3,11.53,38917,55163.843,1.0
2015-12-14,11.53,12.14,11.46,12.06,53925,79032.32,1.0
2015-12-15,12.05,12.05,11.81,11.84,32428,47869.815,1.0
2015-12-16,11.84,11.97,11.68,11.83,28443,41900.026,1.0
2015-12-17,11.85,12.11,11.85,12.05,47437,70812.289,1.0
2015-12-18,12.06,12.15,11.76,11.88,38444,56982.011,1.0
2015-12-21,11.91,12.03,11.88,11.96,31025,46137.187,1.0
2015-12-22,12.0,13.11,11.95,13.11,135687,217785.28,1.0
2015-12-29,12.22,13.17,12.22,12.57,89425,140957.421,1.0
2015-12-30,12.57,12.57,12.12,12.18,62380,95008.939,1.0
2015-12-31,12.15,12.43,11.68,11.68,50360,75458.477,1.0
2016-01-04,11.76,11.76,10.57,10.57,44541,60485.914,1.0
2016-01-05,9.64,10.49,9.64,9.91,49995,61865.424,1.0
2016-01-06,10.11,10.59,9.88,10.48,63166,79292.217,1.0
2016-01-07,10.22,10.22,9.48,9.48,13406,16190.677,1.0
2016-01-08,9.85,9.99,8.76,9.67,48174,57090.582,1.0
2016-01-11,9.58,9.98,9.28,9.28,55413,65939.6,1.0
2016-01-12,9.41,9.81,9.18,9.68,58935,69710.296,1.0
2016-01-13,9.65,9.9,9.38,9.61,28831,34129.504,1.0
2016-01-14,9.43,9.91,9.27,9.87,30242,36100.991,1.0
2016-01-15,9.92,10.05,9.34,9.66,38291,46078.824,1.0
2016-01-18,9.38,9.84,9.23,9.65,23627,28047.308,1.0
2016-01-19,9.57,9.91,9.49,9.9,31632,37983.466,1.0
2016-01-20,9.89,10.19,9.76,10.07,45103,55507.886,1.0
2016-01-21,9.91,10.29,9.85,9.88,47023,58593.268,1.0
2016-01-22,9.98,10.22,9.8,10.16,37977,47161.815,1.0
2016-01-25,10.07,10.53,10.07,10.33,34607,44331.616,1.0
2016-01-26,10.34,10.58,9.99,9.99,48624,62030.216,1.0
2016-01-27,10.0,10.75,9.08,10.61,59945,74572.437,1.0
2016-01-28,10.45,10.84,10.31,10.43,37536,49117.925,1.0
2016-01-29,10.15,10.68,9.77,10.26,36047,45257.248,1.0
2016-02-01,10.07,10.25,9.93,9.99,19903,24651.613,1.0
2016-02-02,10.0,10.67,10.0,10.5,35324,45526.487,1.0
2016-02-03,10.38,10.48,10.17,10.34,17442,22164.789,1.0
2016-02-04,10.34,10.53,10.22,10.38,24148,31013.049,1.0
2016-02-05,10.38,10.99,10.03,10.15,29758,38210.949,1.0
2016-02-15,9.69,10.53,9.54,10.29,30413,38393.558,1.0
2016-02-16,10.28,10.8,10.26,10.67,55605,72327.857,1.0
2016-02-17,10.65,10.65,10.38,10.58,45440,58864.329,1.0
2016-02-18,10.53,10.74,10.49,10.67,53888,70555.689,1.0
2016-02-19,10.8,11.15,10.61,10.68,53012,71017.842,1.0
2016-02-22,10.15,11.11,10.15,11.11,70978,95741.516,1.0
2016-02-23,11.07,11.07,10.55,10.73,49015,65221.461,1.0
2016-02-24,10.73,10.84,10.54,10.77,27091,35822.791,1.0
2016-02-25,10.77,10.77,9.75,9.75,40198,50094.714,1.0
2016-02-26,9.75,9.91,9.28,9.75,30222,35766.782,1.0
2016-02-29,9.75,10.21,9.0,9.99,47990,57561.763,1.0
2016-03-01,9.98,10.34,9.61,10.15,39627,49318.746,1.0
2016-03-02,9.99,10.9,9.99,10.7,78951,103589.634,1.0
2016-03-03,10.53,10.82,10.45,10.45,51705,67786.466,1.0
2016-03-04,10.45,11.44,9.99,11.44,151068,197715.025,1.0
2016-03-07,11.44,12.53,11.37,12.53,130062,192066.948,1.0
2016-03-08,13.38,13.72,12.25,13.56,179714,291489.616,1.0
2016-03-09,12.8,13.61,12.26,12.27,294762,453888.176,1.0
2016-03-10,12.3,12.3,11.18,11.3,211579,302506.304,1.0
2016-03-11,11.22,11.55,10.93,11.32,138476,193193.012,1.0
2016-03-14,11.32,11.91,11.18,11.52,162010,233507.965,1.0
2016-03-15,11.32,11.94,11.03,11.71,148642,210687.98,1.0
2016-03-16,11.51,11.82,11.21,11.25,101079,143468.988,1.0
2016-03-17,11.27,11.55,11.09,11.35,104591,146640.536,1.0
2016-03-18,11.3,11.71,11.3,11.67,139831,200115.58,1.0
2016-03-21,11.68,12.02,11.53,11.91,147523,215452.973,1.0
2016-03-22,11.79,11.86,11.49,11.53,112089,162446.046,1.0
2016-03-23,11.37,11.72,11.31,11.72,91255,131031.752,1.0
2016-03-24,11.61,11.61,10.98,10.99,88292,124635.768,1.0
2016-03-25,10.88,11.16,10.81,10.95,57542,78030.504,1.0
2016-03-28,11.0,11.26,10.88,11.09,59200,81444.019,1.0
2016-03-29,11.11,11.21,10.78,10.84,39285,53138.37,1.0
2016-03-30,10.98,11.15,10.94,11.15,47280,64820.407,1.0
2016-03-31,11.25,11.28,11.04,11.18,56367,77907.427,1.0
2016-04-01,11.11,11.36,11.04,11.13,49988,69160.499,1.0
2016-04-05,11.08,11.31,11.07,11.25,53799,74597.083,1.0
2016-04-06,11.18,11.44,11.15,11.19,49360,68860.4,1.0
2016-04-07,11.26,11.26,10.75,10.76,52842,71688.456,1.0
2016-04-08,10.75,11.03,10.72,10.95,42745,57460.077,1.0
2016-04-11,11.05,11.22,10.77,11.12,52203,71646.532,1.0
2016-04-12,11.05,11.28,10.8,11.21,74007,101249.71,1.0
2016-04-13,11.24,11.51,11.24,11.26,88870,125202.911,1.0
2016-04-14,11.64,11.65,11.28,11.35,63156,89443.325,1.0
2016-04-15,11.3,11.49,11.23,11.36,49383,69593.946,1.0
2016-04-18,11.29,11.29,10.99,11.07,38470,52998.624,1.0
2016-04-19,11.25,11.25,11.05,11.13,24542,33772.921,1.0
2016-04-20,11.19,11.2,10.18,10.79,63872,84728.051,1.0
2016-04-21,10.65,10.99,10.45,10.76,45737,61141.926,1.0
2016-04-22,10.53,10.91,10.53,10.72,25804,34226.577,1.0
2016-04-25,10.75,10.9,10.55,10.7,25796,34208.759,1.0
2016-04-26,10.76,10.77,10.61,10.75,16313,21551.603,1.0
2016-04-27,10.69,11.78,10.68,11.78,101933,141710.461,1.0
2016-04-28,11.76,11.76,11.24,11.28,103792,146383.115,1.0
2016-04-29,11.14,11.14,10.82,10.84,55014,74825.539,1.0
2016-05-03,10.83,11.21,10.72,11.07,49847,67833.269,1.0
2016-05-04,11.07,11.21,10.98,11.13,49511,68052.055,1.0
2016-05-05,11.08,11.4,11.0,11.28,50970,70679.924,1.0
2016-05-06,11.29,11.48,11.07,11.09,72886,101740.963,1.0
2016-05-09,10.85,11.47,10.54,11.21,95906,132241.871,1.0
2016-05-10,11.3,11.49,11.07,11.45,92859,130093.828,1.0
2016-05-11,11.59,11.61,10.77,11.06,83436,115844.815,1.0
2016-05-12,10.69,11.07,10.45,10.92,46412,61681.542,1.0
2016-05-13,10.73,10.99,10.55,10.66,23002,30600.792,1.0
2016-05-16,10.65,11.16,10.55,10.98,42210,56665.503,1.0
2016-05-17,10.88,11.8,10.88,11.54,125936,179413.601,1.0
2016-05-18,11.38,11.72,11.15,11.53,94589,134720.588,1.0
2016-05-19,11.51,12.02,11.5,11.7,182188,265352.003,1.0
2016-05-20,11.46,11.85,11.42,11.63,72785,105130.428,1.0
2016-05-23,11.55,12.13,11.55,12.01,88386,130203.298,1.0
2016-05-24,11.86,12.03,11.36,11.88,87262,126847.413,1.0
2016-05-25,12.19,13.01,11.77,11.81,144613,216962.929,1.0
2016-05-26,11.71,12.01,11.33,12.0,72252,105152.667,1.0
2016-05-27,11.91,12.36,11.78,12.23,96640,145510.192,1.0
2016-05-30,12.14,12.51,11.88,12.41,100451,153167.098,1.0
2016-05-31,12.68,12.68,12.23,12.45,318862,490555.12,1.0
2016-06-01,12.46,12.46,12.08,12.23,159572,242659.82,1.0
2016-06-02,12.09,12.23,11.88,11.94,101302,151461.222,1.0
2016-06-03,12.0,12.06,11.77,12.01,76433,112955.144,1.0
2016-06-06,12.01,12.08,11.69,11.7,68563,100800.536,1.0
2016-06-07,11.48,11.61,11.35,11.46,68170,96769.038,1.0
2016-06-08,11.42,11.65,11.38,11.41,49147,70047.628,1.0
2016-06-13,11.31,11.34,10.57,10.61,63573,86715.113,1.0
2016-06-14,10.58,10.75,10.54,10.66,37086,48665.884,1.0
2016-06-15,10.51,10.88,10.4,10.82,46179,61391.937,1.0
2016-06-16,10.79,10.88,10.58,10.65,38986,51671.777,1.0
2016-06-17,10.66,10.77,10.61,10.7,35338,46609.201,1.0
2016-06-20,10.59,10.75,10.59,10.69,23719,31254.593,1.0
2016-06-21,10.74,10.76,10.47,10.51,35149,46075.877,1.0
2016-06-22,10.51,10.61,10.48,10.58,24596,31996.096,1.0
2016-06-23,10.58,10.6,10.29,10.37,31375,40322.992,1.0
2016-06-24,10.38,10.45,9.77,10.08,38379,48151.077,1.0
2016-06-27,9.92,10.3,9.88,10.26,27291,34143.158,1.0
2016-06-28,10.28,10.36,10.21,10.35,25691,32586.521,1.0
2016-06-29,10.32,10.6,10.32,10.44,33802,43699.851,1.0
2016-06-30,10.43,10.57,10.34,10.39,26970,34713.915,1.0
2016-07-01,10.39,10.8,10.38,10.68,51095,66980.927,1.0
2016-07-04,10.6,10.81,10.55,10.73,44318,58539.792,1.0
2016-07-05,10.73,10.78,10.62,10.71,32940,43517.076,1.0
2016-07-06,10.67,11.72,10.55,11.72,135261,189641.837,1.0
2016-07-07,12.03,12.08,11.31,11.61,213927,314749.2,1.0
2016-07-08,11.34,11.35,10.98,11.0,113405,155826.217,1.0
2016-07-11,10.95,11.91,10.82,11.61,142194,199973.877,1.0
2016-07-12,11.45,11.81,11.23,11.69,134278,193063.845,1.0
2016-07-13,11.61,11.92,11.39,11.51,115008,165639.208,1.0
2016-07-14,11.51,11.58,11.19,11.48,76881,108520.498,1.0
2016-07-15,11.43,11.75,11.39,11.55,65468,93997.888,1.0
2016-07-18,11.6,11.6,11.39,11.46,35683,50659.659,1.0
2016-07-19,11.41,11.58,11.32,11.46,26364,37391.099,1.0
2016-07-20,11.46,11.83,11.42,11.65,83350,120526.219,1.0
2016-07-21,11.7,11.85,11.59,11.68,71287,103435.124,1.0
2016-07-22,11.69,12.1,11.65,11.93,93008,138210.753,1.0
2016-07-25,11.88,12.08,11.68,11.75,60638,89449.894,1.0
2016-07-26,11.77,12.04,11.74,11.93,55586,81835.096,1.0
2016-07-27,11.88,12.06,11.23,11.35,56765,81537.21,1.0
2016-07-28,11.39,11.84,11.39,11.84,65449,94756.385,1.0
2016-07-29,11.98,12.61,11.78,12.28,116567,176711.715,1.0
2016-08-01,12.21,12.46,11.94,12.18,66369,100878.691,1.0
2016-08-02,12.23,12.7,12.13,12.69,87330,135558.255,1.0
2016-08-03,12.69,13.66,12.62,13.06,186413,308621.632,1.0
2016-08-04,12.98,13.38,12.17,12.43,263842,424502.176,1.0
2016-08-05,12.35,12.53,12.08,12.11,73884,112759.703,1.0
2016-08-08,12.16,12.61,12.11,12.61,112313,173760.763,1.0
2016-08-09,12.61,12.91,12.42,12.86,74031,116572.373,1.0
2016-08-10,12.85,13.38,12.69,12.94,179342,295068.256,1.0
2016-08-11,12.94,13.55,12.85,13.38,92468,153120.377,1.0
2016-08-12,13.38,13.52,13.15,13.45,53646,89485.861,1.0
2016-08-15,13.45,14.0,13.31,13.9,67338,114902.588,1.0
2016-08-16,13.77,13.99,13.57,13.59,71443,122612.275,1.0
2016-08-17,13.55,14.9,13.55,14.9,202457,369042.4,1.0
2016-08-18,14.9,16.34,14.9,16.34,162408,326479.2,1.0
2016-08-19,17.91,17.91,16.61,17.91,158507,353377.28,1.0
2016-08-22,18.23,18.28,16.18,16.18,327858,674084.704,1.0
2016-08-23,15.62,15.62,14.61,14.63,404937,750939.568,1.0
2016-08-24,14.45,14.65,14.25,14.41,204809,368775.12,1.0
2016-08-25,14.36,14.36,13.88,14.07,166194,291504.256,1.0
2016-08-26,14.08,14.18,13.87,13.97,129572,227590.604,1.0
2016-08-29,13.99,14.16,13.71,14.06,117084,204525.097,1.0
2016-08-30,13.99,14.07,13.71,13.77,88620,153584.765,1.0
2016-08-31,13.85,14.05,13.64,14.01,111563,193868.854,1.0
2016-09-01,14.06,14.11,13.62,13.62,104126,179710.754,1.0
2016-09-02,13.6,13.78,13.21,13.33,103196,173201.504,1.0
2016-09-05,13.38,13.52,13.21,13.48,68045,113751.749,1.0
2016-09-06,13.46,13.69,13.38,13.66,80020,135469.649,1.0
2016-09-07,13.66,13.72,13.44,13.48,64887,109998.582,1.0
2016-09-08,13.49,13.75,13.45,13.54,64366,109294.438,1.0
2016-09-09,13.48,13.55,12.93,12.98,89298,147696.805,1.0
2016-09-12,12.78,12.96,12.56,12.73,74478,118106.419,1.0
2016-09-13,12.81,12.91,12.72,12.87,47641,75993.06,1.0
2016-09-14,12.77,12.89,12.61,12.65,36967,58645.606,1.0
2016-09-19,12.85,12.98,12.71,12.78,36440,58283.634,1.0
2016-09-20,12.81,13.08,12.71,13.02,64724,104235.928,1.0
2016-09-21,12.97,13.05,12.87,12.94,40148,64743.04,1.0
2016-09-22,13.05,13.27,12.97,13.01,60333,98643.804,1.0
2016-09-23,13.0,13.14,12.77,12.79,41924,67620.026,1.0
2016-09-26,12.77,12.77,12.06,12.08,65266,100267.574,1.0
2016-09-27,12.1,12.27,12.02,12.25,37100,55992.868,1.0
2016-09-28,12.23,12.25,12.09,12.17,28060,42368.28,1.0
2016-09-29,12.2,12.23,12.05,12.08,26050,39332.728,1.0
2016-09-30,12.05,12.18,12.02,12.18,22196,33503.763,1.0
2016-10-10,12.34,12.43,12.18,12.41,35417,54173.029,1.0
2016-10-11,12.31,12.54,12.28,12.46,36447,56319.848,1.0
2016-10-12,12.45,12.45,12.22,12.31,32369,49544.333,1.0
2016-10-13,12.35,13.28,12.31,13.02,154021,247179.974,1.0
2016-10-14,12.85,13.17,12.73,13.08,106116,171853.008,1.0
2016-10-17,12.99,13.05,12.59,12.69,63102,100822.71,1.0
2016-10-18,12.67,12.89,12.61,12.78,47620,75455.995,1.0
2016-10-19,12.77,12.96,12.71,12.93,50549,80813.963,1.0
2016-10-20,13.0,13.75,12.78,13.3,137426,227608.158,1.0
2016-10-21,13.2,13.92,13.18,13.85,214099,365412.848,1.0
2016-10-24,13.81,13.98,13.46,13.95,137956,235997.847,1.0
2016-10-25,13.96,14.3,13.72,13.75,143136,250191.498,1.0
2016-10-26,13.61,13.61,13.15,13.4,100678,167931.583,1.0
2016-10-27,13.28,13.45,13.25,13.29,45680,75904.42,1.0
2016-10-28,13.31,13.46,12.86,12.88,66943,109267.321,1.0
2016-10-31,12.91,12.98,12.69,12.94,38551,61650.119,1.0
2016-11-01,13.53,13.53,13.0,13.13,49755,81733.256,1.0
2016-11-02,13.01,13.18,12.88,12.93,40727,65665.168,1.0
2016-11-03,12.81,12.95,12.55,12.8,71010,112764.04,1.0
2016-11-04,12.67,12.93,12.56,12.76,47035,74519.755,1.0
2016-11-07,12.68,12.82,12.65,12.81,37930,60192.135,1.0
2016-11-08,12.81,12.88,12.74,12.79,33497,53394.193,1.0
2016-11-09,12.83,12.83,12.31,12.52,45977,71917.753,1.0
2016-11-10,12.68,12.81,12.58,12.7,40209,63412.044,1.0
2016-11-11,12.7,12.98,12.63,12.92,57632,91941.739,1.0
2016-11-14,12.91,13.19,12.81,13.06,68658,111350.922,1.0
2016-11-15,13.18,13.41,13.05,13.36,104220,172035.517,1.0
2016-11-16,13.35,13.45,13.13,13.17,48548,79990.847,1.0
2016-11-17,13.16,13.53,12.98,13.19,74792,123419.728,1.0
2016-11-18,13.16,13.69,13.07,13.63,129120,217466.819,1.0
2016-11-21,13.55,13.77,13.47,13.76,98108,166781.316,1.0
2016-11-22,13.81,14.12,13.58,13.73,74832,128188.183,1.0
2016-11-23,13.73,13.92,13.62,13.76,62941,108065.936,1.0
2016-11-24,13.79,13.87,13.44,13.63,76297,130289.277,1.0
2016-11-25,13.58,13.71,13.13,13.15,79383,130865.437,1.0
2016-11-28,13.05,13.25,13.05,13.17,54681,89683.977,1.0
2016-11-29,13.19,13.22,13.02,13.07,45975,75201.538,1.0
2016-11-30,13.07,13.21,12.94,13.13,33492,54867.691,1.0
2016-12-01,13.12,13.44,13.05,13.31,76293,126344.629,1.0
2016-12-02,13.28,13.63,13.22,13.28,72432,121330.605,1.0
2016-12-05,13.18,13.58,13.13,13.45,60571,101130.037,1.0
2016-12-06,13.5,14.74,13.41,14.74,191637,337293.248,1.0
2016-12-07,15.15,16.16,14.77,16.01,386060,747609.36,1.0
2016-12-08,15.35,15.71,15.01,15.09,287626,553405.808,1.0
2016-12-09,14.9,15.07,14.21,14.34,234475,426292.032,1.0
2016-12-12,14.32,14.81,13.09,13.15,248045,440093.776,1.0
2016-12-13,12.91,14.41,12.42,13.96,261567,431392.048,1.0
2016-12-14,13.42,14.52,13.25,13.6,241712,418827.136,1.0
2016-12-15,13.42,13.88,13.14,13.37,163241,275085.904,1.0
2016-12-16,14.07,14.65,13.88,14.65,137298,248727.805,1.0
2016-12-19,15.19,15.8,14.65,14.84,342034,653145.216,1.0
2016-12-20,14.53,15.38,14.27,14.69,210721,391886.976,1.0
2016-12-21,14.71,14.83,13.79,14.11,202348,359339.856,1.0
2016-12-22,14.01,15.48,13.89,15.48,197883,366140.288,1.0
2016-12-23,16.08,16.23,14.27,14.42,268211,511877.36,1.0
2016-12-26,13.98,14.77,13.45,14.59,166267,296887.264,1.0
2016-12-27,14.58,16.0,14.52,16.0,279247,550976.208,1.0
2016-12-28,16.46,17.31,15.92,16.21,424128,877309.728,1.0
2016-12-29,15.94,17.37,15.54,16.48,342958,703574.56,1.0
2016-12-30,16.33,16.51,15.15,15.18,223497,441629.344,1.0
2017-01-03,15.2,16.11,15.2,15.39,177067,347843.392,1.0
2017-01-04,15.4,16.88,14.93,16.88,279241,563789.808,1.0
2017-01-05,16.83,17.27,16.39,16.52,293966,620175.104,1.0
2017-01-06,16.29,17.15,16.12,16.29,231351,483921.296,1.0
2017-01-09,16.0,17.69,15.98,16.75,257371,548853.616,1.0
2017-01-10,16.46,17.2,16.23,16.58,203519,427342.992,1.0
2017-01-11,16.38,17.0,15.71,16.1,155127,315417.728,1.0
2017-01-12,15.92,16.23,15.77,15.96,102779,206375.554,1.0
2017-01-13,15.85,16.07,14.47,14.62,140689,267945.403,1.0
2017-01-16,14.5,14.61,13.21,13.68,119528,207797.236,1.0
2017-01-17,13.68,14.77,13.61,14.35,119159,209754.481,1.0
2017-01-18,14.22,15.74,14.08,15.74,205141,393489.776,1.0
2017-01-19,16.55,17.26,16.25,17.26,146922,312910.352,1.0
2017-01-20,18.93,18.93,18.85,18.93,210510,503290.48,1.0
2017-01-23,20.77,20.77,20.01,20.77,469854,1230795.264,1.0
2017-01-24,20.15,22.79,20.05,22.79,466077,1311975.28,1.0
2017-02-06,21.46,25.01,20.57,25.01,475640,1294182.048,1.0
2017-02-07,24.42,27.21,24.4,25.01,374417,1220282.96,1.0
2017-02-08,23.01,25.83,23.01,25.54,301644,939301.888,1.0
2017-02-09,25.11,26.11,24.08,26.0,265784,855315.312,1.0
2017-02-10,25.16,28.55,24.68,28.51,420723,1451078.56,1.0
2017-02-13,26.69,27.45,25.71,25.71,460219,1522850.528,1.0
2017-02-14,24.29,25.46,23.61,24.36,380891,1181888.016,1.0
2017-02-15,24.18,24.37,23.21,23.41,268855,810730.928,1.0
2017-02-16,23.43,23.75,23.0,23.42,324684,963350.224,1.0
2017-02-17,23.16,23.69,22.56,22.63,329930,963732.592,1.0
2017-02-20,22.28,22.88,22.18,22.31,222045,631807.408,1.0
2017-02-21,22.54,22.85,22.25,22.42,222560,636445.872,1.0
2017-02-22,22.56,23.35,22.56,23.08,374935,1096976.928,1.0
2017-02-23,22.69,22.69,20.82,20.82,501714,1353589.024,1.0
2017-02-24,20.52,20.97,20.41,20.55,258540,675155.584,1.0
2017-02-27,20.61,20.82,20.17,20.61,209199,542432.432,1.0
2017-02-28,20.69,20.75,20.27,20.45,206399,536567.376,1.0
2017-03-01,20.23,20.91,20.15,20.45,269664,703024.288,1.0
2017-03-02,20.38,20.92,19.92,20.51,269848,696527.712,1.0
2017-03-03,20.23,20.67,20.1,20.14,162719,418601.232,1.0
2017-03-06,20.04,20.36,19.85,20.27,116855,298200.192,1.0
2017-03-07,20.23,20.75,20.18,20.43,208108,540524.384,1.0
2017-03-08,20.24,21.68,20.23,21.03,348463,921384.528,1.0
2017-03-09,20.69,21.19,20.55,20.85,234769,619218.528,1.0
2017-03-10,21.0,21.45,20.71,20.77,204108,542073.552,1.0
2017-03-13,20.37,21.36,20.01,21.14,240036,632343.808,1.0
2017-03-14,21.15,21.69,20.92,20.96,277081,746483.536,1.0
2017-03-15,20.58,21.36,20.28,20.71,262135,694936.88,1.0
2017-03-16,20.55,20.8,20.42,20.65,166333,433780.272,1.0
2017-03-17,20.66,21.98,20.64,21.3,399358,1070548.496,1.0
2017-03-20,21.01,21.88,20.99,21.68,369787,1011485.344,1.0
2017-03-21,21.51,21.54,21.16,21.31,187428,506136.112,1.0
2017-03-22,21.45,21.98,21.0,21.02,260078,709215.488,1.0
2017-03-23,20.69,20.75,19.78,20.22,258408,665934.0,1.0
2017-03-24,20.12,21.69,20.01,21.3,356261,949485.264,1.0
2017-03-27,21.19,22.19,21.13,21.43,381109,1047366.528,1.0
2017-03-28,21.11,21.38,20.54,20.65,199066,526570.256,1.0
2017-03-29,20.67,21.41,20.65,20.81,186265,495525.6,1.0
2017-03-30,20.43,20.84,19.01,19.25,210575,534036.336,1.0
2017-03-31,18.21,18.81,17.38,17.38,257805,576789.104,1.0
2017-04-05,18.41,19.07,17.93,19.07,240978,572143.536,1.0
2017-04-06,20.29,20.29,18.77,18.91,320331,789786.544,1.0
2017-04-07,18.53,18.82,18.25,18.38,148978,348119.312,1.0
2017-04-10,18.45,19.08,18.45,18.7,143575,339813.984,1.0
2017-04-11,18.2,19.38,17.58,18.84,229869,536574.176,1.0
2017-04-12,18.41,19.15,18.11,18.2,153380,359506.384,1.0
2017-04-13,17.92,18.45,17.71,17.81,114597,260484.423,1.0
2017-04-14,17.77,18.02,16.78,17.01,116984,255717.759,1.0
2017-04-17,16.71,16.96,16.25,16.35,92741,192955.0,1.0
2017-04-18,16.42,16.62,16.12,16.17,76289,156616.779,1.0
2017-04-19,16.08,16.08,15.18,15.52,109447,212813.119,1.0
2017-04-20,15.6,15.88,15.25,15.52,83931,164072.635,1.0
2017-04-21,15.67,15.73,15.16,15.2,77032,149146.976,1.0
2017-04-24,15.08,15.23,13.78,13.91,104695,187048.333,1.0
2017-04-25,14.0,14.35,13.93,14.14,89113,157678.042,1.0
2017-04-26,14.17,14.33,14.05,14.25,71504,126949.094,1.0
2017-04-27,14.61,15.61,14.52,15.61,229390,431075.168,1.0
2017-04-28,15.85,15.88,15.2,15.33,181316,352483.264,1.0
2017-05-02,15.11,15.76,15.11,15.54,124523,242229.881,1.0
2017-05-03,15.52,15.99,15.23,15.57,140978,277017.408,1.0
2017-05-04,15.35,15.68,15.25,15.41,107412,208636.086,1.0
2017-05-05,15.28,15.69,15.2,15.38,93968,182607.798,1.0
2017-07-20,16.87,16.87,16.74,16.87,153888,326515.168,1.0
2017-07-21,18.08,18.5,17.68,17.82,487503,1119384.56,1.0
2017-07-24,16.86,17.47,16.09,16.84,369667,780949.504,1.0
2017-07-25,16.76,16.84,15.76,15.89,284165,575923.856,1.0
2017-07-26,16.0,16.06,15.18,15.29,230693,447276.992,1.0
2017-07-27,15.14,15.68,14.8,15.28,214773,412882.208,1.0
2017-07-28,15.1,15.61,14.88,15.32,179061,342910.864,1.0
2017-07-31,15.24,15.43,15.07,15.17,149158,285236.752,1.0
2017-08-01,15.22,15.26,14.76,14.86,167382,314139.056,1.0
2017-08-02,14.78,14.89,14.1,14.36,189013,341954.992,1.0
2017-08-03,14.26,15.73,14.25,15.09,254795,482745.76,1.0
2017-08-04,15.14,15.74,15.14,15.55,273844,531487.984,1.0
2017-08-07,15.62,15.64,14.9,15.31,151514,290368.336,1.0
2017-08-08,15.26,15.58,15.13,15.18,130514,250726.347,1.0
2017-08-09,15.25,15.47,15.18,15.42,129295,248844.576,1.0
2017-08-10,15.3,16.31,15.15,16.19,360303,718416.496,1.0
2017-08-11,15.94,16.13,15.17,15.33,229846,453414.176,1.0
2017-08-14,15.35,15.44,14.91,15.21,143612,272882.192,1.0
2017-08-15,15.16,15.42,14.93,15.28,133194,252915.671,1.0
2017-08-16,15.33,15.37,14.93,14.99,120004,227057.528,1.0
2017-08-17,15.01,15.12,14.77,14.99,113389,212296.443,1.0
2017-08-18,14.85,15.11,14.8,14.86,85807,160659.959,1.0
2017-08-21,15.01,15.32,14.88,15.28,121329,230167.829,1.0
2017-08-22,15.45,16.76,15.4,16.18,436278,901055.136,1.0
2017-08-23,15.84,15.99,15.61,15.68,234036,463498.672,1.0
2017-08-24,15.68,16.12,15.68,16.04,204763,409660.272,1.0
2017-08-25,16.31,16.51,15.85,16.11,235534,478010.432,1.0
2017-08-28,15.93,16.08,15.78,16.03,169963,340154.176,1.0
2017-08-29,16.05,16.42,15.85,16.08,179564,363757.04,1.0
2017-08-30,16.15,16.38,15.85,16.31,185876,376762.144,1.0
2017-08-31,16.55,16.78,16.16,16.18,192423,396894.352,1.0
2017-09-01,16.18,16.65,16.01,16.38,202754,415825.712,1.0
2017-09-04,16.39,16.39,15.93,16.08,143081,289542.768,1.0
2017-09-05,15.99,16.08,15.78,15.87,96076,191711.444,1.0
2017-09-06,15.82,16.08,15.74,15.93,81795,163785.205,1.0
2017-09-07,16.01,16.15,15.79,15.8,107298,214656.044,1.0
2017-09-08,15.89,15.9,15.67,15.75,86926,172179.786,1.0
2017-09-11,15.79,15.79,15.56,15.6,88340,173076.41,1.0
2017-09-12,15.68,16.89,15.61,16.86,335073,683633.424,1.0
2017-09-13,16.55,16.85,16.31,16.43,231981,483200.256,1.0
2017-09-14,16.34,17.61,16.34,16.81,334828,716946.64,1.0
2017-09-15,16.71,16.71,16.17,16.41,181323,373154.752,1.0
2017-09-18,16.41,16.66,16.25,16.48,125673,259540.361,1.0
2017-09-19,16.47,16.47,16.17,16.23,95259,194747.06,1.0
2017-09-20,16.1,16.21,15.93,16.17,101495,204638.342,1.0
2017-09-21,16.09,16.66,16.05,16.17,145066,299524.416,1.0
2017-09-22,16.02,16.05,15.71,15.82,110095,218791.914,1.0
2017-09-25,15.7,16.08,15.58,15.6,96403,191990.003,1.0
2017-09-26,15.6,15.85,15.16,15.81,119687,232542.391,1.0
2017-09-27,15.66,15.89,15.62,15.68,72626,143550.854,1.0
2017-09-28,15.7,15.9,15.35,15.35,86427,169616.166,1.0
2017-09-29,15.28,15.42,15.09,15.21,91348,174503.93,1.0
2017-10-09,15.38,15.48,15.26,15.32,58078,111675.585,1.0
2017-10-10,15.38,15.73,15.3,15.68,100949,196454.618,1.0
2017-10-11,15.61,15.91,15.45,15.88,121026,238861.298,1.0
2017-10-12,15.85,16.15,15.67,16.07,150763,301193.088,1.0
2017-10-13,16.01,17.62,15.85,16.38,287004,597937.232,1.0
2017-10-16,16.39,16.6,15.8,15.81,196810,399561.488,1.0
2017-10-17,15.58,16.33,15.55,16.05,151893,306992.816,1.0
2017-10-18,16.07,16.19,15.58,15.61,117191,232588.505,1.0
2017-10-19,15.48,15.92,15.38,15.45,96397,189139.178,1.0
2017-10-20,15.58,15.89,15.25,15.78,98175,192442.457,1.0
2017-10-23,15.78,15.89,15.51,15.75,74461,147188.473,1.0
2017-10-24,15.81,16.05,15.72,16.01,112201,224264.181,1.0
2017-10-25,16.07,16.11,15.89,16.07,94732,190561.637,1.0
2017-10-26,16.15,16.41,15.99,16.02,110624,224509.968,1.0
2017-10-27,15.93,16.04,15.71,15.92,94010,187143.983,1.0
2017-10-30,15.85,16.5,15.71,16.4,240937,491186.432,1.0
2017-10-31,16.28,16.29,15.92,16.24,138873,281065.28,1.0
2017-11-01,16.2,16.4,16.02,16.08,108676,220625.102,1.0
2017-11-02,15.99,16.05,15.28,15.33,151026,295620.24,1.0
2017-11-03,15.18,15.41,14.65,14.78,100770,189987.483,1.0
2017-11-06,14.78,14.97,14.25,14.58,88678,160769.158,1.0
2017-11-07,14.63,14.74,14.42,14.68,69485,126983.956,1.0
2017-11-08,14.68,14.9,14.61,14.68,72657,134210.723,1.0
2017-11-09,14.71,14.81,14.57,14.64,50651,92942.243,1.0
2017-11-10,14.62,14.76,14.35,14.36,83835,152215.025,1.0
2017-11-13,14.31,14.54,14.31,14.45,50264,90742.66,1.0
2017-11-14,14.53,14.76,14.48,14.64,88907,163043.879,1.0
2017-11-15,14.7,14.72,14.4,14.43,63581,115162.628,1.0
2017-11-16,14.4,14.58,14.39,14.51,52287,94952.071,1.0
2017-11-17,14.53,14.55,13.13,13.21,121226,208476.311,1.0
2017-11-20,12.87,12.97,11.97,12.65,95127,147488.74,1.0
2017-11-21,12.35,12.81,12.34,12.38,70340,109330.814,1.0
2017-11-22,12.38,12.51,12.1,12.18,69640,106125.695,1.0
2017-11-23,12.22,12.35,12.05,12.05,77538,117700.788,1.0
2017-11-24,12.01,12.02,11.69,11.85,62731,92280.393,1.0
2017-11-27,11.83,12.5,11.81,12.08,90280,136566.011,1.0
2017-11-28,12.08,12.61,11.93,12.54,115223,177133.687,1.0
2017-11-29,12.55,13.74,12.55,13.74,277748,467814.096,1.0
2017-11-30,14.13,14.36,13.48,14.07,345359,602362.736,1.0
2017-12-01,13.73,13.96,13.41,13.72,178116,303939.904,1.0
2017-12-04,13.69,14.31,13.61,13.64,183273,319416.96,1.0
2017-12-05,13.47,14.15,13.11,13.68,187880,319099.984,1.0
2017-12-06,13.75,13.77,13.16,13.55,133269,222286.715,1.0
2017-12-07,13.48,13.66,12.93,13.03,102384,170019.627,1.0
2017-12-08,13.1,13.31,12.71,13.12,110420,179326.969,1.0
2017-12-11,13.0,13.2,12.82,13.15,100992,163546.451,1.0
2017-12-12,13.07,13.91,13.01,13.61,187227,314155.6,1.0
2017-12-13,13.45,13.55,13.25,13.44,105083,175241.599,1.0
2017-12-14,13.38,13.89,13.32,13.64,143527,244312.87,1.0
2017-12-15,13.55,13.59,13.08,13.11,115402,190330.813,1.0
2017-12-18,12.91,13.18,12.86,12.98,57125,92200.762,1.0
2017-12-19,13.01,13.13,12.95,13.07,46274,75163.33,1.0
2017-12-20,13.01,13.1,12.38,12.4,98311,154441.462,1.0
2017-12-21,12.38,12.53,12.08,12.39,77184,118105.523,1.0
2017-12-22,12.39,12.58,12.24,12.49,57030,88484.396,1.0
2017-12-25,12.49,12.65,12.28,12.4,55813,86573.324,1.0
2017-12-26,12.31,12.58,12.25,12.47,54115,83827.013,1.0
2017-12-27,12.55,12.65,12.37,12.48,79846,124200.52,1.0
2017-12-28,12.39,12.48,12.16,12.31,75032,114768.122,1.0
2017-12-29,12.35,12.5,12.26,12.45,51262,79178.11,1.0
2018-01-02,12.43,13.65,12.4,13.65,212600,349827.6,1.0
2018-01-03,13.94,14.05,13.47,13.55,333923,573466.336,1.0
2018-01-04,13.51,14.65,13.28,14.08,326560,564677.04,1.0
2018-01-05,13.89,15.2,13.67,14.32,373900,678315.84,1.0
2018-01-08,14.16,14.86,14.16,14.49,274032,498069.232,1.0
2018-01-09,14.35,14.47,14.12,14.31,162510,289365.104,1.0
2018-01-10,14.15,14.84,14.15,14.36,181573,328608.56,1.0
2018-01-11,14.18,14.18,13.41,13.61,191309,327606.496,1.0
2018-01-12,13.51,13.91,13.51,13.77,108930,186536.072,1.0
2018-01-15,13.55,13.84,13.24,13.32,98368,166154.15,1.0
2018-01-16,13.34,13.75,13.34,13.7,91693,155687.579,1.0
2018-01-17,13.7,13.86,13.41,13.78,86801,147550.367,1.0
2018-01-18,13.74,14.21,13.65,13.98,132538,230647.645,1.0
2018-01-19,13.91,14.07,13.56,13.62,110822,190410.353,1.0
2018-01-22,13.55,13.81,13.44,13.75,69497,118758.515,1.0
2018-01-23,13.68,14.11,13.63,14.08,133407,231882.052,1.0
2018-01-24,14.01,14.02,13.65,13.81,94850,163462.996,1.0
2018-01-25,13.85,14.05,13.75,13.83,100503,174649.087,1.0
2018-01-26,13.68,14.36,13.48,13.97,182430,316998.768,1.0
2018-01-29,13.85,14.28,13.7,13.77,145317,253491.04,1.0
2018-01-30,13.62,13.7,13.09,13.13,104512,175368.337,1.0
2018-01-31,13.12,13.44,13.02,13.09,86370,142366.807,1.0
2018-02-01,13.12,13.36,12.22,12.4,107179,170130.8,1.0
2018-02-02,12.16,12.98,12.01,12.85,99563,155882.029,1.0
2018-02-05,12.67,13.18,12.58,13.05,86383,139495.536,1.0
2018-02-06,12.87,13.01,12.08,12.13,87318,136302.681,1.0
2018-02-07,12.33,12.9,12.13,12.47,83116,129527.397,1.0
2018-02-08,12.31,12.58,12.28,12.44,51002,78802.946,1.0
2018-02-09,12.13,12.16,11.26,11.42,95023,137416.104,1.0
2018-02-12,11.55,11.75,11.47,11.64,42733,61661.111,1.0
2018-02-13,11.76,11.91,11.65,11.66,45337,66299.236,1.0
2018-02-14,11.7,11.85,11.62,11.81,38393,56083.498,1.0
2018-02-22,11.99,12.85,11.99,12.39,86592,133617.627,1.0
2018-02-23,12.24,12.57,12.18,12.46,69523,107174.876,1.0
2018-02-26,12.47,12.7,12.27,12.69,88202,137223.024,1.0
2018-02-27,12.81,12.81,12.4,12.47,68980,107246.737,1.0
2018-02-28,12.46,12.58,12.25,12.45,52487,81019.2,1.0
2018-03-01,12.22,12.69,12.22,12.52,91497,142116.682,1.0
2018-03-02,12.34,12.39,12.09,12.12,129677,196132.748,1.0
2018-03-05,12.13,12.18,11.95,12.06,63686,95067.225,1.0
2018-03-06,12.05,12.38,12.05,12.38,102666,155964.611,1.0
2018-03-07,12.35,12.44,12.12,12.12,73203,111629.183,1.0
2018-03-08,12.18,12.45,12.03,12.43,92100,140793.106,1.0
2018-03-09,12.43,12.61,12.28,12.55,99115,153390.735,1.0
2018-03-12,12.55,12.78,12.43,12.7,110482,173652.162,1.0
2018-03-13,12.65,12.89,12.58,12.65,119066,188639.328,1.0
2018-03-14,12.59,13.55,12.44,13.32,266614,433560.368,1.0
2018-03-15,13.13,13.21,12.79,12.97,154204,249368.462,1.0
2018-03-16,13.07,13.21,12.91,12.97,108627,176684.074,1.0
2018-03-19,12.92,12.92,12.49,12.68,85495,134705.059,1.0
2018-03-20,12.58,12.83,12.49,12.74,62631,99030.129,1.0
2018-03-21,12.7,12.92,12.42,12.47,87721,138698.679,1.0
2018-03-22,12.35,12.77,12.35,12.48,75179,117732.707,1.0
2018-03-23,12.07,12.18,11.32,11.45,119811,174740.338,1.0
2018-03-26,11.31,11.65,10.7,11.61,64265,89694.622,1.0
2018-03-27,11.68,11.92,11.68,11.82,62683,91847.52,1.0
2018-03-28,11.71,11.95,11.62,11.74,50852,74392.89,1.0
2018-03-29,11.81,12.22,11.75,12.15,94974,141844.116,1.0
2018-03-30,12.16,12.16,11.95,12.02,63084,94082.36,1.0
2018-04-02,12.03,12.21,11.95,11.98,53565,80151.301,1.0
2018-04-03,11.71,12.06,11.7,11.98,58930,87087.3,1.0
2018-04-04,11.98,12.15,11.95,12.0,56764,84918.158,1.0
2018-04-09,11.89,12.18,11.85,12.08,48020,72032.229,1.0
2018-04-10,12.22,12.61,12.21,12.31,95038,146188.963,1.0
2018-04-11,12.35,12.43,12.2,12.33,64702,98727.59,1.0
2018-04-12,12.28,12.44,12.17,12.22,53942,82294.941,1.0
2018-04-13,12.24,12.34,12.11,12.21,42346,64245.668,1.0
2018-04-16,12.28,12.29,11.78,11.99,61017,91419.316,1.0
2018-04-17,11.99,12.11,11.83,11.85,38899,57723.768,1.0
2018-04-18,11.94,12.01,11.59,11.88,41855,61034.6,1.0
2018-04-19,11.88,11.99,11.78,11.95,38305,56688.169,1.0
2018-04-20,11.85,11.85,11.44,11.45,60992,87856.513,1.0
2018-04-23,11.45,11.58,11.2,11.31,40961,57604.198,1.0
2018-04-24,11.45,11.64,11.35,11.57,47427,67827.455,1.0
2018-04-25,11.55,11.61,11.4,11.61,47541,67679.298,1.0
2018-04-26,11.61,11.61,11.31,11.33,35764,50696.773,1.0
2018-04-27,11.35,11.44,11.18,11.25,43505,60771.46,1.0
2018-05-02,11.25,11.47,11.24,11.28,34379,48117.373,1.0
2018-05-03,11.26,11.29,10.94,11.18,50589,69410.028,1.0
2018-05-04,11.16,11.39,11.04,11.07,45030,62464.646,1.0
2018-05-07,11.08,11.21,11.01,11.2,45598,62758.13,1.0
2018-05-08,11.18,11.28,11.13,11.25,38297,53155.789,1.0
2018-05-09,11.23,11.38,11.18,11.22,39494,54942.159,1.0
2018-05-10,11.28,11.36,11.18,11.35,40463,56385.389,1.0
2018-05-11,11.36,11.36,11.18,11.23,36907,51272.334,1.0
2018-05-14,11.22,11.28,11.05,11.1,33550,46308.217,1.0
2018-05-15,11.16,11.16,10.97,11.11,28371,38745.465,1.0
2018-05-16,11.08,11.08,10.98,10.99,27677,37674.722,1.0
2018-05-17,11.05,11.05,10.85,10.88,34198,46194.338,1.0
2018-05-18,10.86,10.95,10.8,10.95,26571,35731.686,1.0
2018-05-21,10.99,11.1,10.99,11.05,31013,42332.334,1.0
2018-05-22,11.12,11.26,11.02,11.24,55151,75961.886,1.0
2018-05-23,11.25,11.25,11.04,11.05,28401,39031.762,1.0
2018-05-24,11.01,11.08,10.91,10.96,28089,38104.218,1.0
2018-05-25,10.94,11.08,10.73,10.73,36580,49268.009,1.0
2018-05-28,10.75,10.84,10.56,10.65,29302,38595.081,1.0
2018-05-29,10.65,10.65,10.01,10.2,64314,81654.87,1.0
2018-05-30,10.02,10.02,9.78,9.98,53733,65346.129,1.0
2018-05-31,9.98,10.15,9.89,10.05,31073,38239.62,1.0
2018-06-01,9.96,10.36,9.91,10.02,49092,61072.284,1.0
2018-06-04,10.04,10.08,9.94,9.98,27079,33288.703,1.0
2018-06-05,10.0,10.08,9.94,10.06,24760,30507.747,1.0
2018-06-06,10.03,10.3,10.0,10.17,38836,48473.668,1.0
2018-06-07,10.18,10.18,10.03,10.04,25892,32119.046,1.0
2018-06-08,10.12,10.12,9.8,9.81,36694,44561.892,1.0
2018-06-11,9.82,9.87,9.64,9.74,25135,30061.924,1.0
2018-06-12,9.67,9.76,9.39,9.74,34999,41335.171,1.0
2018-06-13,9.68,9.69,9.48,9.48,25994,30580.305,1.0
2018-06-14,9.41,9.64,9.41,9.49,24871,29000.339,1.0
2018-06-15,9.66,10.12,9.41,9.7,73231,87635.938,1.0
2018-06-19,9.62,9.62,8.78,8.78,64202,70856.672,1.0
2018-06-20,8.56,8.87,8.56,8.83,41597,44273.888,1.0
2018-06-21,8.71,9.41,8.71,8.79,67373,74138.973,1.0
2018-06-22,8.65,8.93,8.63,8.81,38801,41590.2,1.0
2018-06-25,8.86,8.99,8.48,8.51,39652,42292.95,1.0
2018-06-26,8.4,8.55,8.09,8.43,56806,57493.007,1.0
2018-06-27,8.39,8.51,8.29,8.34,29177,29725.434,1.0
2018-06-28,8.32,8.41,8.12,8.13,37932,38033.037,1.0
2018-06-29,8.13,8.38,8.11,8.37,47780,47967.141,1.0
2018-07-02,8.45,8.45,8.08,8.16,38477,38646.046,1.0
2018-07-03,8.21,8.31,8.05,8.31,35783,35682.764,1.0
2018-07-04,8.46,8.48,8.2,8.21,39199,39602.125,1.0
2018-07-05,8.25,8.39,8.08,8.17,36609,36509.72,1.0
2018-07-06,8.07,8.26,7.71,8.11,54802,53415.601,1.0
2018-07-09,8.06,8.48,8.06,8.38,66758,67260.798,1.0
2018-07-10,8.39,8.63,8.34,8.5,76441,78969.834,1.0
2018-07-11,8.4,8.4,8.08,8.2,54850,54717.398,1.0
2018-07-12,8.12,8.39,8.12,8.34,40542,40895.111,1.0
2018-07-13,8.42,8.54,8.34,8.47,63220,64643.317,1.0
2018-07-16,8.5,8.5,8.33,8.4,41141,41951.778,1.0
2018-07-17,8.36,8.51,8.32,8.48,48589,49668.145,1.0
2018-07-18,8.51,8.56,8.32,8.34,46678,47651.638,1.0
2018-07-19,8.37,8.48,8.31,8.35,43600,44527.917,1.0
2018-07-20,8.33,8.45,8.25,8.42,42402,43030.479,1.0
2018-07-23,8.45,9.21,8.38,8.86,120121,128629.539,1.0
2018-07-24,8.85,9.35,8.8,9.31,161788,181482.329,1.0
2018-07-25,9.22,9.95,9.06,9.36,155274,178739.971,1.0
2018-07-26,9.25,9.51,9.18,9.25,84452,96175.719,1.0
2018-07-27,9.31,9.45,9.21,9.35,72112,82408.858,1.0
2018-07-30,9.4,9.72,9.38,9.52,126173,147975.14,1.0
2018-07-31,9.46,9.46,9.11,9.26,69392,78374.954,1.0
2018-08-01,9.29,9.67,9.17,9.17,102915,118796.279,1.0
2018-08-02,9.01,10.03,8.83,10.03,180230,208708.973,1.0
2018-08-03,9.86,10.05,9.69,9.74,153944,186064.024,1.0
2018-08-06,9.75,9.99,9.55,9.82,118166,142104.879,1.0
2018-08-07,9.81,10.28,9.57,10.18,163628,200676.089,1.0
2018-08-08,10.13,10.61,10.01,10.01,197111,249193.5,1.0
2018-08-09,9.94,10.08,9.71,10.02,127398,155040.844,1.0
2018-08-10,9.85,10.0,9.71,9.71,114179,137160.049,1.0
2018-08-13,9.51,9.66,9.36,9.63,67062,78154.024,1.0
2018-08-14,9.75,9.97,9.64,9.72,102411,123274.504,1.0
2018-08-15,9.63,9.72,9.47,9.48,60665,71177.652,1.0
2018-08-16,9.31,9.46,9.17,9.18,63714,72407.582,1.0
2018-08-17,9.26,9.31,8.75,8.78,62389,68770.962,1.0
2018-08-20,8.78,8.89,8.48,8.8,49865,52708.859,1.0
2018-08-21,8.8,8.98,8.68,8.88,45784,49549.428,1.0
2018-08-22,8.88,8.88,8.65,8.65,34295,36478.666,1.0
2018-08-23,8.65,8.78,8.54,8.68,32799,34588.235,1.0
2018-08-24,8.63,8.82,8.61,8.73,32562,34721.8,1.0
2018-08-27,8.74,8.95,8.74,8.91,41318,44539.241,1.0
2018-08-28,8.88,8.93,8.83,8.85,32221,34851.697,1.0
2018-08-29,8.85,9.01,8.84,9.01,53189,58033.321,1.0
2018-08-30,9.01,9.01,8.72,8.78,37408,40316.233,1.0
2018-08-31,8.75,8.75,8.44,8.45,47828,49639.873,1.0
2018-09-03,8.45,8.48,8.25,8.41,27681,28084.296,1.0
2018-09-04,8.43,8.51,8.39,8.47,21197,21798.219,1.0
2018-09-05,8.47,8.55,8.26,8.27,27481,27982.157,1.0
2018-09-06,8.28,8.36,8.09,8.17,28726,28672.165,1.0
2018-09-07,8.23,8.31,8.15,8.22,27833,27835.148,1.0
2018-09-10,8.25,8.28,8.04,8.05,28153,27714.369,1.0
2018-09-11,8.04,8.1,7.87,8.0,22520,21688.347,1.0
2018-09-12,7.99,8.08,7.95,8.01,16890,16360.762,1.0
2018-09-13,8.01,8.09,7.92,8.06,19483,18913.412,1.0
2018-09-14,8.05,8.08,8.0,8.05,16578,16133.877,1.0
2018-09-17,8.15,8.44,8.13,8.15,37384,37331.852,1.0
2018-09-18,8.11,8.4,8.08,8.35,38759,38801.566,1.0
2018-09-19,8.25,8.38,8.25,8.31,34402,34722.962,1.0
2018-09-20,8.31,8.35,8.16,8.19,24168,24147.052,1.0
2018-09-21,8.17,8.25,8.12,8.22,25314,25175.64,1.0
2018-09-25,8.21,8.21,8.13,8.16,13858,13708.372,1.0
2018-09-26,8.21,8.21,8.15,8.15,20051,19864.869,1.0
2018-09-27,8.15,8.2,7.78,7.82,35247,34224.447,1.0
2018-09-28,7.87,7.92,7.85,7.91,28448,27125.99,1.0
2018-10-08,7.83,7.83,7.48,7.49,32484,29962.237,1.0
2018-10-09,7.5,7.63,7.5,7.55,18041,16471.844,1.0
2018-10-10,7.55,7.67,7.5,7.57,16891,15458.009,1.0
2018-10-11,7.15,7.38,6.87,6.88,43658,36886.036,1.0
2018-10-12,6.85,6.85,6.44,6.6,49115,38770.188,1.0
2018-10-15,6.71,6.71,6.46,6.5,25001,19590.399,1.0
2018-10-16,6.51,6.57,6.17,6.21,33404,25139.726,1.0
2018-10-17,6.36,6.4,6.21,6.35,28716,21455.447,1.0
2018-10-18,6.34,6.39,6.18,6.24,32667,24378.993,1.0
2018-10-19,6.16,6.35,6.01,6.34,25985,19244.442,1.0
2018-10-22,6.35,6.67,6.35,6.58,43021,33480.756,1.0
2018-10-23,6.58,6.66,6.41,6.45,27636,21435.629,1.0
2018-10-24,6.37,6.59,6.37,6.51,21043,16282.954,1.0
2018-10-25,6.21,6.47,6.21,6.43,25513,19125.582,1.0
2018-10-26,6.5,6.58,6.44,6.46,24894,19248.493,1.0
2018-10-29,6.48,6.5,6.27,6.35,20566,15558.115,1.0
2018-10-30,6.31,6.51,6.28,6.44,24168,18345.017,1.0
2018-10-31,6.44,6.65,6.44,6.56,30124,23555.272,1.0
2018-11-01,6.56,6.65,6.51,6.54,36221,28389.26,1.0
2018-11-02,6.64,6.68,6.55,6.66,52877,41648.861,1.0
2018-11-05,6.78,6.81,6.65,6.75,49865,40066.479,1.0
2018-11-06,6.75,6.75,6.6,6.72,34856,27711.847,1.0
2018-11-07,6.79,6.81,6.65,6.68,35186,28292.881,1.0
2018-11-08,6.71,6.76,6.69,6.71,29617,23756.034,1.0
2018-11-09,6.71,6.75,6.65,6.65,22776,18155.619,1.0
2018-11-12,6.65,6.84,6.63,6.84,39888,32220.975,1.0
2018-11-13,6.8,7.01,6.75,6.98,54495,44923.0,1.0
2018-11-14,6.99,7.08,6.9,6.94,42390,35474.338,1.0
2018-11-15,6.99,7.05,6.94,7.04,37373,31335.206,1.0
2018-11-16,7.05,7.19,7.05,7.09,44470,37879.775,1.0
2018-11-19,7.11,7.29,7.0,7.28,53893,46162.623,1.0
2018-11-20,7.21,7.21,6.89,6.9,57852,48909.541,1.0
2018-11-21,6.86,6.96,6.77,6.89,41248,33855.105,1.0
2018-11-22,6.92,7.05,6.91,6.96,41724,34841.077,1.0
2018-11-23,6.93,7.03,6.54,6.6,50642,40964.679,1.0
2018-11-26,6.53,6.74,6.52,6.61,22590,17876.53,1.0
2018-11-27,6.64,6.71,6.59,6.61,21673,17171.999,1.0
2018-11-28,6.67,6.76,6.5,6.75,31026,24731.931,1.0
2018-11-29,6.81,6.81,6.48,6.51,34148,27112.965,1.0
2018-11-30,6.51,6.58,6.32,6.53,28123,21719.731,1.0
2018-12-03,6.65,6.89,6.65,6.85,51838,42039.02,1.0
2018-12-04,6.84,6.9,6.8,6.88,23548,19292.811,1.0
2018-12-05,6.78,6.88,6.75,6.82,26301,21411.047,1.0
2018-12-06,6.78,6.85,6.74,6.75,23467,19032.482,1.0
2018-12-07,6.78,6.8,6.67,6.76,19912,15975.001,1.0
2018-12-10,6.78,6.78,6.63,6.7,18286,14604.34,1.0
2018-12-11,6.74,6.76,6.57,6.61,32164,25424.541,1.0
2018-12-12,6.65,6.75,6.62,6.71,27794,22142.802,1.0
2018-12-13,6.71,6.82,6.68,6.78,33399,26995.442,1.0
2018-12-14,6.78,6.82,6.65,6.67,25588,20566.978,1.0
2018-12-17,6.67,6.67,6.51,6.61,22187,17395.222,1.0
2018-12-18,6.56,6.65,6.45,6.53,26011,20231.474,1.0
2018-12-19,6.53,6.55,6.37,6.41,19995,15325.638,1.0
2018-12-20,6.42,6.48,6.36,6.45,21074,16057.922,1.0
2018-12-21,6.44,6.44,6.23,6.29,23736,17813.314,1.0
2018-12-24,6.27,6.36,6.21,6.33,14584,10913.221,1.0
2018-12-25,6.26,6.32,6.1,6.21,21414,15653.767,1.0
2018-12-26,6.21,6.26,6.18,6.2,10741,7889.225,1.0
2018-12-27,6.29,6.29,6.05,6.06,21698,15867.164,1.0
2018-12-28,6.07,6.12,5.98,6.07,16988,12148.887,1.0
2019-01-02,6.11,6.11,6.01,6.02,15824,11294.211,1.0
2019-01-03,6.05,6.09,5.94,5.97,16985,12048.145,1.0
2019-01-04,5.9,6.18,5.87,6.13,33549,24013.866,1.0
2019-01-07,6.14,6.22,6.14,6.21,19640,14400.534,1.0
2019-01-08,6.24,6.32,6.16,6.25,25610,18944.081,1.0
2019-01-09,6.21,6.32,6.15,6.25,34530,25655.301,1.0
2019-01-10,6.27,6.27,6.15,6.21,18539,13645.356,1.0
2019-01-11,6.18,6.28,6.17,6.27,20913,15435.733,1.0
2019-01-14,6.29,6.31,6.2,6.21,18596,13755.73,1.0
2019-01-15,6.18,6.3,6.18,6.3,26860,19923.804,1.0
2019-01-16,6.4,6.67,6.36,6.42,67757,52521.147,1.0
2019-01-17,6.41,6.43,6.28,6.31,35283,26483.572,1.0
2019-01-18,6.31,6.35,6.24,6.35,25830,19299.565,1.0
2019-01-21,6.35,6.38,6.31,6.35,23284,17557.155,1.0
2019-01-22,6.35,6.35,6.23,6.25,20230,15058.128,1.0
2019-01-23,6.24,6.29,6.21,6.25,16522,12232.031,1.0
2019-01-24,6.31,6.32,6.25,6.29,16989,12665.203,1.0
2019-01-25,6.3,6.31,6.21,6.22,20270,15012.936,1.0
2019-01-28,6.25,6.28,6.14,6.15,16050,11824.074,1.0
2019-01-29,6.15,6.18,5.95,6.05,17540,12517.065,1.0
2019-01-30,6.01,6.06,5.96,5.97,16124,11425.822,1.0
2019-01-31,5.97,6.05,5.88,5.91,18861,13254.739,1.0
2019-02-01,5.94,6.04,5.94,6.03,15082,10688.897,1.0
2019-02-11,6.04,6.3,6.04,6.29,29583,21727.58,1.0
2019-02-12,6.28,6.4,6.25,6.34,32722,24589.728,1.0
2019-02-13,6.35,6.41,6.33,6.39,34571,26151.73,1.0
2019-02-14,6.41,6.45,6.36,6.39,26386,20047.582,1.0
2019-02-15,6.41,6.54,6.4,6.5,48391,37377.926,1.0
2019-02-18,6.55,6.65,6.51,6.64,48790,38182.256,1.0
2019-02-19,6.64,6.68,6.48,6.55,44829,35143.958,1.0
2019-02-20,6.57,6.75,6.53,6.69,55077,43626.707,1.0
2019-02-21,6.68,6.72,6.56,6.58,48166,38165.819,1.0
2019-02-22,6.57,6.65,6.56,6.65,34425,27134.939,1.0
2019-02-25,6.68,6.98,6.68,6.94,78062,63718.196,1.0
2019-02-26,6.95,7.28,6.87,7.02,98742,83632.979,1.0
2019-02-27,7.02,7.15,6.94,7.03,72984,61498.677,1.0
2019-02-28,7.05,7.15,6.98,7.06,37946,32077.159,1.0
2019-03-01,7.11,7.37,7.09,7.25,112302,97594.473,1.0
2019-03-04,7.28,7.4,7.17,7.23,141984,124306.739,1.0
2019-03-05,7.21,7.28,7.14,7.28,84516,73063.908,1.0
2019-03-06,7.28,7.4,7.25,7.39,123668,108769.591,1.0
2019-03-07,7.38,7.5,7.27,7.42,119208,105427.475,1.0
2019-03-08,7.36,7.36,6.94,6.94,96398,83246.78,1.0
2019-03-11,6.98,7.19,6.95,7.18,74636,63387.837,1.0
2019-03-12,7.25,7.37,7.21,7.35,108856,95793.814,1.0
2019-03-13,7.4,7.4,7.2,7.27,88664,77615.3,1.0
2019-03-14,7.23,7.32,7.07,7.18,89172,76990.29,1.0
2019-03-15,7.2,7.59,7.18,7.59,138211,122681.037,1.0
2019-03-18,7.59,7.77,7.45,7.68,134185,122485.84,1.0
2019-03-19,7.63,7.66,7.53,7.57,76867,70206.918,1.0
2019-03-20,7.55,7.73,7.51,7.72,78076,71617.221,1.0
2019-03-21,7.7,8.08,7.69,7.76,98621,93454.762,1.0
2019-03-22,7.77,7.78,7.58,7.68,57456,53176.528,1.0
2019-03-25,7.55,7.69,7.52,7.57,51525,47260.551,1.0
2019-03-26,7.61,7.63,7.32,7.35,58028,52102.992,1.0
2019-03-27,7.39,7.41,7.25,7.38,35197,31062.135,1.0
2019-03-28,7.37,7.55,7.29,7.39,41926,37405.42,1.0
2019-03-29,7.4,7.61,7.29,7.59,58213,52488.49,1.0
2019-04-01,7.61,7.86,7.61,7.84,74284,69930.583,1.0
2019-04-02,7.86,7.9,7.75,7.79,81022,76412.809,1.0
2019-04-03,7.75,7.87,7.69,7.85,64175,60422.914,1.0
2019-04-04,7.88,8.03,7.8,7.9,91032,87261.084,1.0
2019-04-08,7.9,8.24,7.86,8.2,135380,131973.26,1.0
2019-04-09,8.15,8.15,7.94,8.06,85177,82771.083,1.0
2019-04-10,7.97,8.09,7.93,8.05,56629,54939.613,1.0
2019-04-11,8.06,8.08,7.86,7.91,50341,48406.597,1.0
2019-04-12,7.93,7.99,7.85,7.96,37324,35728.234,1.0
2019-04-15,8.04,8.16,7.98,8.05,72196,70436.971,1.0
2019-04-16,8.05,8.48,8.05,8.42,120498,121167.027,1.0
2019-04-17,8.48,8.51,8.33,8.35,78133,79540.533,1.0
2019-04-18,8.34,8.48,8.31,8.42,57820,58889.849,1.0
2019-04-19,8.41,8.61,8.21,8.38,87266,88723.693,1.0
2019-04-22,8.4,8.64,8.28,8.39,54222,55164.717,1.0
2019-04-23,8.37,8.47,8.1,8.25,65906,65867.533,1.0
2019-04-24,8.27,8.28,8.06,8.27,56670,55994.413,1.0
2019-04-25,8.23,8.48,8.17,8.18,87092,87972.787,1.0
2019-04-26,8.42,8.44,8.11,8.24,57012,57063.876,1.0
2019-04-29,8.29,8.35,7.52,8.08,81282,78269.504,1.0
2019-04-30,8.01,8.35,7.95,8.35,60768,60149.358,1.0
2019-05-06,8.17,8.31,7.72,8.01,92736,89923.834,1.0
2019-05-07,7.98,8.76,7.98,8.45,120612,122723.15,1.0
2019-05-08,8.34,9.14,8.25,8.85,157704,169125.852,1.0
2019-05-09,8.59,8.77,8.4,8.75,88056,92098.965,1.0
2019-05-10,8.75,8.99,8.44,8.88,120621,129322.55,1.0
2019-05-13,8.73,9.18,8.72,9.02,106293,116697.676,1.0
2019-05-14,8.81,8.97,8.64,8.75,76637,81918.429,1.0
2019-05-15,8.75,9.08,8.75,8.97,103259,112318.294,1.0
2019-05-16,8.93,9.09,8.82,9.01,69053,75386.034,1.0
2019-05-17,8.98,8.98,8.63,8.75,62521,66948.45,1.0
2019-05-20,8.7,8.98,8.44,8.97,65014,69294.423,1.0
2019-05-21,9.01,9.23,8.96,9.04,74193,82362.475,1.0
2019-05-22,8.98,9.17,8.79,9.13,52090,56707.793,1.0
2019-05-23,9.02,9.21,8.88,9.05,68065,75313.406,1.0
2019-05-24,8.94,9.01,8.78,8.9,46053,49976.588,1.0
2019-05-27,8.95,9.01,8.71,8.86,48325,52073.203,1.0
2019-05-28,8.85,8.9,8.75,8.79,38822,41708.626,1.0
2019-05-29,8.75,8.82,8.64,8.69,37406,39825.171,1.0
2019-05-30,8.69,8.7,8.42,8.68,36389,37929.624,1.0
2019-05-31,8.68,8.88,8.68,8.84,46145,49566.799,1.0
2019-06-03,8.86,9.03,8.8,8.98,56433,61473.894,1.0
2019-06-04,8.98,8.98,8.62,8.88,75817,81073.247,1.0
2019-06-05,8.86,8.93,8.67,8.85,33006,35323.519,1.0
2019-06-06,8.76,8.78,8.6,8.7,38738,40925.3,1.0
2019-06-10,8.7,8.75,8.46,8.46,33012,34423.879,1.0
2019-06-11,8.51,8.76,8.47,8.61,39105,41226.15,1.0
2019-06-12,8.75,8.75,8.48,8.48,33928,35397.3,1.0
2019-06-13,8.48,8.62,8.48,8.54,32444,33666.969,1.0
2019-06-14,8.55,8.61,8.2,8.41,33102,33160.596,1.0
2019-06-17,8.17,8.33,7.74,8.11,73247,68760.563,1.0
2019-06-18,7.96,8.08,7.78,8.0,41927,39102.785,1.0
2019-06-19,8.0,8.41,8.0,8.13,61797,60120.332,1.0
2019-06-20,8.38,8.5,8.28,8.44,68050,67964.566,1.0
2019-06-21,8.86,8.87,8.55,8.71,59032,61186.95,1.0
2019-06-24,8.72,9.08,8.72,8.81,78800,83705.237,1.0
2019-06-25,8.93,9.06,8.7,9.05,95467,101688.035,1.0
2019-06-26,9.06,9.15,8.73,8.92,77821,83254.783,1.0
2019-06-27,8.9,9.75,8.73,9.75,146496,168312.833,1.0
2019-06-28,10.08,10.19,9.29,9.32,246663,286342.688,1.0
2019-07-01,9.38,10.18,9.31,10.18,215142,257566.073,1.0
2019-07-02,10.73,10.73,9.63,9.77,231885,278030.912,1.0
2019-07-03,9.67,9.7,9.27,9.28,195370,219256.456,1.0
2019-07-04,9.52,9.52,9.0,9.14,138863,153593.658,1.0
2019-07-05,9.09,9.13,8.91,8.98,78214,84191.338,1.0
2019-07-08,8.95,9.14,8.81,8.95,77266,82869.448,1.0
2019-07-09,8.91,8.93,8.48,8.51,89772,91582.463,1.0
2019-07-10,8.57,8.61,8.41,8.51,48017,48558.751,1.0
2019-07-11,8.51,8.57,8.35,8.38,60000,60157.927,1.0
2019-07-12,8.38,8.49,8.33,8.46,51323,51208.033,1.0
2019-07-15,8.48,8.77,8.38,8.71,67370,69089.715,1.0
2019-07-16,8.64,8.73,8.64,8.66,36383,37578.967,1.0
2019-07-17,8.67,8.72,8.62,8.62,29000,29865.514,1.0
2019-07-18,8.61,8.61,8.37,8.37,40418,40525.523,1.0
2019-07-19,8.38,8.58,8.38,8.42,28887,29025.852,1.0
2019-07-22,8.44,8.55,8.29,8.5,43903,43990.747,1.0
2019-07-23,8.5,8.54,8.41,8.45,21972,22042.753,1.0
2019-07-24,8.5,8.59,8.45,8.48,25570,25852.361,1.0
2019-07-25,8.52,8.53,8.46,8.48,26111,26319.144,1.0
2019-07-26,8.51,8.69,8.49,8.68,49325,50637.208,1.0
2019-07-29,8.79,8.88,8.68,8.81,49696,51833.076,1.0
2019-07-30,8.83,8.94,8.66,8.9,52797,55977.026,1.0
2019-07-31,8.9,9.0,8.81,8.81,40818,43172.565,1.0
2019-08-01,8.85,8.85,8.01,8.41,77510,78110.461,1.0
2019-08-02,8.29,8.3,7.9,8.23,126988,121376.702,1.0
2019-08-05,8.12,8.23,8.05,8.23,55787,53669.178,1.0
2019-08-06,8.04,8.39,7.85,8.35,87907,84138.151,1.0
2019-08-07,8.31,8.43,8.19,8.33,46088,45369.055,1.0
2019-08-08,8.37,8.58,8.3,8.53,49898,50054.166,1.0
2019-08-09,8.54,8.58,8.46,8.53,32097,32516.367,1.0
2019-08-12,8.55,8.75,8.42,8.66,30370,31295.998,1.0
2019-08-13,8.61,8.68,8.55,8.59,21327,21822.937,1.0
2019-08-14,8.69,8.71,8.51,8.56,24888,25421.784,1.0
2019-08-15,8.43,8.75,8.32,8.65,43949,44262.559,1.0
2019-08-16,8.6,8.65,8.55,8.58,34887,35615.515,1.0
2019-08-19,8.61,8.72,8.57,8.71,35088,36181.556,1.0
2019-08-20,8.72,8.82,8.69,8.81,46140,48219.249,1.0
2019-08-21,8.85,8.85,8.7,8.73,28482,29622.102,1.0
2019-08-22,8.74,8.76,8.6,8.65,27443,28280.54,1.0
2019-08-23,8.67,8.7,8.44,8.46,46773,47462.562,1.0
2019-08-26,8.27,8.35,8.24,8.31,32538,32056.681,1.0
2019-08-27,8.35,8.47,8.35,8.4,30986,30936.343,1.0
2019-08-28,8.45,8.45,8.31,8.34,29058,28766.885,1.0
2019-08-29,8.36,8.36,8.28,8.32,18277,18003.777,1.0
2019-08-30,8.33,8.35,8.18,8.35,32816,32159.563,1.0
2019-09-02,8.31,8.65,8.25,8.59,60935,61691.934,1.0
2019-09-03,8.6,8.61,8.48,8.58,26483,26951.115,1.0
2019-09-04,8.54,9.18,8.54,9.01,151906,161706.734,1.0
2019-09-05,9.02,9.84,8.91,9.43,214473,242607.651,1.0
2019-09-06,9.36,9.47,9.25,9.37,73373,82523.803,1.0
2019-09-09,9.5,9.55,9.19,9.24,163800,182052.015,1.0
2019-09-10,9.28,9.28,8.98,9.03,117575,127562.222,1.0
2019-09-11,9.05,9.08,8.77,8.83,121780,129531.598,1.0
2019-09-12,8.93,8.93,8.73,8.83,174764,182853.177,1.0
2019-09-16,8.85,9.0,8.81,9.0,119964,127566.976,1.0
2019-09-17,8.99,9.15,8.88,8.98,126922,136985.279,1.0
2019-09-18,9.03,9.03,8.85,8.91,74162,78948.091,1.0
2019-09-19,8.95,8.96,8.85,8.92,70268,74502.613,1.0
2019-09-20,8.96,9.14,8.95,9.01,82602,89132.043,1.0
2019-09-23,8.99,8.99,8.69,8.71,60484,63273.211,1.0
2019-09-24,8.73,8.81,8.58,8.63,73083,76098.161,1.0
2019-09-25,8.64,8.76,8.46,8.68,70035,71807.856,1.0
2019-09-26,8.68,8.71,8.48,8.49,47004,48173.32,1.0
2019-09-27,8.57,8.68,8.51,8.62,27255,27935.673,1.0
2019-09-30,8.59,8.71,8.58,8.61,29928,30764.882,1.0
2019-10-08,8.64,8.7,8.51,8.56,30017,30810.261,1.0
2019-10-09,8.58,8.58,8.44,8.56,32090,32487.314,1.0
2019-10-10,8.59,8.61,8.53,8.59,40837,41648.088,1.0
2019-10-11,8.6,8.64,8.56,8.62,37904,38799.123,1.0
2019-10-14,8.68,8.76,8.65,8.71,43068,44700.091,1.0
2019-10-15,8.73,8.82,8.65,8.82,63905,66545.495,1.0
2019-10-16,8.83,8.92,8.78,8.87,62314,65866.742,1.0
2019-10-17,8.87,8.89,8.78,8.78,43876,46108.483,1.0
2019-10-18,8.76,8.78,8.58,8.62,56777,58562.326,1.0
2019-10-21,8.58,8.65,8.53,8.63,31903,32689.076,1.0
2019-10-22,8.64,8.66,8.58,8.63,24577,25191.451,1.0
2019-10-23,8.65,8.65,8.58,8.63,24487,25077.619,1.0
2019-10-24,8.63,8.77,8.54,8.65,35734,36735.734,1.0
2019-10-25,8.68,8.7,8.61,8.66,46995,48359.251,1.0
2019-10-28,8.64,8.68,8.61,8.67,39928,41114.878,1.0
2019-10-29,8.67,8.75,8.61,8.73,40284,41549.03,1.0
2019-10-30,8.73,8.88,8.72,8.86,73191,76694.73,1.0
2019-10-31,8.9,8.93,8.72,8.73,47114,49364.645,1.0
2019-11-01,8.71,8.78,8.64,8.76,46861,48782.298,1.0
2019-11-04,8.76,8.96,8.76,8.95,86593,91752.471,1.0
2019-11-05,8.95,9.11,8.9,8.9,91831,98705.462,1.0
2019-11-06,8.91,8.92,8.73,8.77,65989,69290.966,1.0
2019-11-07,8.79,8.98,8.77,8.96,54172,57487.987,1.0
2019-11-08,9.0,9.02,8.82,8.83,44580,47444.569,1.0
2019-11-11,8.83,8.84,8.52,8.57,53484,54975.707,1.0
2019-11-12,8.54,8.6,8.5,8.55,41348,41891.735,1.0
2019-11-13,8.55,8.65,8.45,8.56,31363,31790.179,1.0
2019-11-14,8.64,8.64,8.51,8.54,21316,21702.702,1.0
2019-11-15,8.51,8.56,8.47,8.48,18330,18526.016,1.0
2019-11-18,8.48,8.5,8.38,8.48,17043,17089.682,1.0
2019-11-19,8.48,8.65,8.42,8.63,29224,29810.037,1.0
2019-11-20,8.63,8.63,8.53,8.54,19107,19493.118,1.0
2019-11-21,8.55,8.58,8.48,8.52,15500,15690.597,1.0
2019-11-22,8.51,8.65,8.46,8.5,19277,19601.663,1.0
2019-11-25,8.65,8.87,8.6,8.75,67215,70150.238,1.0
2019-11-26,8.75,8.83,8.68,8.83,43597,45484.372,1.0
2019-11-27,8.78,8.88,8.71,8.71,34654,36295.099,1.0
2019-11-28,8.71,8.78,8.58,8.6,28184,29085.884,1.0
2019-11-29,8.62,8.68,8.54,8.58,21124,21615.91,1.0
2019-12-02,8.59,8.66,8.55,8.59,24645,25220.205,1.0
2019-12-03,8.54,8.58,8.51,8.55,31647,32087.124,1.0
2019-12-04,8.52,8.59,8.5,8.56,17625,17921.16,1.0
2019-12-05,8.57,8.65,8.55,8.65,25730,26373.223,1.0
2019-12-06,8.63,8.68,8.6,8.66,18922,19456.525,1.0
2019-12-09,8.75,8.8,8.7,8.74,35751,37296.721,1.0
2019-12-10,8.68,8.76,8.66,8.72,28183,29240.921,1.0
2019-12-11,8.76,8.92,8.73,8.77,46363,48766.522,1.0
2019-12-12,8.82,8.91,8.79,8.83,43355,45796.025,1.0
2019-12-13,8.87,8.95,8.79,8.92,56897,60343.746,1.0
2019-12-16,8.96,8.96,8.85,8.92,44040,46808.626,1.0
2019-12-17,8.92,8.99,8.85,8.96,57716,61486.41,1.0
2019-12-18,8.98,9.15,8.92,8.94,57733,62178.258,1.0
2019-12-19,8.94,8.99,8.89,8.93,42824,45666.706,1.0
2019-12-20,8.93,8.98,8.83,8.83,40330,42772.74,1.0
2019-12-23,8.81,8.88,8.74,8.74,40839,42852.915,1.0
2019-12-24,8.77,8.86,8.72,8.84,33979,35625.948,1.0
2019-12-25,8.84,8.92,8.81,8.88,38152,40355.073,1.0
2019-12-26,8.87,8.95,8.86,8.95,29014,30830.489,1.0
2019-12-27,8.96,8.96,8.82,8.85,30600,32497.869,1.0
2019-12-30,8.83,9.14,8.83,9.1,74842,80897.938,1.0
2019-12-31,9.11,9.22,9.03,9.18,70155,76637.321,1.0
2020-01-02,9.26,9.32,9.17,9.22,75234,83128.968,1.0
2020-01-03,9.21,9.24,9.13,9.17,48466,53193.849,1.0
2020-01-06,9.12,9.25,9.0,9.17,50515,55388.075,1.0
2020-01-07,9.21,9.38,9.18,9.35,73087,81416.348,1.0
2020-01-08,9.36,9.36,9.17,9.18,61785,68447.236,1.0
2020-01-09,9.31,10.03,9.31,10.03,249514,296449.52,1.0
2020-01-10,10.05,10.14,9.81,9.88,177765,213230.222,1.0
2020-01-13,9.83,10.21,9.83,10.13,154229,187056.653,1.0
2020-01-14,10.11,10.32,9.91,10.0,112736,136549.202,1.0
2020-01-15,10.11,10.38,9.98,10.2,135872,166877.761,1.0
2020-01-16,10.14,10.21,9.92,10.02,94440,114361.73,1.0
2020-01-17,10.12,10.15,9.98,10.03,69792,84759.593,1.0
2020-01-20,10.03,10.06,9.81,9.89,79772,94878.773,1.0
2020-01-21,9.88,9.95,9.74,9.76,65937,78045.155,1.0
2020-01-22,9.71,9.82,9.58,9.75,59707,69468.607,1.0
2020-01-23,9.67,9.68,9.25,9.31,96215,108931.433,1.0
2020-02-03,8.45,8.45,8.45,8.45,26575,26681.3,1.0
2020-02-04,8.04,8.45,8.04,8.37,99271,97500.988,1.0
2020-02-05,8.43,8.67,8.36,8.49,85193,86407.282,1.0
2020-02-06,8.49,8.67,8.38,8.61,75107,76461.98,1.0
2020-02-07,8.61,9.0,8.61,8.98,89792,94587.451,1.0
2020-02-10,8.98,9.23,8.88,9.09,88086,95405.911,1.0
2020-02-11,9.08,9.44,8.92,9.26,117761,130036.768,1.0
2020-02-12,9.26,9.33,9.14,9.23,67025,74151.925,1.0
2020-02-13,9.23,9.28,9.06,9.06,61885,67559.824,1.0
2020-02-14,9.11,9.11,8.99,9.04,38366,41514.088,1.0
2020-02-17,9.03,9.27,8.9,9.25,75061,82143.174,1.0
2020-02-18,9.19,9.33,9.15,9.31,68193,75712.884,1.0
2020-02-19,9.35,9.35,9.14,9.15,68310,75361.361,1.0
2020-02-20,9.15,9.28,9.09,9.28,58481,64425.581,1.0
2020-02-21,9.29,9.52,9.22,9.37,92440,103743.509,1.0
2020-02-24,9.31,9.4,9.21,9.3,59508,66186.883,1.0
2020-02-25,9.11,9.19,8.89,9.1,83628,90449.649,1.0
2020-02-26,8.98,9.31,8.91,9.14,76051,83367.679,1.0
2020-02-27,9.21,9.41,9.12,9.28,61658,68600.245,1.0
2020-02-28,9.1,9.24,8.77,8.78,74051,79904.124,1.0
2020-03-02,8.87,9.28,8.87,9.25,92783,102107.784,1.0
2020-03-03,9.36,9.45,9.19,9.29,88516,98536.155,1.0
2020-03-04,9.32,9.65,9.28,9.61,115414,131844.945,1.0
2020-03-05,9.64,9.81,9.58,9.61,97657,113464.9,1.0
2020-03-06,9.51,9.61,9.46,9.51,60201,68842.235,1.0
2020-03-09,9.46,9.46,9.06,9.07,70853,78173.066,1.0
2020-03-10,8.97,9.31,8.96,9.3,57612,63318.659,1.0
2020-03-11,9.37,9.61,9.34,9.41,76139,86396.992,1.0
2020-03-12,9.31,9.59,9.31,9.5,79250,90082.858,1.0
2020-03-13,9.24,9.38,9.04,9.26,73127,80283.708,1.0
2020-03-16,9.36,9.41,8.82,8.87,73642,79946.455,1.0
2020-03-17,8.91,9.03,8.58,8.87,48053,50542.775,1.0
2020-03-18,8.93,9.04,8.58,8.58,47470,50085.483,1.0
2020-03-19,8.6,8.71,8.4,8.59,45686,46475.705,1.0
2020-03-20,8.65,8.72,8.52,8.72,36627,37669.569,1.0
2020-03-23,8.54,8.66,8.48,8.51,26289,26766.839,1.0
2020-03-24,8.61,8.78,8.52,8.75,36385,37605.39,1.0
2020-03-25,8.85,8.91,8.76,8.85,33505,35326.521,1.0
2020-03-26,8.79,8.92,8.75,8.78,25078,26378.885,1.0
2020-03-27,8.84,8.88,8.76,8.78,18452,19407.91,1.0
2020-03-30,8.67,8.67,8.42,8.57,36322,36762.433,1.0
2020-03-31,8.63,8.65,8.46,8.46,22738,23073.981,1.0
2020-04-01,8.54,8.61,8.45,8.45,21489,21794.752,1.0
2020-04-02,8.45,8.58,8.38,8.56,21176,21312.096,1.0
2020-04-03,8.58,8.63,8.51,8.59,20127,20519.094,1.0
2020-04-07,8.71,8.78,8.64,8.73,34894,36152.29,1.0
2020-04-08,8.68,8.72,8.62,8.64,25435,26235.488,1.0
2020-04-09,8.68,8.72,8.62,8.65,20640,21276.328,1.0
2020-04-10,8.67,8.68,8.5,8.55,23607,24032.614,1.0
2020-04-13,8.53,8.58,8.44,8.53,16487,16672.183,1.0
2020-04-14,8.54,8.61,8.53,8.6,17105,17442.585,1.0
2020-04-15,8.42,8.42,8.23,8.27,72483,71240.312,1.0
2020-04-16,8.27,8.27,8.01,8.05,61017,58451.984,1.0
2020-04-17,8.08,8.11,7.98,7.99,39443,37527.071,1.0
2020-04-20,7.99,8.15,7.96,8.13,36223,34656.126,1.0
2020-04-21,8.13,8.14,7.95,7.98,38196,36143.548,1.0
2020-04-22,7.93,7.96,7.81,7.95,50074,46590.301,1.0
2020-04-23,7.96,7.96,7.84,7.85,31603,29359.722,1.0
2020-04-24,7.85,7.91,7.81,7.82,21789,20175.03,1.0
2020-04-27,7.79,7.85,7.73,7.74,28784,26360.018,1.0
2020-04-28,7.74,7.79,7.19,7.44,63184,55185.79,1.0
2020-04-29,7.58,7.84,7.56,7.62,58669,53076.979,1.0
2020-04-30,7.63,7.98,7.59,7.95,61681,56474.039,1.0
2020-05-06,8.1,8.28,7.89,8.25,68308,64662.925,1.0
2020-05-07,8.25,8.67,8.13,8.58,105588,105351.823,1.0
2020-05-08,8.58,8.58,8.45,8.51,52888,53309.25,1.0
2020-05-11,8.51,8.61,8.44,8.51,42103,42431.784,1.0
2020-05-12,8.51,8.65,8.39,8.51,50915,51436.995,1.0
2020-05-13,8.51,8.54,8.38,8.45,29678,29761.324,1.0
2020-05-14,8.41,8.5,8.33,8.38,37504,37347.214,1.0
2020-05-15,8.45,8.45,8.33,8.38,20589,20460.929,1.0
2020-05-18,8.41,8.41,8.24,8.25,22490,22070.982,1.0
2020-05-19,8.31,8.33,8.22,8.26,27276,26697.647,1.0
2020-05-20,8.3,8.38,8.26,8.28,32170,31764.183,1.0
2020-05-21,8.28,8.38,8.19,8.24,20680,20295.257,1.0
2020-05-22,8.24,8.3,8.18,8.24,20446,19929.636,1.0
2020-05-25,8.2,8.31,8.14,8.31,20678,20189.262,1.0
2020-05-26,8.38,8.38,8.27,8.31,18857,18577.667,1.0
2020-05-27,8.33,8.33,8.15,8.15,23128,22191.014,1.0
2020-05-28,8.21,8.21,8.03,8.16,23357,22158.929,1.0
2020-05-29,8.2,8.2,8.13,8.16,10447,9946.614,1.0
2020-06-01,8.2,8.33,8.17,8.3,17745,17127.886,1.0
2020-06-02,8.3,8.36,8.27,8.3,16137,15713.607,1.0
2020-06-03,8.3,8.33,8.2,8.2,15456,14938.098,1.0
2020-06-04,8.2,8.31,8.17,8.25,23844,22965.344,1.0
2020-06-05,8.22,8.31,8.22,8.3,16345,15808.337,1.0
2020-06-08,8.41,8.5,8.33,8.43,30629,30335.028,1.0
2020-06-09,8.44,8.45,8.37,8.42,11563,11385.739,1.0
2020-06-10,8.42,8.56,8.4,8.46,17536,17359.237,1.0
2020-06-11,8.46,8.56,8.41,8.49,26853,26729.649,1.0
2020-06-12,8.41,8.57,8.34,8.51,28920,28828.862,1.0
2020-06-15,8.45,8.5,8.37,8.38,21230,20996.196,1.0
2020-06-16,8.43,8.46,8.38,8.43,9166,9035.228,1.0
2020-06-17,8.43,8.45,8.38,8.44,11368,11220.462,1.0
2020-06-18,8.43,8.45,8.39,8.44,10716,10564.306,1.0
2020-06-19,8.49,8.66,8.43,8.45,28183,28107.116,1.0
2020-06-22,8.45,8.47,8.41,8.44,12978,12850.353,1.0
2020-06-23,8.44,8.46,8.39,8.42,15755,15529.079,1.0
2020-06-24,8.4,8.45,8.37,8.44,12124,11940.116,1.0
2020-06-29,8.43,8.55,8.42,8.52,30710,30592.624,1.0
2020-06-30,8.55,8.55,8.49,8.51,19575,19543.248,1.0
2020-07-01,8.54,8.54,8.45,8.5,15992,15908.008,1.0
2020-07-02,8.51,8.61,8.5,8.6,28966,29095.055,1.0
2020-07-03,8.6,8.86,8.57,8.86,51728,53242.793,1.0
2020-07-06,9.07,9.66,9.04,9.66,170138,190655.783,1.0
2020-07-07,9.95,10.29,9.5,9.83,161915,190514.217,1.0
2020-07-08,9.9,10.73,9.9,10.73,215949,269860.912,1.0
2020-07-09,10.73,11.33,10.6,11.09,127334,167743.831,1.0
2020-07-10,11.03,11.25,10.87,11.03,125508,166775.264,1.0
2020-07-13,10.91,11.17,10.83,10.98,97768,129070.069,1.0
2020-07-14,10.98,11.34,10.9,11.1,108546,145585.034,1.0
2020-07-15,11.08,11.25,10.75,10.8,92334,121828.111,1.0
2020-07-16,10.8,10.98,10.5,10.62,84590,108961.68,1.0
2020-07-17,10.58,10.7,10.42,10.6,46349,58769.415,1.0
2020-07-20,10.68,10.9,10.65,10.79,53936,69688.442,1.0
2020-07-21,10.8,11.75,10.75,11.24,116650,159501.405,1.0
2020-07-22,11.13,11.49,11.13,11.25,63717,87082.972,1.0
2020-07-23,11.27,11.36,10.21,10.87,109370,143750.051,1.0
2020-07-24,10.8,11.1,10.4,10.44,86449,109583.183,1.0
2020-07-27,10.45,10.59,10.3,10.53,39646,49525.64,1.0
2020-07-28,10.53,10.59,10.37,10.47,31624,39604.497,1.0
2020-07-29,10.45,10.57,10.33,10.57,40692,51218.716,1.0
2020-07-30,10.57,10.7,10.37,10.44,36927,46362.866,1.0
2020-07-31,10.41,10.53,10.29,10.42,91198,113547.329,1.0
2020-08-03,10.5,10.5,10.3,10.33,86346,107014.101,1.0
2020-08-04,10.33,11.06,10.27,10.7,152295,195131.264,1.0
2020-08-13,10.82,10.94,10.37,10.61,72879,84976.863,1.0
2020-08-14,10.47,11.63,10.23,11.51,108991,132012.373,1.0
2020-08-17,11.53,11.98,11.1,11.39,89234,110613.311,1.0
2020-08-18,11.39,11.56,11.2,11.37,39489,48698.26,1.0
2020-08-19,11.27,11.52,11.25,11.32,36078,44732.989,1.0
2020-08-20,11.25,11.3,10.97,11.03,28949,35108.478,1.0
2020-08-21,11.07,11.38,10.88,11.19,32471,39434.651,1.0
2020-08-24,11.31,11.44,11.13,11.19,29292,36047.957,1.0
2020-08-25,11.18,11.32,10.97,11.09,39569,47861.986,1.0
2020-08-26,10.97,11.2,10.49,10.96,91458,108357.185,1.0
2020-08-27,10.91,11.02,10.56,10.68,57485,67490.441,1.0
2020-08-28,10.69,10.8,10.53,10.61,32796,38273.794,1.0
2020-08-31,10.61,10.75,10.57,10.58,35943,42008.224,1.0
2020-09-01,10.63,10.77,10.5,10.54,39244,45549.17,1.0
2020-09-02,10.68,10.93,10.53,10.59,50654,59395.753,1.0
2020-09-03,10.6,10.71,10.41,10.59,43593,50515.683,1.0
2020-09-04,10.56,10.81,10.36,10.62,48392,56072.863,1.0
2020-09-07,10.61,10.72,10.37,10.39,32512,37474.185,1.0
2020-09-08,10.42,10.56,10.3,10.38,31675,36107.165,1.0
2020-09-09,10.33,10.39,10.07,10.17,76685,85983.559,1.0
2020-09-10,10.28,10.28,9.76,9.8,52167,57202.989,1.0
2020-09-11,9.92,9.92,9.6,9.85,26451,28503.524,1.0
2020-09-14,9.97,9.99,9.73,9.87,28111,30460.784,1.0
2020-09-15,9.87,9.92,9.71,9.78,44643,48305.816,1.0
2020-09-16,9.88,9.88,9.69,9.71,18722,20163.618,1.0
2020-09-17,9.71,9.82,9.48,9.6,34606,36845.233,1.0
2020-09-18,9.63,9.85,9.51,9.79,32444,34835.36,1.0
2020-09-21,9.82,9.82,9.58,9.67,30273,32381.55,1.0
2020-09-22,9.62,9.76,9.54,9.68,22983,24499.752,1.0
2020-09-23,9.65,9.94,9.49,9.54,31407,33580.387,1.0
2020-09-24,9.51,9.51,9.31,9.36,24008,25021.087,1.0
2020-09-25,9.5,9.8,9.27,9.71,27489,29078.937,1.0
2020-09-28,9.71,9.75,9.2,9.2,33576,34942.072,1.0
2020-09-29,9.22,9.37,9.08,9.1,47616,48601.757,1.0
2020-09-30,9.16,9.22,9.05,9.13,24538,24904.447,1.0
2020-10-09,9.26,9.45,9.24,9.35,38573,40017.937,1.0
2020-10-12,9.54,9.93,9.42,9.75,47648,51254.944,1.0
2020-10-13,9.68,9.83,9.66,9.74,23882,25709.637,1.0
2020-10-14,9.68,9.74,9.64,9.72,15551,16674.077,1.0
2020-10-15,9.67,10.03,9.67,9.85,35234,38194.797,1.0
2020-10-16,9.86,9.96,9.73,9.73,18392,19846.671,1.0
2020-10-19,10.19,10.19,9.69,9.76,27073,29253.152,1.0
2020-10-20,9.79,9.82,9.73,9.78,15597,16841.674,1.0
2020-10-21,9.81,9.82,9.51,9.55,38014,40404.948,1.0
2020-10-22,9.6,9.6,9.41,9.48,18982,19906.749,1.0
2020-10-23,9.48,9.85,9.45,9.62,35586,38081.278,1.0
2020-10-26,9.61,9.93,9.59,9.85,43197,46796.303,1.0
2020-10-27,9.85,10.19,9.76,10.02,53869,59705.251,1.0
2020-10-28,10.07,10.1,9.78,10.0,34105,37491.13,1.0
2020-10-29,9.91,10.1,9.86,9.96,36289,39901.025,1.0
2020-10-30,9.97,10.03,9.72,9.78,33796,36770.885,1.0
2020-11-02,9.93,9.93,9.76,9.86,24080,26130.356,1.0
2020-11-03,9.95,10.46,9.93,10.25,46241,51964.772,1.0
2020-11-04,10.28,10.38,10.17,10.24,26745,30131.691,1.0
2020-11-05,10.3,10.7,10.3,10.63,45759,52805.048,1.0
2020-11-06,10.63,10.83,10.5,10.8,38232,44595.412,1.0
2020-11-09,10.97,11.02,10.64,10.77,58802,69274.319,1.0
2020-11-10,11.02,11.02,10.85,10.94,48320,57765.944,1.0
2020-11-11,10.92,10.96,10.54,10.64,62825,73682.988,1.0
2020-11-12,10.68,10.72,10.53,10.61,30619,35648.553,1.0
2020-11-13,10.61,10.67,10.5,10.59,29365,34021.172,1.0
2020-11-16,10.77,10.83,10.52,10.75,44366,52166.506,1.0
2020-11-17,10.78,10.87,10.68,10.76,27869,32849.727,1.0
2020-11-18,10.81,11.28,10.72,11.03,69973,84628.033,1.0
2020-11-19,11.13,11.13,10.86,10.94,29275,35106.944,1.0
2020-11-20,10.98,11.22,10.91,11.18,51757,62898.441,1.0
2020-11-23,11.19,11.35,11.11,11.16,43308,52920.321,1.0
2020-11-24,11.18,11.26,11.1,11.15,28267,34447.496,1.0
2020-11-25,11.17,11.22,10.89,10.95,52421,62848.721,1.0
2020-11-26,10.87,10.97,10.81,10.88,28903,34371.453,1.0
2020-11-27,10.94,11.08,10.81,10.88,35634,42476.864,1.0
2020-11-30,10.88,11.08,10.85,10.88,51580,61842.112,1.0
2020-12-01,10.93,11.1,10.88,11.08,48106,57969.341,1.0
2020-12-02,11.06,11.23,10.96,10.98,34074,41141.715,1.0
2020-12-03,11.0,11.07,10.91,10.95,35569,42637.915,1.0
2020-12-04,11.0,11.11,10.9,11.09,28790,34673.887,1.0
2020-12-07,11.11,11.15,10.95,11.0,25403,30601.998,1.0
2020-12-08,11.06,11.12,10.83,11.07,32882,39384.936,1.0
2020-12-09,11.05,11.11,10.91,10.91,30183,36170.236,1.0
2020-12-10,10.89,10.96,10.68,10.86,24526,29049.297,1.0
2020-12-11,10.92,10.92,10.69,10.84,30082,35559.715,1.0
2020-12-14,10.84,10.99,10.67,10.87,33888,40277.676,1.0
2020-12-15,10.89,10.96,10.78,10.86,25538,30372.302,1.0
2020-12-16,10.9,10.92,10.68,10.87,22534,26633.975,1.0
2020-12-17,10.8,10.94,10.75,10.79,29532,34986.685,1.0
2020-12-18,10.79,10.94,10.73,10.85,37094,43921.034,1.0
2020-12-21,10.89,10.96,10.74,10.85,40613,48174.79,1.0
2020-12-22,10.8,10.85,10.55,10.61,50341,59042.166,1.0
2020-12-23,10.6,10.96,10.56,10.69,51273,60436.83,1.0
2020-12-24,10.68,10.82,10.48,10.69,54151,63163.941,1.0
2020-12-25,10.69,10.72,10.58,10.63,31922,37228.863,1.0
2020-12-28,10.59,10.68,10.36,10.36,44567,51120.778,1.0
2020-12-29,10.37,10.56,10.28,10.34,45128,51476.718,1.0
2020-12-30,10.38,10.6,10.31,10.42,50700,58296.58,1.0
2020-12-31,10.48,10.77,10.42,10.64,58612,68349.362,1.0
2021-01-04,10.67,10.72,10.48,10.63,33682,39122.326,1.0
2021-01-05,10.6,10.86,10.53,10.66,46598,54443.69,1.0
2021-01-06,10.71,10.71,10.5,10.56,21911,25445.998,1.0
2021-01-07,10.48,10.72,10.41,10.64,36380,42022.755,1.0
2021-01-08,10.67,10.67,9.82,9.96,91428,101902.746,1.0
2021-01-25,10.71,10.71,8.86,9.28,270280,283302.304,1.0
2021-01-26,8.96,9.5,8.74,9.36,146169,148223.895,1.0
2021-01-27,9.22,9.36,8.99,9.0,57068,58019.141,1.0
2021-01-28,8.94,9.05,8.78,8.78,48000,47500.217,1.0
2021-01-29,8.82,8.93,8.43,8.73,69641,67525.56,1.0
2021-02-01,8.78,8.82,8.58,8.59,42219,40847.827,1.0
2021-02-02,8.55,8.69,8.16,8.19,94725,88939.083,1.0
2021-02-03,8.19,8.19,7.78,7.84,86217,77317.988,1.0
2021-02-04,7.84,8.06,7.56,7.7,48103,42298.006,1.0
2021-02-05,7.71,8.01,7.66,7.78,36610,32216.983,1.0
2021-02-08,7.78,7.94,7.71,7.78,35280,31188.051,1.0
2021-02-09,7.8,7.98,7.73,7.94,42350,37742.431,1.0
2021-02-10,7.98,7.98,7.67,7.81,38736,34187.176,1.0
2021-02-18,7.88,8.48,7.79,8.16,80186,73437.245,1.0
2021-02-19,8.22,8.38,8.15,8.33,35311,32871.191,1.0
2021-02-22,8.4,8.69,8.37,8.44,72267,68620.383,1.0
2021-02-23,8.45,8.51,8.27,8.44,39016,36867.401,1.0
2021-02-24,8.45,8.47,8.25,8.32,60047,56180.575,1.0
2021-02-25,8.37,8.41,8.29,8.36,28609,26774.841,1.0
2021-02-26,8.32,8.44,8.29,8.37,28720,26974.469,1.0
2021-03-01,8.4,8.51,8.4,8.44,28663,27117.023,1.0
2021-03-02,8.5,8.71,8.43,8.6,45650,43896.815,1.0
2021-03-03,8.66,8.66,8.51,8.6,24964,23952.896,1.0
2021-03-04,8.63,8.71,8.54,8.56,29454,28362.964,1.0
2021-03-05,8.55,8.62,8.51,8.57,28918,27700.797,1.0
2021-03-08,8.58,8.71,8.55,8.58,44352,42834.627,1.0
2021-03-09,8.57,8.66,8.27,8.4,45759,43332.302,1.0
2021-03-10,8.43,8.5,8.32,8.35,30416,28701.849,1.0
2021-03-11,8.38,8.64,8.29,8.55,30386,28820.91,1.0
2021-03-12,8.52,8.75,8.46,8.7,40878,39432.021,1.0
2021-03-15,8.62,8.73,8.56,8.58,25752,24881.726,1.0
2021-03-16,8.58,8.86,8.57,8.85,48397,47262.257,1.0
2021-03-17,8.81,8.81,8.64,8.68,36918,35852.28,1.0
2021-03-18,8.68,8.75,8.61,8.68,20854,20197.066,1.0
2021-03-19,8.62,9.08,8.59,8.74,47249,46644.71,1.0
2021-03-22,8.72,9.29,8.71,9.13,68245,68779.6,1.0
2021-03-23,9.16,9.22,8.88,8.94,51507,51522.583,1.0
2021-03-24,8.96,9.22,8.87,9.05,48465,48946.349,1.0
2021-03-25,9.02,9.05,8.9,8.99,41694,41633.512,1.0
2021-03-26,9.05,9.11,8.93,8.98,38146,38284.607,1.0
2021-03-29,9.02,9.04,8.86,8.88,36059,35830.259,1.0
2021-03-30,8.84,8.87,8.64,8.72,33150,32225.106,1.0
2021-03-31,8.72,9.07,8.68,8.87,51132,50521.442,1.0
2021-04-01,8.84,8.84,8.71,8.72,33209,32427.039,1.0
2021-04-02,8.71,8.76,8.61,8.66,33144,32104.621,1.0
2021-04-06,8.66,8.79,8.65,8.72,29105,28340.285,1.0
2021-04-07,8.7,8.85,8.69,8.79,25943,25426.166,1.0
2021-04-08,8.79,8.79,8.62,8.67,30522,29642.821,1.0
2021-04-09,8.69,8.74,8.61,8.68,19463,18863.925,1.0
2021-04-12,8.7,8.75,8.62,8.68,27294,26491.768,1.0
2021-04-13,8.69,8.78,8.58,8.65,29944,29022.45,1.0
2021-04-14,8.6,8.62,8.44,8.58,37353,35598.474,1.0
2021-04-15,8.68,8.81,8.65,8.7,52892,51554.943,1.0
2021-04-16,8.65,9.04,8.63,9.0,73700,73140.152,1.0
2021-04-19,9.01,9.06,8.92,9.01,39732,39795.316,1.0
2021-04-20,9.01,9.27,9.01,9.14,58990,60094.002,1.0
2021-04-21,9.2,9.5,9.17,9.31,72094,74855.929,1.0
2021-04-22,9.28,9.38,9.22,9.24,35126,36238.228,1.0
2021-04-23,9.29,9.38,9.18,9.31,22448,23102.337,1.0
2021-04-26,9.29,9.29,9.09,9.15,37106,37850.773,1.0
2021-04-27,9.16,9.18,9.02,9.11,32485,32840.538,1.0
2021-04-28,9.11,9.23,9.0,9.12,41434,41869.952,1.0
2021-04-29,9.17,9.46,9.12,9.24,51491,53289.045,1.0
2021-04-30,9.26,9.32,9.15,9.22,46168,47239.357,1.0
2021-05-06,9.31,9.39,9.16,9.23,29537,30411.575,1.0
2021-05-07,9.23,9.26,9.02,9.06,51145,51844.34,1.0
2021-05-10,9.05,9.13,8.93,9.01,32478,32683.386,1.0
2021-05-11,8.96,9.13,8.95,9.07,25781,25962.285,1.0
2021-05-12,9.01,9.05,8.93,9.02,26593,26598.726,1.0
2021-05-13,8.99,9.1,8.98,8.98,21471,21568.758,1.0
2021-05-14,9.27,9.97,9.19,9.41,149999,156846.683,1.0
2021-05-17,9.19,9.19,8.84,8.88,137126,137060.779,1.0
2021-05-18,8.86,8.87,8.64,8.73,62177,60512.59,1.0
2021-05-19,8.73,8.78,8.68,8.76,27779,27080.321,1.0
2021-05-20,8.73,8.76,8.67,8.7,28767,27974.878,1.0
2021-05-21,8.7,8.78,8.69,8.71,22935,22360.419,1.0
2021-05-24,8.72,8.79,8.7,8.73,25269,24660.587,1.0
2021-05-25,8.75,8.78,8.7,8.76,26236,25597.453,1.0
2021-05-26,8.77,8.93,8.75,8.86,31878,31430.188,1.0
2021-05-27,8.82,8.92,8.81,8.87,26003,25691.922,1.0
2021-05-28,8.86,8.94,8.84,8.9,31608,31308.763,1.0
2021-05-31,8.93,8.94,8.85,8.86,29672,29384.0,1.0
2021-06-01,8.86,8.94,8.8,8.92,49528,49120.865,1.0
2021-06-02,8.94,8.97,8.87,8.89,33064,32850.779,1.0
2021-06-03,8.87,9.46,8.84,9.02,74222,74750.744,1.0
2021-06-04,9.07,9.1,8.88,8.97,45451,45503.656,1.0
2021-06-07,8.9,9.0,8.83,8.91,34243,33989.786,1.0
2021-06-08,8.93,8.97,8.85,8.89,25183,24925.267,1.0
2021-06-09,8.88,8.9,8.83,8.84,23502,23214.347,1.0
2021-06-10,8.86,8.88,8.73,8.8,47402,46466.122,1.0
2021-06-11,8.77,8.83,8.66,8.68,29413,28695.954,1.0
2021-06-15,8.69,8.72,8.63,8.67,28758,27865.168,1.0
2021-06-16,8.66,8.68,8.6,8.62,21276,20554.978,1.0
2021-06-17,8.62,8.65,8.48,8.56,20125,19294.055,1.0
2021-06-18,8.62,8.67,8.49,8.66,21611,20754.412,1.0
2021-06-21,8.63,8.66,8.54,8.58,27709,26598.455,1.0
2021-06-22,8.57,8.65,8.57,8.62,19939,19196.715,1.0
2021-06-23,8.6,8.66,8.56,8.64,19163,18452.581,1.0
2021-06-24,8.64,8.64,8.57,8.63,19848,19105.033,1.0
2021-06-25,8.63,8.63,8.52,8.6,27057,25939.492,1.0
2021-06-28,8.64,8.65,8.56,8.56,21731,20691.683,1.0
2021-06-29,8.58,8.74,8.54,8.66,37016,35298.406,1.0
2021-06-30,8.66,8.72,8.6,8.64,16195,15471.548,1.0
2021-07-01,8.64,8.64,8.52,8.54,23884,22685.722,1.0
2021-07-02,8.54,8.56,8.38,8.39,28572,26737.871,1.0
2021-07-05,8.4,8.46,8.38,8.41,18776,17518.398,1.0
2021-07-06,8.39,8.5,8.38,8.48,18217,17066.013,1.0
2021-07-07,8.52,8.68,8.45,8.58,28243,26765.501,1.0
2021-07-08,8.61,8.62,8.5,8.57,22554,21370.114,1.0
2021-07-09,8.53,8.64,8.51,8.63,29035,27639.932,1.0
2021-07-12,8.65,8.78,8.61,8.77,37065,35681.38,1.0
2021-07-13,8.79,8.95,8.71,8.89,54507,53295.128,1.0
2021-07-14,8.88,8.94,8.84,8.9,32769,32140.844,1.0
2021-07-15,9.18,9.27,8.9,8.98,102251,102007.252,1.0
2021-07-16,8.96,9.06,8.87,8.91,68530,67575.182,1.0
2021-07-19,8.8,8.95,8.75,8.79,46559,45310.693,1.0
2021-07-20,8.76,8.86,8.71,8.82,31462,30545.986,1.0
2021-07-21,9.2,9.49,9.02,9.16,201181,204569.486,1.0
2021-07-22,9.14,9.24,8.95,9.19,100822,101220.681,1.0
2021-07-23,8.78,8.83,8.43,8.51,155335,147406.88,1.0
2021-07-26,8.56,8.56,8.29,8.36,60265,56234.931,1.0
2021-07-27,8.37,8.6,8.37,8.5,76585,72190.778,1.0
2021-07-28,8.51,8.52,8.14,8.36,51815,47922.827,1.0
2021-07-29,8.39,8.44,8.13,8.18,67697,61918.047,1.0
2021-07-30,8.18,8.19,7.97,8.0,58771,52695.423,1.0
2021-08-02,8.0,8.19,7.94,8.14,56623,50902.304,1.0
2021-08-03,8.17,8.19,8.06,8.07,41349,37278.601,1.0
2021-08-04,8.1,8.27,8.0,8.14,75009,67481.247,1.0
2021-08-05,8.1,8.11,7.88,7.98,74955,66546.324,1.0
2021-08-06,7.99,8.09,7.91,8.02,57012,50835.661,1.0
2021-08-09,8.02,8.14,7.99,8.11,68328,61666.947,1.0
2021-08-10,8.09,8.18,8.08,8.15,51452,46610.895,1.0
2021-08-11,8.14,8.18,8.12,8.14,39772,36046.675,1.0
2021-08-12,8.18,8.29,8.18,8.28,74359,68161.36,1.0
2021-08-13,8.3,8.44,8.28,8.41,80604,74909.197,1.0
2021-08-16,8.43,8.62,8.42,8.62,92851,87983.354,1.0
2021-08-17,8.67,8.67,8.43,8.48,120019,113530.285,1.0
2021-08-18,8.43,8.5,8.33,8.45,77400,72245.591,1.0
2021-08-19,8.43,8.45,8.33,8.4,44773,41650.582,1.0
2021-08-20,8.43,8.47,8.32,8.39,45839,42716.601,1.0
2021-08-23,8.4,8.51,8.39,8.48,51776,48582.841,1.0
2021-08-24,8.46,8.52,8.44,8.51,38266,35983.982,1.0
2021-08-25,8.48,8.57,8.44,8.56,41803,39445.387,1.0
2021-08-26,8.56,8.68,8.5,8.65,65241,62167.706,1.0
2021-08-27,8.7,8.71,8.48,8.54,64639,61193.761,1.0
2021-08-30,8.46,8.6,8.44,8.5,55645,52419.257,1.0
2021-08-31,8.53,8.7,8.51,8.69,109101,104307.809,1.0
2021-09-01,8.69,8.84,8.65,8.78,116443,112694.686,1.0
2021-09-02,8.76,8.82,8.7,8.78,73728,71362.534,1.0
2021-09-03,8.76,8.93,8.71,8.8,73804,71659.768,1.0
2021-09-06,8.84,8.93,8.77,8.89,90964,88957.841,1.0
2021-09-07,8.84,8.91,8.77,8.88,85195,83169.53,1.0
2021-09-08,8.88,9.09,8.85,9.04,125719,124579.874,1.0
2021-09-09,9.08,9.33,9.01,9.26,177964,179713.166,1.0
2021-09-10,9.23,9.33,9.02,9.04,129584,130584.699,1.0
2021-09-13,9.18,9.25,9.12,9.2,91489,92410.845,1.0
2021-09-14,9.21,9.23,8.96,9.0,97141,96973.242,1.0
2021-09-15,8.93,9.06,8.87,8.97,85185,84089.776,1.0
2021-09-16,8.93,9.16,8.85,8.87,95372,94684.248,1.0
2021-09-17,8.87,8.92,8.79,8.87,63400,61962.686,1.0
2021-09-22,8.8,9.69,8.8,9.53,182338,186615.046,1.0
2021-09-23,9.66,9.83,9.46,9.78,197228,209055.981,1.0
2021-09-24,9.86,9.99,9.47,9.94,210909,224727.247,1.0
2021-09-27,10.09,10.22,9.24,9.47,223220,234219.507,1.0
2021-09-28,9.48,9.98,9.48,9.92,210221,225319.755,1.0
2021-09-29,9.86,10.34,9.74,9.97,178236,195359.537,1.0
2021-09-30,9.92,10.29,9.76,9.84,132528,143997.808,1.0
2021-10-08,10.02,10.65,9.97,10.56,216552,244277.363,1.0
2021-10-11,10.58,10.65,10.13,10.3,161419,181513.877,1.0
2021-10-12,10.27,10.33,9.75,10.2,164621,180310.716,1.0
2021-10-13,10.2,10.26,9.7,10.04,107581,116693.984,1.0
2021-10-14,10.02,10.2,9.73,10.14,96188,104745.494,1.0
2021-10-15,10.23,10.43,9.82,10.23,144419,158713.383,1.0
2021-10-18,10.23,10.58,9.93,10.41,122741,138482.664,1.0
2021-10-19,10.41,10.52,9.94,10.07,143910,159278.004,1.0
2021-10-20,9.99,10.01,9.72,9.73,101219,108878.05,1.0
2021-10-21,9.68,9.84,9.54,9.63,83233,87948.827,1.0
2021-10-22,9.57,9.66,9.14,9.26,122294,125249.225,1.0
2021-10-25,9.28,9.65,9.14,9.6,94362,97994.891,1.0
2021-10-26,9.58,9.66,9.23,9.27,79365,81890.001,1.0
2021-10-27,9.31,9.37,9.0,9.14,71926,72018.518,1.0
2021-10-28,9.07,9.13,8.76,8.79,68753,67417.659,1.0
2021-10-29,8.79,8.98,8.73,8.95,49598,48472.719,1.0
2021-11-01,8.91,9.48,8.85,9.31,87367,88880.265,1.0
2021-11-02,9.29,9.45,9.04,9.12,59131,59901.11,1.0
2021-11-03,9.13,9.32,9.1,9.26,34592,35120.848,1.0
2021-11-04,9.29,9.33,9.22,9.27,29059,29581.845,1.0
2021-11-05,9.26,9.46,9.03,9.29,70149,71169.583,1.0
2021-11-08,9.31,9.75,9.28,9.49,74743,78165.436,1.0
2021-11-09,9.54,9.7,9.42,9.43,44216,46294.862,1.0
2021-11-10,9.37,9.48,9.31,9.41,30908,31876.944,1.0
2021-11-11,9.34,9.58,9.33,9.5,34454,35888.489,1.0
2021-11-12,9.48,9.56,9.4,9.53,32524,33832.182,1.0
2021-11-15,9.51,9.52,9.33,9.47,33098,34243.134,1.0
2021-11-16,9.47,9.52,9.32,9.32,26642,27521.443,1.0
2021-11-17,9.33,9.39,9.29,9.35,28255,29001.833,1.0
2021-11-18,9.35,9.42,9.22,9.22,32498,33226.513,1.0
2021-11-19,9.15,9.38,9.09,9.34,46845,47495.835,1.0
2021-11-22,9.36,10.07,9.34,9.95,140786,151039.193,1.0
2021-11-23,9.78,9.95,9.74,9.78,62058,66660.716,1.0
2021-11-24,9.76,9.89,9.64,9.81,48587,51865.227,1.0
2021-11-25,9.74,9.88,9.62,9.74,45541,48542.622,1.0
2021-11-26,9.7,9.76,9.59,9.7,32882,34882.353,1.0
2021-11-29,9.56,9.57,9.34,9.38,51668,53517.802,1.0
2021-11-30,9.43,9.63,9.43,9.61,50710,53133.505,1.0
2021-12-01,9.63,9.81,9.61,9.73,43488,46283.063,1.0
2021-12-02,9.87,9.9,9.67,9.73,46807,50020.168,1.0
2021-12-03,9.74,9.93,9.65,9.91,63755,68535.443,1.0
2021-12-06,9.91,10.13,9.69,9.69,64254,69473.899,1.0
2021-12-07,9.83,9.95,9.62,9.75,54595,58353.646,1.0
2021-12-08,9.75,9.8,9.63,9.74,46431,49407.42,1.0
2021-12-09,9.74,9.8,9.68,9.74,33866,36049.905,1.0
2021-12-10,9.69,9.69,9.54,9.64,48123,50614.183,1.0
2021-12-13,9.67,9.76,9.59,9.63,36907,39055.292,1.0
2021-12-14,9.65,9.66,9.31,9.38,60143,62140.784,1.0
2021-12-15,9.39,9.51,9.34,9.45,33116,34331.227,1.0
2021-12-16,9.46,9.6,9.44,9.47,48550,50586.554,1.0
2021-12-17,9.47,9.62,9.38,9.53,45471,47493.85,1.0
2021-12-20,9.54,9.56,9.32,9.35,41899,43289.756,1.0
2021-12-21,9.41,10.0,9.38,9.76,141398,151320.707,1.0
2021-12-22,9.79,9.83,9.64,9.77,57182,60859.253,1.0
2021-12-23,9.73,9.76,9.59,9.62,49512,52361.011,1.0
2021-12-24,9.63,9.66,9.41,9.44,49901,51927.178,1.0
2021-12-27,9.44,9.6,9.4,9.54,27941,29136.993,1.0
2021-12-28,9.54,9.57,9.41,9.44,33854,35116.573,1.0
2021-12-29,9.47,9.55,9.4,9.45,28223,29315.874,1.0
2021-12-30,9.49,9.61,9.43,9.61,38835,40668.622,1.0
2021-12-31,9.65,9.81,9.6,9.68,50556,53692.147,1.0
2022-01-04,9.78,10.38,9.69,10.28,160585,176887.999,1.0
2022-01-05,10.4,10.76,10.13,10.28,115505,131150.232,1.0
2022-01-06,10.33,10.6,10.28,10.46,79153,89904.632,1.0
2022-01-07,10.46,10.58,10.27,10.28,64861,73582.044,1.0
2022-01-10,10.22,10.43,10.21,10.34,44827,50356.944,1.0
2022-01-11,10.29,10.56,10.29,10.37,39815,45156.654,1.0
2022-01-12,10.37,10.49,10.24,10.41,47993,54161.377,1.0
2022-01-13,10.43,10.56,10.35,10.46,43275,49223.04,1.0
2022-01-14,10.45,10.46,10.04,10.09,61563,68475.039,1.0
2022-01-17,10.18,10.25,10.04,10.12,36492,40296.656,1.0
2022-01-18,10.08,10.19,10.0,10.13,40500,44649.566,1.0
2022-01-19,10.16,10.43,10.1,10.29,51177,57350.723,1.0
2022-01-20,10.34,10.61,9.96,9.98,106303,118614.999,1.0
2022-01-21,10.17,10.27,9.93,10.15,66613,73421.869,1.0
2022-01-24,10.03,10.08,9.38,9.62,95601,101143.82,1.0
2022-01-25,9.65,9.72,9.14,9.18,69779,71934.49,1.0
2022-01-26,9.28,9.56,9.24,9.43,45771,47286.386,1.0
2022-01-27,9.43,9.43,9.15,9.15,43773,44508.618,1.0
2022-01-28,9.38,9.53,9.13,9.35,62021,63752.935,1.0
2022-02-07,9.55,9.74,9.4,9.69,53158,55879.975,1.0
2022-02-08,9.68,10.36,9.68,10.33,109513,121350.479,1.0
2022-02-09,10.32,10.9,10.23,10.66,114497,132277.33,1.0
2022-02-10,10.69,11.18,10.68,10.9,117663,139584.077,1.0
2022-02-11,11.08,11.08,10.66,10.72,87403,102288.25,1.0
2022-02-14,10.63,10.73,10.46,10.54,74879,85967.233,1.0
2022-02-15,10.48,10.58,10.33,10.39,52610,59650.349,1.0
2022-02-16,10.48,10.64,10.44,10.52,46956,53716.181,1.0
2022-02-17,10.53,10.9,10.48,10.66,93790,109226.268,1.0
2022-02-18,10.58,11.05,10.49,10.96,118040,139364.972,1.0
2022-02-21,10.93,10.93,10.61,10.75,89223,103713.997,1.0
2022-02-22,10.73,10.73,10.44,10.53,67123,76862.616,1.0
2022-02-23,10.59,10.72,10.44,10.55,71758,82440.168,1.0
2022-02-24,10.58,10.58,10.04,10.2,84645,94939.536,1.0
2022-02-25,10.28,10.45,10.03,10.07,78499,87311.698,1.0
2022-02-28,10.09,10.19,9.86,9.98,56314,61298.542,1.0
2022-03-01,10.01,10.25,9.96,10.08,58987,64851.262,1.0
2022-03-02,9.94,10.4,9.92,10.21,73226,81485.948,1.0
2022-03-03,10.26,10.34,10.19,10.3,57621,64427.536,1.0
2022-03-04,10.29,10.29,10.02,10.05,69585,76719.416,1.0
2022-03-07,10.05,10.15,9.88,9.91,56548,61839.446,1.0
2022-03-08,9.9,9.97,9.54,9.55,58064,61799.004,1.0
2022-03-09,9.63,9.78,9.07,9.46,81243,84308.898,1.0
2022-03-10,9.6,9.88,9.6,9.69,92430,98621.851,1.0
2022-03-11,9.56,9.66,9.23,9.55,87457,90498.515,1.0
2022-03-14,9.47,9.5,9.09,9.1,79078,80565.812,1.0
2022-03-15,8.99,9.06,8.39,8.4,112248,107663.41,1.0
2022-03-16,8.54,8.79,8.35,8.67,114609,108951.388,1.0
2022-03-17,8.76,8.86,8.66,8.7,75930,73337.826,1.0
2022-03-18,8.6,8.93,8.59,8.89,70029,68140.567,1.0
2022-03-21,8.89,8.92,8.71,8.83,58745,57249.505,1.0
2022-03-22,8.83,8.96,8.76,8.85,43667,42675.57,1.0
2022-03-23,8.88,8.93,8.79,8.88,47451,46429.359,1.0
2022-03-24,8.81,9.02,8.72,8.79,73203,71503.689,1.0
2022-03-25,8.8,8.94,8.76,8.81,45895,44803.663,1.0
2022-03-28,8.77,9.07,8.76,8.95,55675,54737.509,1.0
2022-03-29,8.95,9.02,8.85,8.96,38785,38187.034,1.0
2022-03-30,9.02,9.1,8.92,9.1,55597,55272.42,1.0
2022-03-31,8.99,9.21,8.99,9.02,71285,71290.275,1.0
2022-04-01,8.96,9.05,8.91,9.04,52632,52087.729,1.0
2022-04-06,9.04,9.29,8.98,9.23,69376,69991.484,1.0
2022-04-07,9.22,9.22,8.93,8.93,57966,57830.844,1.0
2022-04-08,9.05,9.06,8.78,9.01,53891,53057.224,1.0
2022-04-11,9.07,9.27,8.84,8.87,93574,93572.971,1.0
2022-04-12,8.94,9.19,8.72,9.18,85301,84356.521,1.0
2022-04-13,9.18,9.18,9.01,9.03,66775,66766.259,1.0
2022-04-14,9.08,9.23,9.03,9.1,62670,62969.876,1.0
2022-04-15,9.03,9.15,8.81,8.83,71089,70362.28,1.0
2022-04-18,8.79,8.8,8.57,8.74,66319,63843.669,1.0
2022-04-19,8.68,8.95,8.67,8.83,53429,52010.639,1.0
2022-04-20,8.83,8.91,8.67,8.76,49439,48015.135,1.0
2022-04-21,8.7,8.75,8.31,8.32,75365,70881.168,1.0
2022-04-22,8.29,8.46,8.18,8.4,38802,35942.089,1.0
2022-04-25,8.33,8.33,7.63,7.66,78427,69314.004,1.0
2022-04-26,7.75,7.81,7.49,7.49,50144,42787.065,1.0
2022-04-27,7.39,7.74,7.23,7.73,76827,64621.421,1.0
2022-04-28,7.68,7.77,7.53,7.64,43779,37484.111,1.0
2022-04-29,7.82,8.23,7.82,8.19,71273,64046.91,1.0
2022-05-05,8.23,8.26,8.04,8.2,59488,54074.61,1.0
2022-05-06,8.02,8.14,7.98,8.06,42523,38205.393,1.0
2022-05-09,8.02,8.34,8.02,8.24,36623,33556.71,1.0
2022-05-10,8.16,8.43,8.11,8.39,39988,36851.48,1.0
2022-05-11,8.42,8.47,8.24,8.24,51626,47947.224,1.0
2022-05-12,8.2,8.38,8.17,8.33,33678,30972.325,1.0
2022-05-13,8.36,8.4,8.27,8.34,32629,30191.442,1.0
2022-05-16,8.35,8.41,8.29,8.39,42349,39241.944,1.0
2022-05-17,8.45,8.45,8.21,8.26,31746,29141.712,1.0
2022-05-18,8.27,8.31,8.19,8.24,26682,24458.315,1.0
2022-05-19,8.15,8.19,8.08,8.18,32273,29216.316,1.0
2022-05-20,8.18,8.36,8.15,8.35,45346,41743.731,1.0
2022-05-23,8.32,8.43,8.32,8.36,38411,35658.8,1.0
2022-05-24,8.34,8.39,8.01,8.01,48152,43748.244,1.0
2022-05-25,8.01,8.24,8.01,8.23,39338,35724.853,1.0
2022-05-26,8.27,8.52,8.23,8.44,63416,59248.431,1.0
2022-05-27,8.45,8.5,8.39,8.47,44282,41497.664,1.0
2022-05-30,8.59,8.85,8.56,8.79,91820,88779.056,1.0
2022-05-31,8.73,8.8,8.61,8.66,61675,59252.359,1.0
2022-06-01,8.64,8.69,8.46,8.61,43262,41135.623,1.0
2022-06-02,8.63,8.64,8.46,8.56,43492,41115.157,1.0
2022-06-06,8.54,8.64,8.49,8.62,45541,43205.191,1.0
2022-06-07,8.61,8.66,8.47,8.64,42857,40641.888,1.0
2022-06-08,8.66,8.66,8.35,8.48,60587,57022.61,1.0
2022-06-09,8.47,8.54,8.34,8.37,38306,35834.452,1.0
2022-06-10,8.38,8.52,8.33,8.47,32583,30536.49,1.0
2022-06-13,8.43,8.43,8.24,8.31,49468,45692.008,1.0
2022-06-14,8.21,8.34,8.05,8.33,47100,42923.609,1.0
2022-06-15,8.37,8.6,8.3,8.49,75060,70620.382,1.0
2022-06-16,8.49,8.53,8.35,8.37,49594,46274.826,1.0
2022-06-17,8.33,8.34,8.13,8.29,52998,48513.254,1.0
2022-06-20,8.33,8.43,8.29,8.35,39048,35585.789,1.0
2022-06-21,8.32,8.41,8.3,8.34,38698,35310.505,1.0
2022-06-22,8.34,8.35,8.22,8.22,28641,25913.155,1.0
2022-06-23,8.23,8.3,8.12,8.29,32083,28806.122,1.0
2022-06-24,8.26,8.33,8.22,8.33,28890,26149.04,1.0
2022-06-27,8.36,8.38,8.29,8.33,42832,38954.734,1.0
2022-06-28,8.35,8.58,8.33,8.53,63947,59116.062,1.0
2022-06-29,8.56,8.56,8.41,8.41,39070,36165.247,1.0
2022-06-30,8.46,8.57,8.43,8.53,44213,41002.353,1.0
2022-07-01,8.54,8.62,8.44,8.57,45885,42747.071,1.0
2022-07-04,8.56,8.58,8.48,8.57,43245,40234.216,1.0
2022-07-05,8.57,8.67,8.48,8.57,43797,40912.388,1.0
2022-07-06,8.55,8.55,8.29,8.37,45506,41659.12,1.0
2022-07-07,8.4,8.44,8.34,8.37,25174,23060.992,1.0
2022-07-08,8.4,8.44,8.36,8.37,23623,21650.96,1.0
2022-07-11,8.37,8.5,8.35,8.48,51382,47261.226,1.0
2022-07-12,8.66,9.16,8.61,8.74,153865,148202.35615,1.0
2022-07-13,8.89,9.69,8.76,9.69,368446,374703.7513,1.0
2022-07-14,9.37,9.4,9.05,9.12,298666,297349.99318,1.0
2022-07-15,9.0,9.49,9.0,9.12,170715,170443.03280000002,1.0
2022-07-18,9.15,10.09,9.15,9.59,238092,248417.64142,1.0
2022-07-19,9.65,9.94,9.46,9.62,203387,213210.66804,1.0
2022-07-20,9.64,9.66,9.37,9.46,136725,139973.12076,1.0
2022-07-21,9.52,9.52,9.29,9.29,94627,95799.31262000001,1.0
2022-07-22,9.64,10.3,9.53,10.3,163872,178693.81518,1.0
2022-07-25,10.63,11.41,10.57,10.59,596024,704632.67785,1.0
2022-07-26,10.19,10.47,10.03,10.37,375353,414487.95679,1.0
2022-07-27,10.4,10.41,10.1,10.14,182639,200589.38090000002,1.0
2022-07-28,10.26,10.32,9.89,10.03,197984,213295.78536,1.0
2022-07-29,10.04,10.18,9.73,9.84,159372,170221.93111,1.0
2022-08-01,9.64,9.83,9.55,9.73,110338,114781.43394,1.0
2022-08-02,9.63,9.63,8.83,9.11,157422,156638.56504,1.0
2022-08-03,9.18,9.49,8.83,9.06,105864,106001.62447,1.0
2022-08-04,9.09,9.29,8.96,9.16,63981,63038.079340000004,1.0
2022-08-05,9.16,9.2,9.02,9.11,68933,67962.62481000001,1.0
2022-08-08,9.09,9.24,9.03,9.16,61187,60673.24892,1.0
2022-08-09,9.11,9.25,9.11,9.18,69974,69633.31809999999,1.0
2022-08-10,9.18,9.25,9.06,9.2,54467,54070.408240000004,1.0
2022-08-11,9.22,9.52,9.22,9.47,103251,105061.83954,1.0
2022-08-12,9.45,9.68,9.38,9.57,80732,83516.87766,1.0
2022-08-15,9.59,9.64,9.44,9.59,52599,54148.667299999994,1.0
2022-08-16,9.58,9.71,9.52,9.66,59604,61907.84895,1.0
2022-08-17,9.63,9.72,9.59,9.69,51281,53378.52589,1.0
2022-08-18,9.71,9.71,9.51,9.54,54874,56706.51940999999,1.0
2022-08-19,9.56,10.03,9.55,9.86,115035,122182.71985,1.0
2022-08-22,9.84,10.09,9.76,9.99,96515,103333.83954,1.0
2022-08-23,9.93,10.09,9.76,10.08,71111,75918.18215000001,1.0
2022-08-24,10.94,11.17,10.61,10.86,365667,425825.10267,1.0
2022-08-25,11.04,11.71,10.82,11.03,245888,293216.86743,1.0
2022-08-26,11.16,12.21,11.04,11.91,471808,599088.9832100001,1.0
2022-08-29,11.55,11.73,11.16,11.35,316478,384345.52606,1.0
2022-08-30,11.32,11.58,11.18,11.23,192731,233709.58602000002,1.0
2022-08-31,11.15,11.25,10.7,10.75,183972,214069.77106,1.0
2022-09-01,10.9,11.28,10.83,11.15,142298,168392.41262000002,1.0
2022-09-02,11.09,11.32,10.92,11.02,94247,111273.76425,1.0
2022-09-05,11.01,11.28,10.94,11.2,84943,101124.45627,1.0
2022-09-06,11.18,11.26,11.01,11.24,75773,90417.77598,1.0
2022-09-07,11.26,11.51,11.12,11.23,109053,131512.36327,1.0
2022-09-08,11.28,11.43,10.78,11.18,69533,82833.52875,1.0
2022-09-09,11.11,11.3,11.03,11.03,52968,62868.82065,1.0
2022-09-13,11.08,11.33,11.02,11.05,66787,79496.96394,1.0
2022-09-14,11.02,11.38,10.86,11.26,113540,135561.79718,1.0
2022-09-15,11.3,11.33,10.8,11.01,96836,114179.76548999999,1.0
2022-09-16,11.01,11.13,10.68,10.75,94066,109539.28411,1.0
2022-09-19,10.74,11.29,10.64,11.24,143186,170358.63537,1.0
2022-09-20,11.28,11.31,10.93,11.09,89138,105435.0826,1.0
2022-09-21,11.13,11.31,11.01,11.1,75261,89725.54729,1.0
2022-09-22,11.0,11.16,10.93,11.03,67972,80214.42485,1.0
2022-09-23,11.06,11.18,10.61,10.61,112781,130396.73288,1.0
2022-09-26,10.63,10.7,10.39,10.41,94159,106683.33775,1.0
2022-09-27,10.46,11.0,10.36,10.98,114550,131566.7265,1.0
2022-09-28,10.93,10.96,10.38,10.41,91349,104167.149,1.0
2022-09-29,10.53,10.6,10.33,10.39,75504,84541.27217,1.0
2022-09-30,10.39,10.51,10.23,10.23,63826,71044.05655,1.0
2022-10-10,10.18,10.63,10.14,10.35,79522,88941.36098,1.0
2022-10-11,10.42,10.45,10.06,10.4,60590,66826.45253,1.0
2022-10-12,10.43,10.43,10.12,10.41,61700,68055.17779999999,1.0
2022-10-13,10.33,10.39,10.07,10.07,73398,80639.31995,1.0
2022-10-14,10.23,11.0,10.19,10.73,139018,158190.28758,1.0
2022-10-17,10.83,10.9,10.44,10.55,100655,114109.98894,1.0
2022-10-18,10.63,11.4,10.6,11.15,182477,216168.04693,1.0
2022-10-19,11.06,11.22,10.91,10.95,104738,123718.28198,1.0
2022-10-20,10.94,11.01,10.41,10.44,123916,140976.27214,1.0
2022-10-21,10.52,10.57,10.28,10.34,62166,69717.82383,1.0
2022-10-24,10.41,10.51,10.16,10.16,67494,75005.10858,1.0
2022-10-25,10.18,10.23,9.75,9.86,117926,126673.82053,1.0
2022-10-26,9.9,10.06,9.79,9.97,78170,83664.56298999999,1.0
2022-10-27,9.98,10.22,9.97,10.04,53076,57641.40864,1.0
2022-10-28,10.05,10.31,9.77,9.82,98514,106146.3944,1.0
2022-10-31,9.19,9.23,8.76,8.76,188582,181981.38797,1.0
2022-11-01,8.67,8.82,8.56,8.75,149496,141165.82544,1.0
2022-11-02,8.68,8.85,8.65,8.79,118748,113096.35343999999,1.0
2022-11-03,8.71,8.85,8.66,8.7,88841,84501.64779999999,1.0
2022-11-04,8.74,9.31,8.69,9.23,178971,175866.69185,1.0
2022-11-07,9.21,9.48,9.17,9.3,103999,104947.10178,1.0
2022-11-08,9.29,9.35,9.09,9.21,71067,70677.57576,1.0
2022-11-09,9.22,9.32,9.21,9.28,40529,40636.23881,1.0
2022-11-10,9.21,9.27,9.09,9.2,41129,40962.33638,1.0
2022-11-11,9.38,9.47,9.29,9.32,77036,78141.62969,1.0
2022-11-14,9.35,9.55,9.26,9.32,69170,70298.10985,1.0
2022-11-15,9.28,9.45,9.21,9.43,69430,70378.47949,1.0
2022-11-16,9.48,9.51,9.32,9.36,63776,64668.61843,1.0
2022-11-17,9.36,9.45,9.21,9.4,70635,71537.38084999999,1.0
2022-11-18,9.39,9.43,9.24,9.25,60465,61075.12751,1.0
2022-11-21,9.19,9.36,9.05,9.35,53305,53404.367170000005,1.0
2022-11-22,9.31,9.56,9.27,9.4,75425,76711.48674,1.0
2022-11-23,9.43,9.74,9.39,9.59,98259,102004.92895,1.0
2022-11-24,9.61,9.65,9.41,9.51,59424,61075.25377,1.0
2022-11-25,9.49,9.62,9.41,9.5,58149,59811.06299,1.0
2022-11-28,9.39,9.63,9.29,9.58,53749,55059.94642,1.0
2022-11-29,9.57,9.72,9.54,9.68,64198,66891.174,1.0
2022-11-30,9.7,9.79,9.59,9.62,55472,58017.53684,1.0
2022-12-01,9.72,9.77,9.58,9.61,59636,62181.295600000005,1.0
2022-12-02,9.65,9.67,9.53,9.64,51155,53048.36731,1.0
2022-12-05,9.67,9.9,9.65,9.86,69478,73439.85482,1.0
2022-12-06,9.93,9.93,9.73,9.79,50266,53121.61947,1.0
2022-12-07,9.78,9.86,9.66,9.76,47591,50097.77304,1.0
2022-12-08,9.77,9.92,9.7,9.85,51470,54553.98292,1.0
2022-12-09,9.85,9.9,9.68,9.83,55950,58977.409369999994,1.0
2022-12-12,9.79,9.83,9.67,9.69,41357,43400.870780000005,1.0
2022-12-13,9.66,9.87,9.66,9.74,46223,48810.03332,1.0
2022-12-14,9.72,9.82,9.63,9.66,40023,41841.31948,1.0
2022-12-15,9.65,9.71,9.56,9.6,41695,43260.08239,1.0
2022-12-16,9.53,9.63,9.46,9.52,45033,46354.35254,1.0
2022-12-19,9.52,9.56,8.96,9.0,92346,91673.11156,1.0
2022-12-20,9.03,9.11,8.91,9.06,51345,50236.250799999994,1.0
2022-12-21,9.1,9.12,8.94,8.97,30946,30308.665399999998,1.0
2022-12-22,9.0,9.11,8.64,8.71,60647,58216.66357,1.0
2022-12-23,8.67,8.8,8.59,8.68,41762,39498.131,1.0
2022-12-26,8.66,8.72,8.61,8.7,41081,38763.46636,1.0
2022-12-27,8.72,8.8,8.7,8.78,45253,43118.575,1.0
2022-12-28,8.74,8.81,8.63,8.66,34434,32576.3704,1.0
2022-12-29,8.66,8.66,8.53,8.59,34064,31899.27776,1.0
2022-12-30,8.73,8.73,8.56,8.7,34794,32782.4662,1.0
2023-01-03,8.72,8.89,8.69,8.83,47748,45711.94046,1.0
2023-01-04,8.81,9.06,8.81,8.98,52771,51437.256380000006,1.0
2023-01-05,9.03,9.04,8.92,8.97,39728,38691.90919,1.0
2023-01-06,8.97,9.11,8.93,9.01,45124,44180.14083,1.0
2023-01-09,8.99,9.08,8.91,8.93,36957,36014.5159,1.0
2023-01-10,8.96,8.96,8.82,8.87,31306,30138.29452,1.0
2023-01-11,8.89,8.9,8.79,8.81,23865,22941.99625,1.0
2023-01-12,8.8,8.85,8.71,8.75,25807,24615.460600000002,1.0
2023-01-13,8.76,9.06,8.73,9.01,66238,64454.476200000005,1.0
2023-01-16,8.99,9.1,8.93,9.08,40624,39859.164939999995,1.0
2023-01-17,9.06,9.15,8.94,9.06,36380,35690.644,1.0
2023-01-18,9.06,9.11,9.04,9.09,25468,25079.8677,1.0
2023-01-19,9.07,9.16,9.02,9.15,24026,23730.73365,1.0
2023-01-20,9.16,9.3,9.12,9.29,37815,37872.23302,1.0
2023-01-30,9.45,9.53,9.34,9.38,61990,63230.37464,1.0
2023-01-31,9.35,9.67,9.35,9.62,69705,72165.18062999999,1.0
2023-02-01,9.61,9.67,9.53,9.65,51071,52922.7015,1.0
2023-02-02,9.64,9.7,9.57,9.59,41043,42648.06226,1.0
2023-02-03,9.56,9.64,9.44,9.59,52580,54202.86751,1.0
2023-02-06,9.6,9.78,9.51,9.68,58471,61199.837020000006,1.0
2023-02-07,9.64,9.84,9.63,9.83,48514,51118.76034,1.0
2023-02-08,9.85,9.9,9.71,9.73,41077,43403.00969,1.0
2023-02-09,9.71,9.84,9.64,9.81,40939,43176.46071,1.0
2023-02-10,9.79,10.06,9.79,9.98,76139,81696.86712000001,1.0
2023-02-13,10.01,10.12,9.94,10.01,53721,57968.34938,1.0
2023-02-14,10.01,10.09,9.94,10.0,37435,40296.8754,1.0
2023-02-15,10.05,10.09,9.88,9.91,48717,52283.13101,1.0
2023-02-16,9.9,9.98,9.6,9.67,71142,75296.24593,1.0
2023-02-17,9.69,9.95,9.69,9.74,56471,59674.825979999994,1.0
2023-02-20,9.81,10.08,9.69,10.06,86895,93398.78663,1.0
2023-02-21,10.09,10.13,9.96,10.12,59040,63932.97468,1.0
2023-02-22,10.11,10.33,10.07,10.26,66578,73207.1375,1.0
2023-02-23,10.22,10.26,10.03,10.08,56668,61730.76132,1.0
2023-02-24,10.22,10.3,10.08,10.18,59354,65019.60119,1.0
2023-02-27,10.18,10.28,10.06,10.11,45697,49845.208770000005,1.0
2023-02-28,10.16,10.17,9.93,10.1,54737,59157.81301,1.0
2023-03-01,10.11,10.25,10.07,10.21,44634,48870.3082,1.0
2023-03-02,10.23,10.3,10.15,10.22,40201,44263.53148,1.0
2023-03-03,10.23,10.39,10.21,10.33,46326,51317.19485,1.0
2023-03-06,10.32,10.42,10.26,10.3,42258,46867.33767,1.0
2023-03-07,10.32,10.37,10.05,10.1,61954,68052.9137,1.0
2023-03-08,10.15,10.35,10.06,10.31,64505,71029.37255,1.0
2023-03-09,10.31,10.36,10.12,10.18,50895,55739.026600000005,1.0
2023-03-10,10.11,10.17,9.83,9.87,86697,93147.81883,1.0
2023-03-13,9.84,9.99,9.75,9.98,57349,61046.84646,1.0
2023-03-14,9.92,9.97,9.65,9.72,51446,54301.9358,1.0
2023-03-15,9.74,10.3,9.73,10.2,78624,85449.54394,1.0
2023-03-16,10.21,10.25,9.85,9.95,58412,63182.72063,1.0
2023-03-17,10.01,10.31,10.0,10.11,73744,80745.00015,1.0
2023-03-20,10.1,10.23,9.91,9.94,63384,68606.9912,1.0
2023-03-21,10.02,10.1,9.94,10.1,49291,53172.73562,1.0
2023-03-22,10.13,10.22,10.07,10.16,49757,54331.53669,1.0
2023-03-23,10.16,10.67,10.13,10.51,122936,138388.31767,1.0
2023-03-24,10.51,10.57,10.01,10.02,150712,165286.76673,1.0
2023-03-27,10.0,10.05,9.73,9.84,101414,107568.68166,1.0
2023-03-28,9.84,9.95,9.83,9.85,45885,48903.925,1.0
2023-03-29,9.86,10.33,9.86,9.98,98327,106574.2587,1.0
2023-03-30,10.01,10.22,9.86,10.0,92764,99947.12673999999,1.0
2023-03-31,9.98,10.22,9.94,10.19,68714,74984.79992,1.0
2023-04-03,10.21,10.48,10.21,10.26,76589,84904.89959999999,1.0
2023-04-04,10.23,10.47,10.21,10.4,75491,84162.55906999999,1.0
2023-04-06,10.38,10.4,10.23,10.36,62082,68839.21348,1.0
2023-04-07,10.37,10.37,10.23,10.27,47037,51969.34721,1.0
2023-04-10,10.27,10.27,10.06,10.11,61672,67247.86020000001,1.0
2023-04-11,10.12,10.19,9.97,10.18,48172,52270.45315,1.0
2023-04-12,10.18,10.35,10.14,10.2,60669,66804.49954,1.0
2023-04-13,10.21,10.3,10.09,10.21,41997,46016.41744,1.0
2023-04-14,10.23,10.3,10.08,10.28,51450,56470.05617,1.0
2023-04-17,10.24,10.64,10.24,10.58,99678,112182.75018999999,1.0
2023-04-18,10.62,10.9,10.54,10.82,121346,139816.10048,1.0
2023-04-19,10.89,10.96,10.73,10.86,78849,91418.49113,1.0
2023-04-20,10.85,11.1,10.8,11.03,80747,94808.96368,1.0
2023-04-21,11.08,11.08,10.7,10.71,96939,112617.46149,1.0
2023-04-24,10.48,10.64,10.21,10.4,137134,152755.15795,1.0
2023-04-25,10.43,10.61,10.28,10.5,90750,101782.9838,1.0
2023-04-26,10.39,10.73,10.29,10.59,67822,76876.6523,1.0
2023-04-27,10.67,11.02,10.44,10.91,113285,130921.18811,1.0
2023-04-28,10.88,11.09,10.74,11.0,82674,96721.21845999999,1.0
2023-05-04,11.7,12.18,11.69,12.18,103041,131849.57043000002,1.0
2023-05-05,12.93,13.27,12.47,12.98,454844,617807.89924,1.0
2023-05-08,13.24,14.36,13.09,14.36,479871,705867.86794,1.0
2023-05-09,14.23,14.67,13.83,13.91,397508,595117.2774400001,1.0
2023-05-10,13.91,14.03,13.48,13.84,201568,291790.29917,1.0
2023-05-11,13.73,13.83,13.16,13.25,164008,232788.41131,1.0
2023-05-12,13.37,13.56,13.03,13.07,129053,181296.59724,1.0
2023-05-15,13.14,13.32,12.83,13.16,149025,206178.53275,1.0
2023-05-16,13.15,13.21,12.66,12.69,131096,177823.35272999998,1.0
2023-05-17,12.61,12.92,12.56,12.78,81752,110625.38862,1.0
2023-05-18,12.79,12.98,12.71,12.78,60143,81720.59714,1.0
2023-05-19,12.79,12.79,12.52,12.63,79043,105797.87155,1.0
2023-05-22,12.61,12.87,12.52,12.65,76695,103297.8272,1.0
2023-05-23,12.65,12.81,12.59,12.63,63059,84864.91545,1.0
2023-05-24,12.56,12.65,12.29,12.35,100433,132434.40761,1.0
2023-05-25,12.46,12.51,12.21,12.48,82588,108528.71747,1.0
2023-05-26,12.52,12.78,12.33,12.66,83087,110948.87992,1.0
2023-05-29,12.59,12.72,12.52,12.53,67069,89685.17846,1.0
2023-05-30,12.47,12.98,12.47,12.78,102701,138913.76479,1.0
2023-05-31,12.76,12.9,12.54,12.56,68044,91261.92665000001,1.0
2023-06-01,12.67,12.91,12.38,12.65,104247,139775.72529,1.0
2023-06-02,12.71,12.88,12.65,12.8,61202,82920.68656,1.0
2023-06-05,12.9,13.15,12.83,13.12,87446,120468.2677,1.0
2023-06-06,13.08,13.11,12.64,12.65,74916,101897.1405,1.0
2023-06-07,12.65,12.98,12.63,12.88,60418,82166.31248000001,1.0
2023-06-08,12.85,13.2,12.75,13.09,69032,94908.19323,1.0
2023-06-09,13.19,13.26,12.83,12.98,62031,85156.32681,1.0
2023-06-12,12.95,13.07,12.84,12.84,61911,84786.8645,1.0
2023-06-13,12.9,12.96,12.68,12.88,55096,74942.63515,1.0
2023-06-14,12.96,13.21,12.49,12.6,76011,102558.66975,1.0
2023-06-15,12.62,12.65,12.38,12.5,65381,86673.97382,1.0
2023-06-16,12.47,12.72,12.47,12.51,53774,71889.12912,1.0
2023-06-19,12.61,12.61,12.28,12.32,60950,80061.37867,1.0
2023-06-20,12.28,12.28,11.77,12.13,117331,150593.47615,1.0
2023-06-21,12.13,12.31,11.94,11.99,67931,87358.02253,1.0
2023-06-26,12.11,12.42,12.0,12.13,94134,122332.64902,1.0
2023-06-27,12.16,12.49,12.14,12.4,59124,77685.21355,1.0
2023-06-28,12.36,12.73,12.27,12.69,64263,85333.6717,1.0
2023-06-29,12.69,12.91,12.6,12.78,55787,75604.15425,1.0
2023-06-30,12.78,12.87,12.51,12.54,53846,72313.75382,1.0
2023-07-03,12.51,12.71,12.5,12.64,58069,77737.59883,1.0
2023-07-04,12.67,12.71,12.43,12.46,58681,78027.595,1.0
2023-07-05,12.48,12.57,12.39,12.41,33904,44875.074380000005,1.0
2023-07-06,12.4,12.46,12.21,12.23,40707,53232.957310000005,1.0
2023-07-07,12.27,12.54,12.27,12.52,52645,68606.2686,1.0
2023-07-10,12.5,12.74,12.45,12.53,38207,50298.62049,1.0
2023-07-11,12.52,12.63,12.36,12.42,38389,50044.8685,1.0
2023-07-12,12.47,12.47,12.15,12.19,45414,58689.404729999995,1.0
2023-07-13,12.19,12.41,12.17,12.36,35449,45850.01722,1.0
2023-07-14,12.36,12.44,12.25,12.27,31393,40616.040329999996,1.0
2023-07-17,12.22,12.54,12.12,12.54,52370,68174.38472,1.0
2023-07-18,12.52,12.58,12.34,12.56,43948,57493.300200000005,1.0
2023-07-19,12.6,13.18,12.59,12.81,108539,146294.05771000002,1.0
2023-07-20,12.81,12.99,12.24,12.25,91099,119649.67608,1.0
2023-07-21,12.2,12.41,12.08,12.26,52949,68304.52687,1.0
2023-07-24,12.38,12.39,12.25,12.33,35579,46042.45972,1.0
2023-07-25,12.4,12.5,12.29,12.35,45038,58442.915649999995,1.0
2023-07-26,12.34,12.64,12.3,12.46,65195,85405.1092,1.0
2023-07-27,12.43,12.46,11.95,11.97,101060,128620.87373,1.0
2023-07-28,11.92,12.17,11.87,12.09,47754,60417.7295,1.0
2023-07-31,12.14,12.5,12.1,12.41,68376,88777.62542,1.0
2023-08-01,12.37,12.44,12.17,12.36,50410,65018.27575,1.0
2023-08-02,12.37,12.46,12.27,12.4,41219,53463.85065,1.0
2023-08-03,12.37,12.41,12.23,12.32,35787,46238.79442,1.0
2023-08-04,12.39,12.5,12.23,12.28,43039,55840.244,1.0
2023-08-07,12.21,12.25,11.9,12.03,54904,69307.56714,1.0
2023-08-08,12.02,12.04,11.8,11.84,48688,60824.3122,1.0
2023-08-09,11.84,11.92,11.78,11.82,35629,44328.711200000005,1.0
2023-08-10,11.76,11.86,11.68,11.84,45901,56792.43914,1.0
2023-08-11,11.82,11.84,11.57,11.59,46285,56851.79889,1.0
2023-08-14,11.54,11.67,11.43,11.63,37567,45618.522600000004,1.0
2023-08-15,11.69,11.81,11.62,11.71,35009,43182.14758,1.0
2023-08-16,11.69,11.82,11.62,11.74,34458,42492.04153,1.0
2023-08-17,11.66,11.92,11.51,11.89,56000,69072.88464,1.0
2023-08-18,11.86,12.15,11.81,11.96,61161,77255.57224,1.0
2023-08-21,11.99,12.24,11.9,12.09,69428,88281.52149,1.0
2023-08-22,12.1,12.14,11.89,12.11,63131,79629.42764,1.0
2023-08-23,11.99,12.29,11.97,12.15,62260,79546.92397,1.0
2023-08-24,11.4,11.49,10.87,10.87,199671,230331.71899000002,1.0
2023-08-25,10.67,10.91,10.52,10.73,169875,192536.25605000003,1.0
2023-08-28,11.15,11.36,10.87,10.92,175147,206245.50404,1.0
2023-08-29,10.94,11.04,10.66,10.75,149246,170223.03780000002,1.0
2023-08-30,10.76,10.83,10.39,10.5,147414,164703.77169,1.0
2023-08-31,10.49,10.56,10.32,10.35,79992,87992.48756000001,1.0
2023-09-01,10.37,10.51,10.35,10.43,68720,75876.25984,1.0
2023-09-04,10.42,10.73,10.42,10.7,96114,108231.98404000001,1.0
2023-09-05,10.7,10.7,10.45,10.54,71028,79085.46263,1.0
2023-09-06,10.49,10.53,10.4,10.52,41221,45669.494829999996,1.0
2023-09-07,10.5,10.5,10.35,10.37,47264,52101.2255,1.0
2023-09-08,10.37,10.46,10.35,10.42,33100,36482.67565,1.0
2023-09-11,10.46,10.57,10.37,10.53,58606,64964.08255,1.0
2023-09-12,10.49,10.63,10.46,10.6,43332,48447.94456,1.0
2023-09-13,10.56,10.8,10.55,10.63,61849,69727.35789,1.0
2023-09-14,10.62,10.67,10.56,10.64,35754,40117.176490000005,1.0
2023-09-15,10.62,10.81,10.62,10.69,57918,65635.12175,1.0
2023-09-18,10.66,10.69,10.51,10.59,48956,54728.481,1.0
2023-09-19,10.57,10.75,10.56,10.64,45454,51185.14575,1.0
2023-09-20,10.66,10.66,10.54,10.61,33635,37730.562,1.0
2023-09-21,10.61,10.66,10.46,10.48,35203,39251.13674,1.0
2023-09-22,10.48,10.6,10.44,10.6,42682,47541.40868,1.0
2023-09-25,10.64,10.65,10.49,10.56,37559,41992.30404,1.0
2023-09-26,10.54,10.57,10.48,10.49,29009,32292.933579999997,1.0
2023-09-27,10.47,10.55,10.45,10.49,34192,37940.1321,1.0
2023-09-28,10.53,10.57,10.5,10.53,34318,38235.77,1.0
2023-10-09,10.52,10.56,10.38,10.45,44101,48729.77705,1.0
2023-10-10,10.47,10.51,10.18,10.22,68523,74537.24295999999,1.0
2023-10-11,10.24,10.32,10.17,10.21,42593,46239.15606,1.0
2023-10-12,10.24,10.35,10.24,10.3,41827,45592.71484,1.0
2023-10-13,10.3,10.3,10.04,10.08,47292,50655.71335,1.0
2023-10-16,10.08,10.18,10.0,10.13,38764,41497.18888,1.0
2023-10-17,10.17,10.17,10.06,10.08,25224,27019.17599,1.0
2023-10-18,10.08,10.1,9.89,9.89,34878,36872.2325,1.0
2023-10-19,9.84,9.97,9.81,9.82,28679,30085.24104,1.0
2023-10-20,9.82,9.94,9.79,9.83,32261,33775.72169,1.0
2023-10-23,9.78,9.79,9.52,9.58,46677,47834.70254,1.0
2023-10-24,9.57,9.79,9.57,9.75,43913,45394.277310000005,1.0
2023-10-25,9.9,10.04,9.89,9.93,51085,54067.31384,1.0
2023-10-26,9.89,10.1,9.81,10.08,47254,49872.11333,1.0
2023-10-27,10.02,10.23,10.0,10.17,47947,51569.336200000005,1.0
2023-10-30,10.42,10.49,10.26,10.28,97560,106790.05741,1.0
2023-10-31,10.26,10.4,10.2,10.38,42279,46163.1991,1.0
2023-11-01,10.37,10.4,10.28,10.35,29141,31921.85527,1.0
2023-11-02,10.32,10.35,10.22,10.25,40899,44492.11208,1.0
2023-11-03,10.26,10.36,10.24,10.24,32390,35348.15829,1.0
2023-11-06,10.28,10.41,10.27,10.4,44222,48447.08771,1.0
2023-11-07,10.37,10.4,10.19,10.32,38300,41754.12449,1.0
2023-11-08,10.35,10.42,10.3,10.35,37537,41178.17479999999,1.0
2023-11-09,10.32,10.53,10.32,10.44,38881,42976.2645,1.0
2023-11-10,10.43,10.44,10.26,10.37,28300,30943.579,1.0
2023-11-13,10.37,10.46,10.3,10.45,39161,43091.124200000006,1.0
2023-11-14,10.43,10.46,10.37,10.45,28338,31256.5182,1.0
2023-11-15,10.51,10.51,10.39,10.46,31147,34412.709,1.0
2023-11-16,10.47,10.47,10.37,10.4,27259,30064.9566,1.0
2023-11-17,10.39,10.43,10.33,10.4,24351,26743.778,1.0
2023-11-20,10.39,10.44,10.38,10.4,23444,25829.033600000002,1.0
2023-11-21,10.44,10.57,10.44,10.51,45124,50194.847299999994,1.0
2023-11-22,10.47,10.56,10.45,10.52,33309,37038.216,1.0
2023-11-23,10.48,10.53,10.38,10.52,37332,41317.624200000006,1.0
2023-11-24,10.54,10.57,10.47,10.5,32077,35656.10906,1.0
2023-11-27,10.5,10.54,10.32,10.43,40146,44230.5662,1.0
2023-11-28,10.44,10.51,10.4,10.47,33426,36986.29488,1.0
2023-11-29,10.49,10.51,10.36,10.39,35329,38982.098840000006,1.0
2023-11-30,10.41,10.5,10.33,10.41,44964,49591.112,1.0
2023-12-01,10.43,10.55,10.39,10.47,43921,48737.4978,1.0
2023-12-04,10.53,10.75,10.48,10.72,69211,77973.9055,1.0
2023-12-05,10.68,10.68,10.38,10.39,60458,67157.43028,1.0
2023-12-06,10.38,10.38,10.21,10.32,47652,52040.65204,1.0
2023-12-07,10.32,10.36,10.21,10.31,32689,35587.4646,1.0
2023-12-08,10.31,10.39,10.21,10.24,39705,43386.39474,1.0
2023-12-11,10.2,10.27,10.02,10.27,43899,47210.3376,1.0
2023-12-12,10.24,10.38,10.2,10.38,33293,36333.49654,1.0
2023-12-13,10.38,10.58,10.35,10.49,56000,62268.127,1.0
2023-12-14,10.54,10.75,10.5,10.64,53562,60238.3012,1.0
2023-12-15,10.66,10.72,10.6,10.67,39211,44108.22452,1.0
2023-12-18,10.69,10.75,10.49,10.52,61050,68549.0534,1.0
2023-12-19,10.5,10.57,10.32,10.42,47377,52135.02225,1.0
2023-12-20,10.39,10.6,10.38,10.46,41667,46259.86004,1.0
2023-12-21,10.4,10.5,10.3,10.47,43876,48318.29498,1.0
2023-12-22,10.55,10.62,10.38,10.54,47867,53193.3741,1.0
2023-12-25,10.53,10.53,10.17,10.32,67043,73205.47709999999,1.0
2023-12-26,10.38,10.45,10.27,10.31,41341,45375.76713,1.0
2023-12-27,10.34,10.48,10.22,10.46,30463,33321.406800000004,1.0
2023-12-28,10.4,10.74,10.4,10.66,55718,62730.04685,1.0
2023-12-29,10.68,10.81,10.62,10.73,45903,51962.9598,1.0
2024-01-02,10.73,10.97,10.68,10.85,55145,63329.24627,1.0
2024-01-03,10.88,10.89,10.74,10.88,39251,44816.86618,1.0
2024-01-04,10.91,10.95,10.77,10.89,32145,36853.99674,1.0
2024-01-05,10.84,11.01,10.78,10.8,53101,60891.90252,1.0
2024-01-08,10.77,10.94,10.69,10.7,43450,49613.22682,1.0
2024-01-09,10.77,10.88,10.69,10.88,49574,56518.37616,1.0
2024-01-10,10.87,10.88,10.68,10.68,43970,50045.4931,1.0
2024-01-11,10.7,10.77,10.64,10.69,46849,52998.89289,1.0
2024-01-12,11.01,11.21,10.88,10.9,130444,152052.39422999998,1.0
2024-01-15,10.88,10.92,10.76,10.83,55370,63365.439,1.0
2024-01-16,10.89,10.9,10.61,10.76,56856,64550.978579999995,1.0
2024-01-17,10.74,10.83,10.49,10.5,43120,48651.8575,1.0
2024-01-18,10.42,10.5,9.96,10.27,80685,87041.02348999999,1.0
2024-01-19,10.24,10.37,10.15,10.22,46885,51065.30064,1.0
2024-01-22,10.27,10.31,9.7,9.79,66853,71232.99236,1.0
2024-01-23,9.74,10.46,9.62,10.31,84391,89592.99751999999,1.0
2024-01-24,10.29,10.75,10.29,10.71,86359,96055.24882,1.0
2024-01-25,10.71,10.93,10.65,10.92,80519,92348.9569,1.0
2024-01-26,10.94,11.03,10.84,10.92,47450,54796.075450000004,1.0
2024-01-29,10.88,11.03,10.77,10.79,54902,63145.4536,1.0
2024-01-30,10.8,10.93,10.68,10.74,54845,62622.696729999996,1.0
2024-01-31,10.67,10.77,10.25,10.37,71916,80069.97753,1.0
2024-02-01,10.3,10.35,9.94,10.13,56901,61280.1434,1.0
2024-02-02,10.11,10.23,9.32,9.66,98878,102616.66073,1.0
2024-02-05,9.53,9.81,8.88,9.56,133440,132638.75685,1.0
2024-02-06,9.4,10.43,9.36,10.16,115943,121462.29293000001,1.0
2024-02-07,10.16,10.52,10.1,10.45,98036,107702.40039,1.0
2024-02-08,10.49,10.81,10.45,10.56,98240,110809.83734999999,1.0
2024-02-19,10.67,10.74,10.52,10.63,73340,82274.19176,1.0
2024-02-20,10.62,10.63,10.46,10.58,59590,66585.05776,1.0
2024-02-21,10.56,11.02,10.54,10.75,92291,105320.65896,1.0
2024-02-22,10.71,10.86,10.61,10.85,51082,57992.8012,1.0
2024-02-23,10.85,11.11,10.69,11.09,77407,89173.05345,1.0
2024-02-26,11.05,11.06,10.81,10.88,62650,72207.09695,1.0
2024-02-27,10.84,11.26,10.79,11.19,68533,80336.47219,1.0
2024-02-28,11.21,11.33,10.86,10.86,76146,89137.51351,1.0
2024-02-29,10.8,11.25,10.76,11.19,73121,85439.58362,1.0
2024-03-01,11.23,11.27,11.05,11.2,48634,57135.39135,1.0
2024-03-04,11.21,11.21,11.0,11.1,44163,51650.79264,1.0
2024-03-05,11.08,11.1,10.93,11.05,53288,61970.9942,1.0
2024-03-06,11.06,11.32,11.06,11.13,54234,63840.4479,1.0
2024-03-07,11.14,11.28,11.09,11.12,40734,47960.95177,1.0
2024-03-08,11.11,11.4,11.06,11.38,72541,86213.50692,1.0
2024-03-11,11.64,12.13,11.54,11.99,177128,220291.90743000002,1.0
2024-03-12,12.1,12.54,11.72,12.05,188928,239484.47652,1.0
2024-03-13,11.98,11.99,11.64,11.7,120900,149425.93456,1.0
2024-03-14,11.72,12.93,11.66,12.53,347078,462955.13267,1.0
2024-03-15,12.75,12.99,12.3,12.6,256242,338945.48585,1.0
2024-03-18,12.61,13.05,12.56,12.59,196630,262621.24778,1.0
2024-03-19,12.55,12.57,12.27,12.28,122751,159450.27114,1.0
2024-03-20,12.24,12.37,12.06,12.22,102104,130688.23187,1.0
2024-03-21,12.19,12.33,12.07,12.21,76291,97622.76265,1.0
2024-03-22,12.11,12.12,11.81,11.89,91387,114452.39995,1.0
2024-03-25,11.84,12.2,11.8,11.95,81470,103280.931,1.0
2024-03-26,11.91,12.04,11.83,11.98,59944,75168.29290999999,1.0
2024-03-27,11.94,12.11,11.67,11.68,74582,93380.29776,1.0
2024-03-28,11.69,11.82,11.61,11.71,73574,90629.46763,1.0
2024-03-29,11.72,12.04,11.71,11.94,84053,105106.13561,1.0
2024-04-01,11.95,12.3,11.94,12.29,79368,101491.37518,1.0
2024-04-02,12.27,12.3,12.0,12.07,66141,84101.57925,1.0
2024-04-03,12.04,12.11,11.84,12.1,68762,86626.44919,1.0
2024-04-08,12.06,12.44,11.99,12.13,99802,128186.32127,1.0
2024-04-09,12.09,12.42,12.0,12.28,75131,96556.20479,1.0
2024-04-10,12.24,12.4,11.99,12.08,71904,92039.16305,1.0
2024-04-11,12.02,12.47,11.91,12.44,96042,124029.37712,1.0
2024-04-12,12.4,12.6,12.31,12.48,79575,104020.37318000001,1.0
2024-04-15,12.57,12.82,12.11,12.78,121914,161300.92003,1.0
2024-04-16,12.71,12.74,12.1,12.15,119884,155485.34939,1.0
2024-04-17,12.32,12.7,12.22,12.7,93893,123041.02947,1.0
2024-04-18,12.59,12.93,12.52,12.54,96855,128908.77818000001,1.0
2024-04-19,12.51,12.81,12.47,12.7,68424,90693.89104999999,1.0
2024-04-22,12.7,12.94,12.58,12.58,79625,106371.32646,1.0
2024-04-23,12.6,12.66,12.29,12.29,64100,83556.23251999999,1.0
2024-04-24,12.27,12.53,12.27,12.53,55452,72239.37398,1.0
2024-04-25,12.54,12.69,12.47,12.51,45041,59392.40833,1.0
2024-04-26,12.4,12.5,11.55,12.03,144042,180677.86471,1.0
2024-04-29,11.21,11.65,11.11,11.61,172373,206851.70195,1.0
2024-04-30,11.69,11.84,11.55,11.7,113470,139451.52391999998,1.0
2024-05-06,11.77,12.47,11.68,12.45,126175,160683.15011000002,1.0
2024-05-07,12.38,12.59,12.31,12.52,72123,94134.4435,1.0
2024-05-08,12.52,12.62,12.32,12.33,64514,84532.06948,1.0
2024-05-09,12.31,12.62,12.25,12.34,89654,117071.0918,1.0
2024-05-10,12.3,12.31,11.76,11.84,97312,122042.21764,1.0
2024-05-13,11.82,12.28,11.76,12.14,79050,99927.8717,1.0
2024-05-14,12.1,12.23,12.01,12.09,47843,60896.24561,1.0
2024-05-15,12.06,12.15,11.84,11.84,38491,48253.607,1.0
2024-05-16,11.85,12.11,11.77,11.78,39236,49192.192,1.0
2024-05-17,11.92,12.0,11.63,11.88,44391,54999.227399999996,1.0
2024-05-20,12.03,12.53,11.85,12.39,133168,170815.65544,1.0
2024-05-21,12.33,12.44,12.06,12.11,72789,93402.54594,1.0
2024-05-22,12.06,12.25,12.06,12.17,41043,52377.545,1.0
2024-05-23,12.14,12.19,11.65,11.72,59014,73299.44106,1.0
2024-05-24,11.68,11.91,11.64,11.76,47565,58978.85258,1.0
2024-05-27,11.75,11.92,11.68,11.9,45010,55859.9052,1.0
2024-05-28,11.92,11.95,11.66,11.72,33503,41517.9335,1.0
2024-05-29,11.67,11.83,11.63,11.78,26371,32635.31006,1.0
2024-05-30,11.75,11.87,11.69,11.75,28644,35485.20682,1.0
2024-05-31,11.74,11.8,11.51,11.53,40240,49205.936,1.0
2024-06-03,11.5,11.52,11.15,11.23,63504,75507.09818,1.0
2024-06-04,11.17,11.31,11.02,11.29,57845,68026.20461,1.0
2024-06-05,11.25,11.32,11.08,11.08,54067,63831.554,1.0
2024-06-06,11.09,11.15,10.69,10.79,51371,59021.082700000006,1.0
2024-06-07,10.8,11.11,10.79,11.08,39816,46087.36685,1.0
2024-06-11,11.07,11.09,10.76,10.95,39619,45615.673,1.0
2024-06-12,10.82,10.96,10.72,10.87,40973,46952.55436,1.0
2024-06-13,10.87,10.89,10.66,10.69,35747,40487.28788,1.0
2024-06-14,10.71,10.77,10.6,10.69,29752,33667.48448,1.0
2024-06-17,10.66,10.8,10.58,10.7,29888,33855.8785,1.0
2024-06-18,10.67,10.83,10.67,10.8,28922,32913.2474,1.0
2024-06-19,10.78,10.84,10.66,10.68,26881,30467.64811,1.0
2024-06-20,10.69,10.71,10.43,10.47,30815,34349.503,1.0
2024-06-21,10.42,10.81,10.42,10.79,38842,43973.0755,1.0
2024-06-24,10.74,10.78,10.37,10.45,44355,49343.9911,1.0
2024-06-25,10.46,10.78,10.44,10.75,39453,44520.412899999996,1.0
2024-06-26,10.8,10.93,10.66,10.89,34617,39487.2387,1.0
2024-06-27,10.85,11.21,10.82,11.13,69349,80766.92958,1.0
2024-06-28,11.1,11.66,11.08,11.56,75543,90317.5138,1.0
2024-07-01,11.5,11.61,11.38,11.57,45562,55179.42754,1.0
2024-07-02,11.57,11.84,11.51,11.78,46224,56771.5025,1.0
2024-07-03,11.7,11.87,11.6,11.64,43430,53588.60836,1.0
2024-07-04,11.59,11.76,11.39,11.49,37396,45492.84796,1.0
2024-07-05,11.42,11.64,11.41,11.64,32789,39744.8876,1.0
2024-07-08,11.54,11.61,11.33,11.34,32016,38657.39292,1.0
2024-07-09,11.3,11.54,11.15,11.51,33548,40246.76298,1.0
2024-07-10,11.47,11.56,11.24,11.32,33763,40486.27309,1.0
2024-07-11,11.49,11.57,11.4,11.44,28521,33700.05693,1.0
2024-07-12,11.39,11.61,11.36,11.58,23700,28208.399,1.0
2024-07-15,11.56,11.56,11.38,11.49,20121,23744.26153,1.0
2024-07-16,11.49,11.52,11.23,11.3,25052,29283.2002,1.0
2024-07-17,11.33,11.36,11.13,11.22,22650,26175.102,1.0
2024-07-18,11.12,11.27,11.01,11.24,18641,21457.2236,1.0
2024-07-19,11.18,11.25,11.03,11.18,18371,21151.4944,1.0
2024-07-22,11.17,11.17,10.97,11.04,21001,23946.657199999998,1.0
2024-07-23,11.05,11.22,10.94,10.94,15639,17919.92786,1.0
2024-07-24,10.94,11.09,10.88,10.94,19804,22437.112,1.0
2024-07-25,10.89,11.09,10.87,11.04,12551,14277.7821,1.0
2024-07-26,11.08,11.17,11.0,11.03,13076,14965.29946,1.0
2024-07-29,11.08,11.19,10.93,11.1,14943,17050.584,1.0
2024-07-30,11.09,11.29,11.04,11.28,25373,29290.69932,1.0
2024-07-31,11.31,11.48,11.19,11.46,33365,39289.35443,1.0
2024-08-01,11.44,11.53,11.35,11.46,19979,23593.323,1.0
2024-08-02,11.46,11.46,11.19,11.21,28461,33177.37908,1.0
2024-08-05,11.13,11.36,11.03,11.04,21780,25166.372,1.0
2024-08-06,11.09,11.18,11.0,11.11,16797,19212.002,1.0
2024-08-07,11.0,11.12,10.93,11.0,18672,21221.3899,1.0
2024-08-08,11.0,11.13,10.9,11.1,18617,21206.2889,1.0
2024-08-09,11.1,11.26,11.04,11.04,17151,19753.09429,1.0
2024-08-12,11.14,11.27,11.07,11.16,20748,23899.197,1.0
2024-08-13,11.11,11.58,11.08,11.5,49476,58256.05361,1.0
2024-08-14,11.5,11.6,11.41,11.45,30384,36073.467,1.0
2024-08-15,11.48,11.53,11.34,11.38,28106,33080.95725,1.0
2024-08-16,11.39,11.45,11.2,11.27,25886,30203.282,1.0
2024-08-19,11.25,11.47,11.21,11.45,23683,27798.99,1.0
2024-08-20,11.46,11.46,11.25,11.33,23305,27209.033,1.0
2024-08-21,11.3,11.32,11.04,11.11,22769,26194.491,1.0
2024-08-22,10.86,10.93,10.54,10.57,62987,69675.54735,1.0
2024-08-23,10.51,10.94,10.51,10.89,44083,48740.776119999995,1.0
2024-08-26,10.82,10.93,10.68,10.76,20756,23104.8102,1.0
2024-08-27,10.84,10.84,10.67,10.77,19369,21527.31409,1.0
2024-08-28,10.71,10.8,10.57,10.59,23899,26378.36619,1.0
2024-08-29,10.55,10.73,10.54,10.69,20248,22275.148,1.0
2024-08-30,10.67,10.87,10.59,10.66,33014,36686.67462,1.0
2024-09-02,10.6,10.67,10.31,10.4,26836,29083.21646,1.0
2024-09-03,10.35,10.47,10.3,10.39,23552,25306.48938,1.0
2024-09-04,10.29,10.41,10.15,10.19,24070,25582.1207,1.0
2024-09-05,10.19,10.25,10.11,10.22,19563,20610.1102,1.0
2024-09-06,10.2,10.24,10.12,10.12,13126,13824.068,1.0
2024-09-09,10.13,10.24,10.07,10.21,22749,23913.7414,1.0
2024-09-10,10.21,10.23,9.95,10.1,19086,19891.9349,1.0
2024-09-11,10.05,10.21,10.02,10.17,17035,17878.699149999997,1.0
2024-09-12,10.17,10.37,10.11,10.3,27546,29288.39213,1.0
2024-09-13,10.33,10.59,10.28,10.5,28563,30939.4641,1.0
2024-09-18,10.48,10.5,10.3,10.44,14145,15211.17334,1.0
2024-09-19,10.51,10.64,10.39,10.44,22510,24420.3417,1.0
2024-09-20,10.44,10.46,10.22,10.27,19723,21040.17194,1.0
2024-09-23,10.24,10.31,10.18,10.26,16013,16981.16725,1.0
2024-09-24,10.26,10.68,10.26,10.68,44648,48719.5512,1.0
2024-09-25,10.72,10.96,10.7,10.74,37786,42339.155450000006,1.0
2024-09-26,10.79,11.18,10.7,11.17,35318,39840.108420000004,1.0
2024-09-27,11.38,11.62,11.19,11.56,57422,67523.32212000001,1.0
2024-09-30,11.79,12.51,11.72,12.29,127171,158489.54244999998,1.0
2024-10-08,13.5,13.52,12.42,12.84,156196,206985.86403,1.0
2024-10-09,12.64,12.64,11.71,11.76,103175,128737.8566,1.0
2024-10-10,11.84,12.26,11.77,12.01,62471,77608.1949,1.0
2024-10-11,12.11,12.2,11.66,11.76,54930,67581.13552,1.0
2024-10-14,12.2,12.32,11.96,12.25,62273,78052.9251,1.0
2024-10-15,12.23,12.23,11.86,11.87,46026,56975.37746,1.0
2024-10-16,11.84,12.18,11.77,12.08,44577,55314.573939999995,1.0
2024-10-17,12.09,12.17,11.64,11.65,60940,74276.388,1.0
2024-10-18,11.7,12.01,11.36,11.81,76822,92366.07215,1.0
2024-10-21,11.78,11.85,11.59,11.68,71310,85811.00211,1.0
2024-10-22,11.73,11.93,11.53,11.88,77771,93953.2252,1.0
2024-10-23,11.89,12.11,11.75,12.0,62831,77299.37189,1.0
2024-10-24,11.97,12.01,11.82,11.92,32880,40297.2442,1.0
2024-10-25,11.95,12.02,11.9,11.95,56916,70054.346,1.0
2024-10-28,11.95,12.21,11.83,12.19,74860,93096.43768999999,1.0
2024-10-29,12.17,12.17,11.77,11.91,76653,94221.89344,1.0
2024-10-30,12.4,13.14,12.4,12.83,328876,436223.64642,1.0
2024-10-31,12.91,13.39,12.76,13.1,241471,325352.60756,1.0
2024-11-01,12.94,13.1,12.62,12.72,124771,164130.74293,1.0
2024-11-04,12.66,12.87,12.66,12.77,75554,99096.8254,1.0
2024-11-05,12.77,12.89,12.71,12.87,102935,135678.51046000002,1.0
2024-11-06,12.95,12.95,12.71,12.86,76685,101126.38411,1.0
2024-11-07,12.79,13.81,12.73,13.71,157077,215136.12141999998,1.0
2024-11-08,13.77,14.29,13.5,13.75,133030,188236.38919,1.0
2024-11-11,13.74,14.01,13.52,13.69,104427,146802.59665,1.0
2024-11-12,13.66,13.87,13.46,13.6,84191,118102.38683,1.0
2024-11-13,13.5,13.73,13.34,13.55,54189,75254.94168,1.0
2024-11-14,13.62,13.66,13.1,13.15,66281,90933.7586,1.0
2024-11-15,13.08,13.57,13.04,13.22,92077,126239.10314,1.0
2024-11-18,13.32,13.79,13.24,13.41,97549,135434.48034,1.0
2024-11-19,13.51,13.84,13.36,13.79,96657,135437.75347,1.0
2024-11-20,13.75,13.75,13.55,13.67,67240,94176.88414,1.0
2024-11-21,13.71,14.42,13.71,14.31,144527,209767.67358,1.0
2024-11-22,14.15,14.19,13.11,13.24,157499,219600.81764,1.0
2024-11-25,13.3,13.37,12.84,13.02,85396,114624.15103000001,1.0
2024-11-26,13.02,13.22,12.95,13.02,52458,70517.90948,1.0
2024-11-27,12.95,13.24,12.74,13.23,67586,90172.864,1.0
2024-11-28,13.22,13.27,13.03,13.12,48502,65474.84152,1.0
2024-11-29,13.11,13.28,12.99,13.17,62667,84686.35484,1.0
2024-12-02,13.18,13.48,13.11,13.34,77231,105343.41495,1.0
2024-12-03,13.29,13.62,13.13,13.5,73703,101380.37378,1.0
2024-12-04,13.44,13.56,13.28,13.36,42639,58704.8904,1.0
2024-12-05,13.31,13.39,13.23,13.27,33213,45354.895619999996,1.0
2024-12-06,13.3,13.46,13.26,13.42,43848,60169.20784,1.0
2024-12-09,13.47,13.55,13.22,13.33,46948,64583.0262,1.0
2024-12-10,13.67,13.71,13.3,13.32,71323,98793.40232,1.0
2024-12-11,13.32,13.47,13.32,13.39,42156,58012.76766,1.0
2024-12-12,13.46,13.62,13.31,13.58,61048,84615.8838,1.0
2024-12-13,13.58,13.69,13.31,13.32,66258,91776.60139,1.0
2024-12-16,13.33,13.58,13.33,13.41,52109,71941.12838,1.0
2024-12-17,13.35,13.43,12.96,13.01,75516,102017.7057,1.0
2024-12-18,13.08,13.2,12.91,12.93,54593,73304.44711,1.0
2024-12-19,12.87,12.88,12.58,12.74,73698,96238.76494,1.0
2024-12-20,12.65,12.97,12.65,12.75,45382,59839.547,1.0
2024-12-23,12.75,12.89,12.57,12.61,49899,65349.16395,1.0
2024-12-24,12.59,12.87,12.59,12.86,42528,55926.80188,1.0
2024-12-25,12.9,12.99,12.69,12.94,41750,55153.22496,1.0
2024-12-26,12.89,13.01,12.84,12.86,34005,45106.2816,1.0
2024-12-27,12.85,13.06,12.81,13.04,37046,49372.38109,1.0
2024-12-30,13.04,13.07,12.89,13.01,36234,48387.124,1.0
2024-12-31,13.0,13.11,12.75,12.75,30708,40806.846,1.0
2025-01-02,12.75,12.89,12.26,12.39,60206,77936.36034,1.0
2025-01-03,12.4,12.65,12.14,12.2,54419,69350.1915,1.0
2025-01-06,12.14,12.37,12.03,12.28,47218,59403.401399999995,1.0
2025-01-07,12.27,12.31,12.01,12.12,53962,67332.8468,1.0
2025-01-08,12.04,12.12,11.8,12.03,48944,60358.3242,1.0
2025-01-09,11.95,12.07,11.86,11.98,30389,37502.34496,1.0
2025-01-10,11.95,12.01,11.77,11.79,30053,36864.67433,1.0
2025-01-13,11.74,11.81,11.63,11.77,30581,36915.4699,1.0
2025-01-14,11.76,12.12,11.72,12.09,40994,50529.722200000004,1.0
2025-01-15,12.09,12.22,12.05,12.18,29510,36856.595219999996,1.0
2025-01-16,12.19,12.37,12.12,12.18,35145,44349.9039,1.0
2025-01-17,12.12,12.26,12.07,12.22,22881,28687.624760000002,1.0
2025-01-20,12.22,12.37,12.18,12.27,29076,36780.148,1.0
2025-01-21,12.28,12.32,12.09,12.14,25112,31434.188100000003,1.0
2025-01-22,12.1,12.17,11.97,12.03,27849,34530.79064,1.0
2025-01-23,12.12,12.27,12.12,12.14,30533,38311.777700000006,1.0
2025-01-24,12.12,12.33,12.09,12.33,37144,46725.90988,1.0
2025-01-27,12.35,12.69,12.33,12.47,46147,59556.658299999996,1.0
2025-02-05,12.46,12.47,11.91,11.95,84115,104778.51838,1.0
2025-02-06,11.95,12.1,11.89,12.1,41190,50905.90628,1.0
2025-02-07,12.07,12.26,12.01,12.22,48523,60747.79738,1.0
2025-02-10,12.21,12.29,12.15,12.2,51603,64921.09454,1.0
2025-02-11,12.19,12.22,12.04,12.2,37367,46664.1429,1.0
2025-02-12,12.15,12.26,12.04,12.18,38189,47764.773799999995,1.0
2025-02-13,12.23,12.23,12.06,12.11,38841,48536.138759999994,1.0
2025-02-14,12.09,12.11,11.92,11.95,42996,53091.45593,1.0
2025-02-17,11.96,12.05,11.84,12.02,49008,60316.93445,1.0
2025-02-18,12.05,12.06,11.84,11.91,41260,50845.18585,1.0
2025-02-19,11.9,12.0,11.85,11.94,39035,47980.5809,1.0
2025-02-20,11.91,11.96,11.75,11.83,45966,56088.53474,1.0
2025-02-21,11.83,11.87,11.74,11.85,36093,43911.63148,1.0
2025-02-24,11.85,12.15,11.82,12.12,66782,82819.70464,1.0
2025-02-25,12.1,12.11,11.92,12.0,37653,46626.70302,1.0
2025-02-26,11.97,12.35,11.97,12.33,65843,82921.52969,1.0
2025-02-27,12.35,12.62,12.24,12.41,62064,79266.56416,1.0
2025-02-28,12.4,12.43,11.98,12.03,64776,81067.0369,1.0
2025-03-03,12.08,12.24,12.02,12.19,50591,63177.048299999995,1.0
2025-03-04,12.18,12.26,12.08,12.13,36528,45785.45392,1.0
2025-03-05,12.17,12.18,11.91,12.01,42608,52542.6858,1.0
2025-03-06,12.02,12.15,11.97,12.11,40755,50715.25298,1.0
2025-03-07,12.09,12.26,12.01,12.25,48938,61295.335439999995,1.0
2025-03-10,12.2,12.26,12.12,12.18,37194,46649.073899999996,1.0
2025-03-11,12.1,12.36,11.94,12.32,55951,70297.7684,1.0
2025-03-12,12.32,12.6,12.28,12.54,61548,78926.61309999999,1.0
2025-03-13,12.52,12.8,12.48,12.71,70933,92257.49642,1.0
2025-03-14,12.68,12.77,12.58,12.66,53605,69756.9718,1.0
2025-03-17,12.66,13.08,12.65,12.81,72759,95854.30748999999,1.0
2025-03-18,12.82,12.97,12.71,12.89,49725,65919.41129999999,1.0
2025-03-19,12.82,12.85,12.75,12.79,34297,45113.822869999996,1.0
2025-03-20,12.75,12.84,12.65,12.73,29691,38893.969,1.0
2025-03-21,12.66,13.01,12.66,12.78,45660,60127.56184,1.0
2025-03-24,12.79,12.96,12.71,12.86,61069,80490.9948,1.0
2025-03-25,13.0,13.0,12.77,12.9,41372,54696.646,1.0
2025-03-26,12.82,12.93,12.79,12.82,38335,50584.967189999996,1.0
2025-03-27,12.79,12.9,12.65,12.86,33774,44413.18122,1.0
2025-03-28,12.9,12.97,12.53,12.56,57654,75126.32026000001,1.0
2025-03-31,12.51,12.67,12.36,12.48,37526,48317.3771,1.0
2025-04-01,12.58,12.77,12.48,12.68,38509,50206.55822,1.0
2025-04-02,12.64,12.9,12.64,12.82,37299,49069.31608,1.0
2025-04-03,12.75,13.09,12.69,12.9,48229,64035.896,1.0
2025-04-07,12.39,12.5,11.57,11.62,95635,117811.20659,1.0
2025-04-08,11.66,12.0,11.66,11.86,78194,95385.40061,1.0
2025-04-09,11.72,12.09,11.47,11.99,73265,89008.74898,1.0
2025-04-10,12.03,12.21,12.02,12.11,52074,64998.3585,1.0
2025-04-11,12.08,12.17,11.97,12.04,37004,46065.360700000005,1.0
2025-04-14,12.11,12.25,12.08,12.22,35229,44119.91003,1.0
2025-04-15,12.24,12.27,12.1,12.21,32123,40332.58579999999,1.0
2025-04-16,12.21,12.25,12.02,12.14,30512,38129.88635,1.0
2025-04-17,12.14,12.23,12.07,12.14,20417,25596.596100000002,1.0
2025-04-18,12.1,12.19,11.99,12.12,30407,37837.449,1.0
2025-04-21,12.13,12.24,12.09,12.16,25669,32169.090399999997,1.0
2025-04-22,12.17,12.33,12.14,12.3,36445,45996.67454,1.0
2025-04-23,12.34,12.44,12.24,12.29,35294,44777.391619999995,1.0
2025-04-24,12.27,12.49,12.26,12.49,47458,60527.94109,1.0
2025-04-25,13.24,13.63,13.14,13.56,214484,296495.93645,1.0
2025-04-28,13.7,13.74,13.35,13.44,108878,151123.58272,1.0
2025-04-29,13.44,13.6,13.27,13.38,67202,92591.08873,1.0
2025-04-30,13.29,13.41,13.06,13.09,64666,87739.01206000001,1.0
2025-05-06,13.15,13.17,12.96,13.09,84181,112896.98809999999,1.0
2025-05-07,13.18,13.24,13.09,13.21,65432,88470.58129999999,1.0
2025-05-08,13.15,13.31,13.07,13.21,70222,95169.85748,1.0
2025-05-09,13.27,13.61,13.21,13.61,95325,131946.14714,1.0
2025-05-12,13.56,13.7,13.46,13.5,55782,77501.95495999999,1.0
2025-05-13,13.56,13.58,13.41,13.56,34902,48374.2055,1.0
2025-05-14,13.49,13.6,13.42,13.54,33899,47068.6204,1.0
2025-05-15,13.52,13.6,13.47,13.48,35691,49593.00397,1.0
2025-05-16,13.44,13.53,13.39,13.42,27024,37297.0804,1.0
2025-05-19,13.42,13.59,13.29,13.53,44570,61478.035619999995,1.0
2025-05-20,13.35,13.45,13.3,13.35,47753,65512.3025,1.0
2025-05-21,13.37,13.57,13.37,13.41,49649,68531.393,1.0
2025-05-22,13.36,13.42,13.19,13.24,40145,54715.5064,1.0
2025-05-23,13.28,13.3,13.01,13.02,43400,58582.3186,1.0
2025-05-26,13.03,13.1,12.96,13.05,27850,37326.8368,1.0
2025-05-27,13.05,13.21,12.97,13.12,31284,42224.550240000004,1.0
2025-05-28,13.12,13.69,13.12,13.57,87971,121821.606,1.0
2025-05-29,13.54,13.79,13.46,13.6,78824,110152.47904,1.0
2025-05-30,13.67,13.8,13.56,13.71,47922,67257.38122,1.0
2025-06-03,13.53,13.62,13.31,13.47,78951,108922.89891,1.0
2025-06-04,13.43,13.56,13.43,13.51,43004,59615.823240000005,1.0
2025-06-05,13.53,13.6,13.34,13.38,43667,60291.62744,1.0
2025-06-06,13.38,13.44,13.29,13.38,36748,50420.44829,1.0
2025-06-09,13.39,13.39,13.27,13.36,35985,49257.71102,1.0
2025-06-10,13.37,13.43,13.22,13.32,41161,56389.35067,1.0
2025-06-11,13.29,13.5,13.29,13.42,26894,37080.178799999994,1.0
2025-06-12,13.43,13.43,13.32,13.39,31524,43267.04094,1.0
2025-06-13,13.39,13.51,13.29,13.29,51470,70736.23923,1.0
2025-06-16,13.21,13.33,13.19,13.23,43630,59334.76844,1.0
2025-06-17,13.25,13.29,13.2,13.27,27435,37331.377,1.0
2025-06-18,13.29,13.3,13.16,13.19,24951,33839.528020000005,1.0
2025-06-19,13.21,13.21,12.97,13.06,31602,42458.97693,1.0
2025-06-20,13.07,13.15,13.02,13.09,23077,31018.9728,1.0
2025-06-23,13.03,13.11,12.94,13.09,26175,35030.594600000004,1.0
2025-06-24,13.08,13.21,13.07,13.21,41141,55607.52712,1.0
2025-06-25,13.28,13.37,13.21,13.29,38750,51544.136170000005,1.0
2025-06-26,13.31,13.35,13.25,13.27,27728,36855.45196,1.0
2025-06-27,13.28,13.42,13.28,13.38,30619,40914.58915,1.0
2025-06-30,13.38,13.39,13.23,13.32,33153,44059.39098,1.0
2025-07-01,13.35,13.58,13.32,13.44,58022,77932.45075,1.0
2025-07-02,13.4,13.5,13.32,13.49,34613,46485.88143,1.0
2025-07-03,13.53,13.67,13.46,13.63,35746,48505.37951,1.0
2025-07-04,13.58,13.73,13.56,13.61,48877,66686.6432,1.0
2025-07-07,13.61,13.86,13.6,13.85,46027,63281.38972,1.0
2025-07-08,13.85,13.9,13.72,13.87,47405,65568.681,1.0
2025-07-09,13.88,14.05,13.87,13.92,44772,62483.13907,1.0
2025-07-10,13.9,14.09,13.9,14.08,33223,46628.06451,1.0
2025-07-11,14.08,14.12,13.84,13.89,52968,73761.45526999999,1.0
2025-07-14,13.87,14.25,13.85,14.22,72140,101958.06629999999,1.0
2025-07-15,14.18,14.24,13.95,14.06,46919,66149.5599,1.0
2025-07-16,14.04,14.18,13.92,13.99,30964,43334.108700000004,1.0
2025-07-17,14.0,14.07,13.92,13.98,26479,36986.902799999996,1.0
2025-07-18,14.01,14.03,13.91,14.02,28422,39714.011,1.0
2025-07-21,14.06,14.34,14.02,14.31,53500,75824.9192,1.0
2025-07-22,14.31,14.5,14.23,14.5,68021,97902.5344,1.0
2025-07-23,14.52,14.59,14.29,14.34,51934,75049.985,1.0
2025-07-24,14.32,14.43,14.2,14.4,54108,77439.64662,1.0
2025-07-25,14.38,14.56,14.28,14.3,33797,48645.28843,1.0
2025-07-28,14.3,14.37,14.12,14.17,36089,51196.4306,1.0
2025-07-29,14.15,14.19,13.95,14.07,31427,44143.433899999996,1.0
2025-07-30,14.04,14.17,14.01,14.11,36817,51973.087479999995,1.0
2025-07-31,14.1,14.1,13.77,13.84,47067,65312.602100000004,1.0
2025-08-01,13.83,13.97,13.83,13.94,38495,53573.50804,1.0
2025-08-04,13.88,14.01,13.77,13.97,34303,47745.7693,1.0
2025-08-05,14.03,14.26,14.03,14.16,45676,64664.18519,1.0
2025-08-06,14.2,14.2,14.07,14.12,35671,50396.8434,1.0
2025-08-07,14.17,14.25,14.11,14.12,33311,47179.15092,1.0
2025-08-08,14.17,14.43,14.1,14.42,54096,77481.81292,1.0
2025-08-11,14.46,14.46,14.19,14.3,73522,104968.70670000001,1.0
2025-08-12,14.57,14.89,14.56,14.59,172893,254046.86787000002,1.0
2025-08-13,14.65,14.66,14.37,14.44,103503,149660.92062000002,1.0
2025-08-14,14.56,15.13,14.55,14.89,172395,257049.56786,1.0
2025-08-15,14.89,15.24,14.88,14.96,128630,192696.28652000002,1.0
2025-08-18,14.94,15.04,14.81,14.89,106813,159063.43706999999,1.0
2025-08-19,14.85,15.14,14.83,15.05,76020,113874.17442,1.0
2025-08-20,15.01,15.08,14.88,15.08,62871,94202.36879000001,1.0
2025-08-21,15.06,15.15,14.95,15.0,61000,91824.8349,1.0
2025-08-22,15.0,15.06,14.87,15.01,63635,95176.08174,1.0
2025-08-25,15.02,15.22,14.94,15.22,84564,127952.19636,1.0
2025-08-26,15.26,15.67,15.14,15.49,86426,133817.71247,1.0
2025-08-27,15.42,15.52,14.91,14.93,94829,143741.53435,1.0
2025-08-28,14.9,15.05,14.75,15.03,72819,108704.06054,1.0
2025-08-29,15.07,15.25,14.98,15.08,53115,80267.91903,1.0
2025-09-01,15.04,15.16,14.8,14.99,70972,106360.82919,1.0
2025-09-02,15.0,15.04,14.82,14.95,50022,74613.96134000001,1.0
2025-09-03,14.93,15.0,14.64,14.69,51298,75603.61325,1.0
2025-09-04,14.74,14.94,14.62,14.9,56856,84170.4915,1.0
2025-09-05,14.88,14.92,14.73,14.91,47193,69914.1387,1.0
2025-09-08,14.91,15.29,14.87,15.29,69095,104629.66505,1.0
2025-09-09,15.29,15.3,15.01,15.11,57769,87554.117,1.0
2025-09-10,15.1,15.1,14.86,14.88,54276,81131.4229,1.0
2025-09-11,14.85,15.07,14.79,15.05,50709,75875.5998,1.0
2025-09-12,15.07,15.27,14.96,15.16,51051,77272.25786,1.0
2025-09-15,15.12,15.16,14.82,14.9,66305,98859.27596,1.0
2025-09-16,14.91,15.04,14.6,14.78,51177,75707.8403,1.0
2025-09-17,14.78,15.15,14.67,14.87,50077,74341.02040000001,1.0
2025-09-18,14.85,14.88,14.41,14.52,73536,107617.54604,1.0
2025-09-19,14.53,14.69,14.5,14.66,45660,66628.6754,1.0
2025-09-22,14.66,14.66,14.31,14.37,43016,62116.9719,1.0
2025-09-23,14.32,14.45,14.1,14.42,48565,69255.9682,1.0
2025-09-24,14.31,14.59,14.31,14.57,40639,58841.157439999995,1.0
2025-09-25,14.54,14.55,14.25,14.29,41685,59928.61628,1.0
2025-09-26,14.31,14.52,14.23,14.49,36901,53245.66863,1.0
2025-09-29,14.53,15.94,14.43,15.94,152586,236123.25149,1.0
2025-09-30,15.87,15.98,15.03,15.15,273366,418716.1812,1.0
2025-10-09,15.2,15.2,14.96,15.06,138492,208269.54794,1.0
2025-10-10,15.0,15.93,14.93,15.58,199210,308699.76722000004,1.0
2025-10-13,15.19,15.5,15.06,15.47,123424,188309.4929,1.0
2025-10-14,15.42,15.55,15.27,15.34,103233,159226.8265,1.0
2025-10-15,15.52,15.63,15.25,15.52,73739,114255.58993,1.0
2025-10-16,15.52,15.58,15.17,15.21,70595,108058.32325,1.0
2025-10-17,15.21,15.34,15.08,15.11,61154,93047.53787999999,1.0
2025-10-20,15.15,15.2,14.93,15.08,55457,83308.76203,1.0
2025-10-21,15.06,15.4,15.05,15.36,53738,82072.8205,1.0
2025-10-22,15.34,15.54,15.23,15.4,55184,85073.82751,1.0
2025-10-23,15.41,15.59,15.32,15.54,58765,90946.5494,1.0
2025-10-24,15.6,15.6,15.32,15.46,62049,95722.58773,1.0
2025-10-27,15.51,15.75,15.44,15.61,85390,133063.20134,1.0
2025-10-28,15.36,15.36,14.8,14.88,154621,231663.86493,1.0
2025-10-29,14.85,14.93,14.71,14.93,56079,83133.16879000001,1.0
2025-10-30,14.91,14.98,14.76,14.77,64333,95589.51538,1.0
2025-10-31,14.78,15.02,14.73,14.93,79076,117493.10213,1.0
2025-11-03,15.02,15.02,14.76,14.83,58038,86105.22191,1.0
2025-11-04,14.8,14.91,14.66,14.72,52926,78291.19997,1.0
2025-11-05,14.69,14.82,14.58,14.77,46651,68686.91034,1.0
2025-11-06,14.8,14.92,14.72,14.85,56093,83216.10918000001,1.0
2025-11-07,14.82,15.01,14.81,14.89,64394,96139.43928,1.0
2025-11-10,14.9,14.98,14.83,14.92,49481,73689.4342,1.0
2025-11-11,14.91,14.94,14.84,14.9,38874,57902.84034,1.0
2025-11-12,14.86,14.99,14.81,14.86,42088,62678.35727,1.0
2025-11-13,14.86,14.89,14.75,14.87,51179,75792.36283,1.0
2025-11-14,14.8,14.86,14.71,14.71,42472,62795.683,1.0
2025-11-17,14.7,14.7,14.38,14.41,62282,90080.099,1.0
2025-11-18,14.4,14.41,14.15,14.2,62919,89706.27333,1.0
2025-11-19,14.18,14.23,14.02,14.1,44483,62797.6485,1.0
2025-11-20,14.17,14.18,14.05,14.08,37595,53090.62682,1.0
2025-11-21,14.08,14.09,13.68,13.69,72178,99734.21776,1.0
2025-11-24,13.72,13.75,13.58,13.64,38372,52376.9539,1.0
2025-11-25,13.71,13.85,13.65,13.77,38865,53540.884060000004,1.0
2025-11-26,13.8,13.87,13.74,13.75,27326,37722.2747,1.0
2025-11-27,13.75,13.81,13.7,13.73,24810,34139.923,1.0
2025-11-28,13.72,13.87,13.63,13.87,33405,45961.27302,1.0
2025-12-01,13.82,13.92,13.8,13.91,35970,49905.74796,1.0
2025-12-02,13.87,13.92,13.82,13.9,25769,35740.9051,1.0
2025-12-03,13.9,13.96,13.79,13.8,54296,75238.51340000001,1.0
2025-12-04,13.83,13.84,13.69,13.73,27685,38069.259939999996,1.0
2025-12-05,13.72,13.84,13.64,13.8,26932,37021.53961,1.0
2025-12-08,13.88,13.91,13.78,13.79,42698,59085.816479999994,1.0
2025-12-09,13.81,13.86,13.59,13.6,39422,54076.39684,1.0
2025-12-10,13.63,13.71,13.55,13.64,30587,41669.895,1.0
2025-12-11,13.65,13.68,13.48,13.49,34702,47111.763380000004,1.0
2025-12-12,13.5,13.66,13.48,13.54,52405,71173.32595999999,1.0
2025-12-15,13.53,13.64,13.48,13.6,29078,39521.956170000005,1.0
2025-12-16,13.6,13.63,13.31,13.36,47841,64133.82789,1.0
2025-12-17,13.35,13.54,13.27,13.5,32940,44157.91406,1.0
2025-12-18,13.45,13.6,13.43,13.58,21905,29670.82664,1.0
2025-12-19,13.58,13.85,13.56,13.77,40574,55699.21108,1.0
2025-12-22,13.77,13.81,13.68,13.73,27281,37527.164,1.0
2025-12-23,13.77,13.95,13.69,13.72,37386,51583.148,1.0
2025-12-24,13.78,13.84,13.72,13.79,26912,37116.5224,1.0
2025-12-25,13.81,13.85,13.72,13.79,33514,46247.8617,1.0
2025-12-26,13.8,13.89,13.77,13.81,29927,41364.446200000006,1.0
2025-12-29,13.81,13.87,13.7,13.71,29686,40929.3356,1.0
2025-12-30,13.66,13.74,13.6,13.71,29432,40286.75012,1.0
2025-12-31,13.71,13.78,13.65,13.72,29488,40446.17731,1.0
2026-01-05,13.84,14.11,13.84,14.06,76381,107107.30478,1.0
2026-01-06,14.06,14.06,13.94,14.01,55423,77634.45820000001,1.0
2026-01-07,14.02,14.12,13.89,13.89,57323,80271.05040000001,1.0
2026-01-08,13.95,13.97,13.84,13.94,35480,49386.450560000005,1.0
2026-01-09,13.94,14.03,13.87,13.96,43588,60784.02315,1.0
2026-01-12,13.9,13.98,13.86,13.98,64196,89429.49629000001,1.0
2026-01-13,14.0,14.11,13.93,13.97,63333,88775.17118,1.0
2026-01-14,13.95,14.08,13.75,13.78,82867,115305.35164,1.0
2026-01-15,13.77,13.92,13.75,13.88,40030,55474.531109999996,1.0
2026-01-16,13.95,14.0,13.79,13.82,44154,61274.88133,1.0
