date,open,high,low,close,volume,amount,factor
2007-12-03,11.18,11.79,10.06,10.23,286151,324056.18919999996,1.0
2007-12-04,9.81,11.34,9.81,11.34,200083,234520.03086000003,1.0
2007-12-05,10.98,12.11,10.89,11.78,221306,271741.90591000003,1.0
2007-12-06,11.48,11.68,11.2,11.43,86315,105577.96641,1.0
2007-12-07,11.44,11.65,11.2,11.38,64077,78267.20208,1.0
2007-12-10,11.18,12.6,11.0,12.19,139854,178621.75775999998,1.0
2007-12-11,11.98,13.04,11.97,12.56,117642,156550.82011,1.0
2007-12-12,12.38,12.8,12.25,12.41,51976,69313.34542,1.0
2007-12-13,12.54,13.4,12.38,12.67,81448,112223.48548999999,1.0
2007-12-14,12.48,12.85,11.98,12.54,54158,71818.90631,1.0
2007-12-17,12.73,13.16,12.57,12.78,40772,55634.395520000005,1.0
2007-12-18,12.68,12.78,12.08,12.22,34505,45359.2383,1.0
2007-12-19,12.31,13.07,12.31,12.63,43879,59354.63136,1.0
2007-12-20,12.58,13.36,12.49,13.15,57601,79031.11289,1.0
2007-12-21,13.03,13.83,12.96,13.6,67008,96011.42573999999,1.0
2007-12-24,13.6,14.33,13.42,13.59,62869,92217.81448,1.0
2007-12-25,13.58,14.17,13.38,14.16,41098,60283.2649,1.0
2007-12-26,14.28,14.73,14.19,14.33,37122,56507.5785,1.0
2007-12-27,14.39,14.73,14.03,14.25,46180,69914.83879000001,1.0
2007-12-28,14.18,14.25,13.7,13.88,34715,51180.58597,1.0
2008-01-02,13.89,14.28,13.78,14.22,31345,46625.52117,1.0
2008-01-03,14.18,14.52,13.88,14.36,35719,53688.80114,1.0
2008-01-04,14.28,14.28,13.94,14.08,28174,41862.530380000004,1.0
2008-01-07,13.88,13.97,13.43,13.79,51414,74500.82714,1.0
2008-01-08,13.54,13.96,13.54,13.67,28850,41851.34868,1.0
2008-01-09,13.58,14.08,13.58,14.07,22234,32728.305239999998,1.0
2008-01-10,14.09,14.16,13.66,13.74,25625,37606.04561,1.0
2008-01-11,13.73,14.13,13.59,13.96,26289,38832.9801,1.0
2008-01-14,13.98,14.45,13.97,14.33,28073,42372.52069,1.0
2008-01-15,14.34,15.05,14.18,14.72,45798,70815.31571,1.0
2008-01-16,14.68,15.15,14.38,14.38,27964,43177.40593,1.0
2008-01-17,14.18,14.66,13.18,14.01,29396,43899.016149999996,1.0
2008-01-18,14.0,14.77,13.79,14.6,32769,49722.990119999995,1.0
2008-01-21,14.52,15.13,14.06,14.18,43677,67855.30890999999,1.0
2008-01-22,13.18,13.68,12.68,12.68,24897,34526.87125,1.0
2008-01-23,12.2,13.14,11.33,12.83,43761,57378.574759999996,1.0
2008-01-24,12.48,13.17,12.19,12.73,30364,40959.38168,1.0
2008-01-25,12.76,12.78,12.21,12.28,22399,29856.903870000002,1.0
2008-01-28,12.18,12.18,10.97,10.97,26479,31992.25943,1.0
2008-01-29,11.08,11.43,10.79,11.25,12252,14711.037269999999,1.0
2008-01-30,11.35,11.67,10.99,11.38,12829,15651.527689999999,1.0
2008-01-31,11.26,11.45,10.88,10.9,6651,8013.93579,1.0
2008-02-01,10.98,11.17,9.77,10.16,15765,17491.54335,1.0
2008-02-04,10.67,11.26,10.41,11.26,17691,20903.392239999997,1.0
2008-02-05,11.26,11.83,10.99,11.57,16994,20934.9647,1.0
2008-02-13,11.47,11.68,11.03,11.44,9103,11144.36723,1.0
2008-02-14,11.38,11.73,11.36,11.67,7643,9467.47572,1.0
2008-02-15,11.66,11.66,11.26,11.43,5943,7258.59833,1.0
2008-02-18,11.53,11.85,11.53,11.7,10240,12866.58016,1.0
2008-02-19,11.71,12.14,11.67,12.07,12935,16572.30213,1.0
2008-02-20,12.08,12.36,11.99,12.03,15623,20289.084899999998,1.0
2008-02-21,11.98,12.33,11.68,12.21,13601,17520.020510000002,1.0
2008-02-22,12.21,12.37,11.78,11.88,13078,16890.017920000002,1.0
2008-02-25,11.89,12.16,11.29,11.37,9800,12204.65094,1.0
2008-02-26,11.54,12.06,11.29,11.62,8344,10314.94449,1.0
2008-02-27,11.62,11.99,11.58,11.98,8530,10839.73185,1.0
2008-02-28,12.05,12.06,11.58,11.68,10000,12600.892199999998,1.0
2008-02-29,11.66,12.92,11.66,12.83,48063,64733.9759,1.0
2008-03-03,12.29,13.38,12.14,13.33,97761,133170.54538,1.0
2008-03-04,13.13,13.33,12.8,12.8,42082,58212.04454,1.0
2008-03-05,12.68,12.98,12.3,12.82,24256,32716.22834,1.0
2008-03-06,12.95,12.96,12.44,12.64,23358,31521.97105,1.0
2008-03-07,12.58,12.58,12.09,12.23,17984,23572.872489999998,1.0
2008-03-10,12.16,12.16,11.47,11.48,18624,23344.265760000002,1.0
2008-03-11,11.45,11.86,11.28,11.75,10502,13015.90198,1.0
2008-03-12,11.97,12.07,11.3,11.39,13890,17280.28486,1.0
2008-03-13,11.4,11.43,10.79,11.01,13222,15703.07947,1.0
2008-03-14,10.93,11.26,10.88,11.01,7292,8694.1664,1.0
2008-03-17,10.98,11.11,9.99,10.31,10645,12154.657019999999,1.0
2008-03-18,10.09,10.52,9.26,9.54,13058,13967.1655,1.0
2008-03-19,9.88,10.32,9.56,10.06,12694,13706.44815,1.0
2008-03-20,9.98,10.63,9.39,10.48,12739,13905.65824,1.0
2008-03-21,10.46,10.74,10.2,10.44,8889,10045.549560000001,1.0
2008-03-24,10.68,10.68,10.21,10.21,8625,9666.99291,1.0
2008-03-26,10.18,10.76,10.18,10.34,9438,10615.86311,1.0
2008-03-27,10.18,10.18,9.46,9.53,11116,11804.79497,1.0
2008-03-28,9.48,9.81,9.0,9.78,12246,12570.57849,1.0
2008-03-31,9.45,9.5,9.08,9.12,8997,9120.526,1.0
2008-04-01,8.81,9.28,8.13,8.13,13486,12487.372589999999,1.0
2008-04-02,8.18,8.38,7.3,7.42,13492,11656.22659,1.0
2008-04-03,7.38,7.88,7.24,7.65,8289,6985.83621,1.0
2008-04-07,7.58,8.3,7.38,8.26,12732,11209.27151,1.0
2008-04-08,8.23,8.44,8.08,8.34,11020,10045.83492,1.0
2008-04-09,8.26,8.34,7.68,7.7,12002,10634.4765,1.0
2008-04-10,7.65,7.93,7.48,7.89,9093,7735.64856,1.0
2008-04-11,8.01,8.41,7.89,8.27,12215,11022.33102,1.0
2008-04-14,8.06,8.06,7.44,7.54,9887,8470.8973,1.0
2008-04-15,7.54,8.08,7.18,7.91,9212,7725.1162,1.0
2008-04-16,7.83,7.98,7.58,7.7,6718,5776.141320000001,1.0
2008-04-17,7.7,7.96,7.21,7.38,7159,5974.4955199999995,1.0
2008-04-18,7.4,7.49,6.9,6.91,8530,6785.933,1.0
2008-04-22,6.61,6.61,6.14,6.49,14745,10557.28761,1.0
2008-04-23,6.36,6.88,6.24,6.76,11327,8507.51936,1.0
2008-04-24,7.5,7.52,7.21,7.52,27873,22993.98807,1.0
2008-04-25,7.48,8.13,7.36,7.86,29619,25459.263629999998,1.0
2008-04-28,7.75,8.37,7.54,8.34,36996,32834.4864,1.0
2008-04-29,8.41,9.17,8.4,8.62,65174,62088.611469999996,1.0
2008-04-30,8.36,8.77,8.23,8.63,33542,31184.821350000002,1.0
2008-05-05,8.63,8.88,8.28,8.78,23808,22427.556109999998,1.0
2008-05-06,8.66,8.73,8.38,8.43,18229,17021.81399,1.0
2008-05-07,8.36,8.57,7.93,7.93,17268,15614.086539999998,1.0
2008-05-08,7.94,8.26,7.81,8.25,12232,10923.0837,1.0
2008-05-09,8.36,8.46,7.93,8.06,11053,9909.57276,1.0
2008-05-12,7.83,8.38,7.75,8.3,12863,11380.15893,1.0
2008-05-13,7.96,8.28,7.84,8.18,14787,13165.3871,1.0
2008-05-14,7.98,8.59,7.98,8.51,19593,18076.87669,1.0
2008-05-15,8.58,8.85,8.39,8.68,25264,23819.705140000002,1.0
2008-05-16,8.65,8.87,8.14,8.44,19194,17901.93886,1.0
2008-05-19,8.42,8.83,8.34,8.83,20392,19157.187120000002,1.0
2008-05-20,8.83,8.93,8.03,8.13,26310,24358.59834,1.0
2008-05-21,7.98,8.46,7.78,8.36,15861,13996.09992,1.0
2008-05-22,8.37,8.63,8.21,8.43,40168,36902.303009999996,1.0
2008-05-23,8.42,8.42,7.69,8.03,21679,19104.281219999997,1.0
2008-05-26,7.94,7.94,7.36,7.38,13175,11035.39163,1.0
2008-05-27,7.37,7.56,7.35,7.49,4709,3871.6494,1.0
2008-05-28,7.43,7.74,7.43,7.68,6703,5616.77445,1.0
2008-05-29,7.66,7.72,7.31,7.33,7426,6158.62339,1.0
2008-05-30,7.33,7.63,7.33,7.56,6941,5696.73411,1.0
2008-06-02,7.61,7.7,7.43,7.58,4907,4096.33591,1.0
2008-06-03,7.55,7.68,7.36,7.42,7193,5943.3295499999995,1.0
2008-06-04,7.42,7.51,7.25,7.39,5142,4182.47266,1.0
2008-06-05,7.33,7.66,7.23,7.53,6651,5476.03751,1.0
2008-06-06,7.58,7.88,7.43,7.71,12751,10817.382029999999,1.0
2008-06-10,7.44,7.45,6.86,6.86,11543,9051.74662,1.0
2008-06-11,6.72,6.93,6.62,6.71,6780,5096.0567,1.0
2008-06-12,6.71,6.8,6.3,6.57,6848,5003.44807,1.0
2008-06-13,6.57,6.73,6.32,6.32,5241,3806.73755,1.0
2008-06-16,6.32,6.52,6.11,6.41,6548,4632.977309999999,1.0
2008-06-17,6.43,6.96,6.43,6.58,24384,18247.790800000002,1.0
2008-06-18,6.66,7.03,5.93,6.85,18458,13723.48148,1.0
2008-06-19,6.73,6.73,6.09,6.09,13030,9270.00384,1.0
2008-06-20,6.04,6.42,5.53,5.94,11392,7782.1967,1.0
2008-06-23,5.83,6.04,5.53,5.55,7344,4766.46298,1.0
2008-06-24,5.56,5.81,5.48,5.74,6052,3895.6231000000002,1.0
2008-06-25,5.73,6.11,5.72,6.03,9357,6288.18616,1.0
2008-06-26,6.11,6.23,5.93,6.13,9158,6299.28884,1.0
2008-06-27,5.93,6.01,5.44,5.51,10160,6572.94832,1.0
2008-06-30,5.53,5.65,5.46,5.64,4784,3033.47133,1.0
2008-07-01,5.64,5.67,5.53,5.56,3819,2429.3086000000003,1.0
2008-07-02,5.58,5.77,5.56,5.72,3934,2538.86275,1.0
2008-07-03,5.65,6.07,5.53,5.95,8133,5400.76985,1.0
2008-07-04,5.98,6.0,5.8,5.88,7290,4862.485320000001,1.0
2008-07-07,5.83,6.26,5.83,6.23,9964,6887.1463300000005,1.0
2008-07-08,6.23,6.33,6.1,6.25,11012,7686.188990000001,1.0
2008-07-09,6.28,6.47,6.22,6.45,14280,10169.619939999999,1.0
2008-07-10,6.34,6.49,6.28,6.28,11766,8429.77388,1.0
2008-07-11,6.3,6.37,6.11,6.19,8417,5888.164610000001,1.0
2008-07-14,6.18,6.37,6.13,6.36,5230,3681.8205,1.0
2008-07-15,6.32,6.77,6.18,6.51,26419,19197.63657,1.0
2008-07-16,6.43,6.73,6.36,6.73,42102,31031.59216,1.0
2008-07-17,6.76,7.0,6.23,6.27,34898,26048.198539999998,1.0
2008-07-18,6.23,6.4,5.84,6.26,22744,15600.574359999999,1.0
2008-07-21,6.27,6.58,6.11,6.52,15577,11082.19396,1.0
2008-07-22,6.49,6.67,6.45,6.57,14031,10263.98307,1.0
2008-07-23,6.59,6.65,6.48,6.49,13783,10081.22862,1.0
2008-07-24,6.47,6.71,6.47,6.66,14194,10485.66361,1.0
2008-07-25,6.53,6.74,6.51,6.6,9985,7388.737700000001,1.0
2008-07-28,6.7,6.83,6.6,6.78,12053,9008.91364,1.0
2008-07-29,6.72,6.72,6.42,6.49,9523,6970.739860000001,1.0
2008-07-30,6.65,6.65,6.39,6.44,7545,5499.96244,1.0
2008-07-31,6.52,6.52,6.13,6.13,8059,5661.429980000001,1.0
2008-08-01,6.13,6.31,6.03,6.22,6325,4372.98302,1.0
2008-08-04,6.14,6.23,6.03,6.04,3290,2267.33236,1.0
2008-08-05,6.05,6.72,6.04,6.72,75976,56655.93595000001,1.0
2008-08-06,6.69,7.18,6.46,7.13,101380,76777.83014,1.0
2008-08-07,6.98,7.29,6.79,6.9,59816,46390.95167,1.0
2008-08-08,6.9,7.17,6.13,6.13,37843,28350.49675,1.0
2008-08-11,5.93,5.93,5.44,5.44,24809,15834.051300000001,1.0
2008-08-12,5.18,5.28,4.98,5.0,22087,12977.66481,1.0
2008-08-13,5.01,5.15,4.71,5.03,14882,8473.042,1.0
2008-08-14,4.99,5.11,4.83,4.95,12265,7048.17055,1.0
2008-08-15,4.98,5.21,4.97,5.05,14369,8415.46654,1.0
2008-08-18,5.2,5.2,4.47,4.47,15801,8634.88576,1.0
2008-08-19,4.43,4.53,4.26,4.49,10341,5328.85015,1.0
2008-08-20,4.39,4.99,4.33,4.92,17272,9546.77267,1.0
2008-08-21,4.79,4.9,4.63,4.65,13900,7671.31722,1.0
2008-08-22,4.65,4.67,4.38,4.5,9154,4802.681259999999,1.0
2008-08-25,4.5,4.68,4.43,4.58,6353,3393.59702,1.0
2008-08-26,4.48,4.59,4.18,4.29,7254,3721.8833,1.0
2008-08-27,4.29,4.39,3.98,4.21,7234,3605.02571,1.0
2008-08-28,4.17,4.34,4.14,4.27,6308,3156.26658,1.0
2008-08-29,4.31,4.5,4.27,4.47,7374,3815.9309900000003,1.0
2008-09-01,4.44,4.44,4.22,4.28,5048,2552.54995,1.0
2008-09-02,4.19,4.46,4.19,4.4,3650,1862.6579299999999,1.0
2008-09-03,4.38,4.45,4.23,4.39,4363,2230.70828,1.0
2008-09-04,4.33,4.5,4.32,4.45,4574,2380.20543,1.0
2008-09-08,4.23,4.26,3.93,3.93,8216,3958.31243,1.0
2008-09-09,4.0,4.05,3.85,3.94,3656,1718.8378,1.0
2008-09-10,4.02,4.41,3.98,4.41,31685,16198.1415,1.0
2008-09-11,4.33,4.47,4.22,4.23,23475,11995.90482,1.0
2008-09-12,4.17,4.24,3.93,4.03,15813,7663.44498,1.0
2008-09-16,4.08,4.09,3.82,3.84,10529,4934.24392,1.0
2008-09-17,3.88,3.93,3.74,3.81,5985,2758.23808,1.0
2008-09-18,3.8,3.81,3.35,3.61,11183,4776.254629999999,1.0
2008-09-19,3.99,4.05,3.93,4.05,14052,6734.96879,1.0
2008-09-22,4.31,4.53,4.04,4.21,21416,10792.53484,1.0
2008-09-23,4.14,4.14,3.81,3.83,8689,4078.31325,1.0
2008-09-24,3.79,3.92,3.69,3.92,5480,2502.80462,1.0
2008-09-25,3.93,4.06,3.88,4.04,10501,5012.580099999999,1.0
2008-09-26,4.04,4.06,3.84,3.97,7702,3629.69716,1.0
2008-10-06,3.81,3.83,3.69,3.7,4725,2132.84203,1.0
2008-10-07,3.55,3.72,3.46,3.69,2869,1261.6051599999998,1.0
2008-10-08,3.59,3.68,3.49,3.53,4434,1922.17176,1.0
2008-10-09,3.65,3.67,3.53,3.54,2986,1304.4590600000001,1.0
2008-10-10,3.37,3.47,3.14,3.21,6812,2739.26313,1.0
2008-10-13,3.11,3.32,3.04,3.31,3678,1441.93671,1.0
2008-10-14,3.36,3.47,3.18,3.19,4763,1953.4136,1.0
2008-10-15,3.13,3.24,3.13,3.22,2309,914.82772,1.0
2008-10-16,3.05,3.16,2.91,2.93,2831,1081.296,1.0
2008-10-17,2.99,3.1,2.93,3.04,2711,1026.31966,1.0
2008-10-20,3.11,3.21,3.01,3.15,3704,1429.99104,1.0
2008-10-21,3.21,3.24,3.12,3.13,3200,1265.1322,1.0
2008-10-22,3.13,3.21,3.08,3.14,2168,850.288,1.0
2008-10-23,3.03,3.12,2.94,3.11,2180,831.94775,1.0
2008-10-24,3.05,3.27,3.05,3.19,7210,2847.82582,1.0
2008-10-27,3.13,3.13,2.79,2.79,4448,1641.692,1.0
2008-10-28,2.73,2.9,2.71,2.87,2813,1008.5757199999999,1.0
2008-10-29,2.93,2.96,2.81,2.81,2958,1080.4939299999999,1.0
2008-10-30,2.83,2.91,2.81,2.87,2255,819.29257,1.0
2008-10-31,2.87,2.98,2.81,2.83,4095,1503.574,1.0
2008-11-03,2.73,2.91,2.73,2.83,1562,561.865,1.0
2008-11-04,2.81,2.85,2.63,2.68,2798,970.342,1.0
2008-11-05,2.71,2.85,2.71,2.82,3442,1225.73419,1.0
2008-11-06,2.77,2.8,2.65,2.76,1977,692.5783,1.0
2008-11-07,2.67,2.93,2.67,2.85,4961,1796.57919,1.0
2008-11-10,2.95,3.13,2.88,3.11,7461,2849.5174700000002,1.0
2008-11-11,3.05,3.2,3.02,3.1,8368,3258.22416,1.0
2008-11-12,3.06,3.49,3.01,3.49,18911,7723.19242,1.0
2008-11-13,3.38,3.68,3.38,3.53,30559,13130.53528,1.0
2008-11-14,3.57,3.62,3.36,3.61,28150,12076.417300000001,1.0
2008-11-17,3.53,3.79,3.49,3.79,20551,9154.002400000001,1.0
2008-11-18,3.76,4.01,3.33,3.33,28939,12891.20788,1.0
2008-11-19,3.35,3.68,3.3,3.63,17877,7713.471769999999,1.0
2008-11-20,3.56,3.81,3.48,3.65,17773,7879.60484,1.0
2008-11-21,3.52,3.73,3.27,3.59,18473,7940.26301,1.0
2008-11-24,3.56,3.63,3.36,3.37,9360,3968.09935,1.0
2008-11-25,3.48,3.49,3.36,3.45,8795,3674.00988,1.0
2008-11-26,3.48,3.51,3.41,3.43,8225,3486.21695,1.0
2008-11-27,3.68,3.78,3.47,3.47,15629,6835.02726,1.0
2008-11-28,3.38,3.45,3.29,3.35,11332,4669.311900000001,1.0
2008-12-01,3.31,3.66,3.31,3.64,23777,10301.63416,1.0
2008-12-02,3.53,3.87,3.5,3.78,34425,15474.60168,1.0
2008-12-03,3.78,4.03,3.73,3.99,35938,16786.011,1.0
2008-12-04,4.01,4.11,3.83,3.86,32946,15646.04471,1.0
2008-12-05,3.83,4.12,3.79,4.04,22457,10639.05309,1.0
2008-12-08,4.16,4.38,4.04,4.28,25670,12809.231380000001,1.0
2008-12-09,4.28,4.33,4.04,4.09,17703,8733.727369999999,1.0
2008-12-10,4.05,4.37,4.05,4.33,24648,12237.30521,1.0
2008-12-11,4.31,4.41,4.06,4.07,20672,10268.64007,1.0
2008-12-12,4.07,4.07,3.73,3.79,17236,8019.63797,1.0
2008-12-15,3.85,3.91,3.77,3.84,13579,6257.428940000001,1.0
2008-12-16,3.83,3.92,3.69,3.91,11803,5406.228,1.0
2008-12-17,3.91,4.09,3.83,4.01,19282,9197.35426,1.0
2008-12-18,3.99,4.15,3.9,4.13,14370,6928.94564,1.0
2008-12-19,4.17,4.28,4.1,4.22,21041,10481.328119999998,1.0
2008-12-22,4.38,4.45,4.13,4.44,32808,16760.0855,1.0
2008-12-23,4.44,4.63,4.04,4.05,43965,22789.963949999998,1.0
2008-12-24,3.89,4.09,3.85,3.95,15300,7249.42716,1.0
2008-12-25,3.95,4.07,3.83,3.97,9741,4616.11408,1.0
2008-12-26,4.01,4.11,3.94,4.05,10308,4964.04464,1.0
2008-12-29,4.03,4.08,3.75,3.86,10191,4713.78632,1.0
2008-12-30,3.86,4.12,3.86,4.03,14063,6720.01133,1.0
2008-12-31,4.02,4.11,3.89,3.96,10606,5061.00366,1.0
2009-01-05,3.98,4.34,3.96,4.33,20990,10407.40127,1.0
2009-01-06,4.28,4.43,4.18,4.38,28804,14615.11975,1.0
2009-01-07,4.32,4.47,4.24,4.4,23898,12260.06034,1.0
2009-01-08,4.25,4.4,4.22,4.39,19534,9915.24373,1.0
2009-01-09,4.38,4.65,4.36,4.58,43000,22884.55648,1.0
2009-01-12,4.57,4.77,4.47,4.49,35593,19218.406850000003,1.0
2009-01-13,4.45,4.5,4.29,4.37,21694,11184.102060000001,1.0
2009-01-14,4.27,4.88,4.27,4.79,33015,17802.75029,1.0
2009-01-15,4.66,4.89,4.66,4.72,27127,15018.926029999999,1.0
2009-01-16,4.72,5.13,4.71,4.98,41507,23471.32761,1.0
2009-01-19,4.89,5.0,4.74,4.78,19281,10807.671769999999,1.0
2009-01-20,4.78,4.85,4.71,4.81,9512,5284.91524,1.0
2009-01-21,4.73,4.85,4.63,4.66,12889,7100.13301,1.0
2009-01-22,4.65,4.8,4.65,4.76,9937,5456.709059999999,1.0
2009-01-23,4.76,4.84,4.73,4.77,10037,5578.90456,1.0
2009-02-02,4.81,4.91,4.79,4.87,12811,7209.4933200000005,1.0
2009-02-03,4.87,5.0,4.83,4.93,18586,10597.600900000001,1.0
2009-02-04,4.97,5.04,4.89,5.04,24074,13818.852359999999,1.0
2009-02-05,5.03,5.17,4.83,5.06,25103,14481.35331,1.0
2009-02-06,5.07,5.46,5.07,5.38,45205,27508.50004,1.0
2009-02-09,5.41,5.46,5.24,5.43,39024,23999.07143,1.0
2009-02-10,5.38,5.56,5.3,5.53,31039,19266.2384,1.0
2009-02-11,5.43,5.62,5.33,5.43,33900,21150.20107,1.0
2009-02-12,5.46,5.57,5.19,5.55,31836,19642.833260000003,1.0
2009-02-13,5.52,5.78,5.45,5.73,43103,27618.4193,1.0
2009-02-16,5.73,6.06,5.63,6.01,45925,30310.96018,1.0
2009-02-17,6.01,6.4,5.91,6.06,64929,44995.47684,1.0
2009-02-18,6.03,6.12,5.73,5.88,43296,29027.5276,1.0
2009-02-19,6.03,6.31,5.63,6.23,45064,30390.747010000003,1.0
2009-02-20,6.21,6.74,6.15,6.7,81356,59109.386439999995,1.0
2009-02-23,6.65,6.96,6.43,6.75,62930,47260.8898,1.0
2009-02-24,6.61,7.12,6.54,6.79,57806,43687.52732,1.0
2009-02-25,6.98,7.07,6.62,6.92,43955,33355.67145,1.0
2009-02-26,6.88,6.93,6.15,6.15,41548,30239.82107,1.0
2009-02-27,6.18,6.18,5.46,5.46,38453,24475.8995,1.0
2009-03-02,5.29,5.52,4.91,5.49,30461,18591.31813,1.0
2009-03-03,5.23,5.66,5.03,5.47,24047,14932.85974,1.0
2009-03-04,5.53,5.86,5.43,5.81,32651,21130.814489999997,1.0
2009-03-05,5.83,6.17,5.6,6.03,42392,28365.27126,1.0
2009-03-06,5.92,6.5,5.75,6.48,53620,37670.402310000005,1.0
2009-03-09,6.53,6.58,5.86,6.41,43702,30596.97266,1.0
2009-03-10,6.23,6.42,6.13,6.38,21298,15097.097029999999,1.0
2009-03-11,6.43,6.53,6.07,6.23,19904,14050.87803,1.0
2009-03-12,6.08,6.32,5.73,6.2,23467,15976.20199,1.0
2009-03-13,6.08,6.2,5.93,5.96,15084,10325.38299,1.0
2009-03-16,5.83,6.08,5.81,6.01,13488,9060.43459,1.0
2009-03-17,6.01,6.61,5.96,6.47,45609,32566.87596,1.0
2009-03-18,6.47,6.57,6.35,6.35,33289,23937.47452,1.0
2009-03-19,6.35,6.61,6.24,6.54,34920,25294.5054,1.0
2009-03-20,6.51,6.53,6.25,6.34,18998,13598.52123,1.0
2009-03-23,6.24,6.41,6.23,6.33,32457,22980.475010000002,1.0
2009-03-24,6.38,6.57,6.26,6.5,32368,23266.9092,1.0
2009-03-25,6.43,6.47,6.29,6.29,18678,13381.38307,1.0
2009-03-26,6.26,6.48,6.23,6.44,18306,13032.67909,1.0
2009-03-27,6.45,7.11,6.44,6.98,74099,56033.852,1.0
2009-03-30,7.13,7.13,6.69,6.69,44132,33529.96927,1.0
2009-03-31,6.45,6.63,6.39,6.54,35445,25672.21274,1.0
2009-04-01,6.51,7.0,6.51,6.82,41927,31573.41312,1.0
2009-04-02,6.83,6.92,6.62,6.64,27181,20355.543530000003,1.0
2009-04-03,6.66,6.7,6.46,6.52,20999,15428.75001,1.0
2009-04-07,6.55,6.71,6.52,6.69,18794,13907.3513,1.0
2009-04-08,6.71,7.29,6.69,6.83,71164,55055.17809,1.0
2009-04-09,6.73,7.59,6.69,7.59,146034,120649.79309,1.0
2009-04-10,7.7,8.11,7.45,7.91,121880,103708.04614,1.0
2009-04-13,7.78,7.86,7.49,7.71,101080,85181.95774,1.0
2009-04-14,7.53,7.8,7.43,7.76,61313,51655.81608,1.0
2009-04-15,7.71,7.76,7.45,7.6,46642,38941.74123,1.0
2009-04-16,7.58,7.99,7.53,7.63,49331,42036.857520000005,1.0
2009-04-17,7.66,7.66,7.24,7.34,35678,29079.553809999998,1.0
2009-04-20,7.32,7.61,7.17,7.52,23576,19422.19321,1.0
2009-04-21,7.43,7.73,7.24,7.66,38632,32081.596980000002,1.0
2009-04-23,7.15,7.37,6.84,7.3,31533,24763.25261,1.0
2009-04-24,7.14,7.29,6.83,6.83,24974,19362.85589,1.0
2009-04-27,6.65,6.81,6.13,6.19,23102,16522.21788,1.0
2009-04-28,5.98,6.36,5.98,6.36,15003,10495.31884,1.0
2009-04-29,6.23,6.6,6.23,6.53,18203,13174.871519999999,1.0
2009-04-30,6.53,6.6,6.36,6.41,18683,13486.623720000001,1.0
2009-05-04,6.43,6.77,6.43,6.72,20881,15557.06627,1.0
2009-05-05,6.75,6.92,6.65,6.82,21202,16018.589800000002,1.0
2009-05-06,6.83,6.98,6.7,6.89,24159,18422.89005,1.0
2009-05-07,6.93,7.31,6.7,7.19,40425,31321.2764,1.0
2009-05-08,7.05,7.24,6.95,7.01,24389,19149.87356,1.0
2009-05-11,7.03,7.13,6.55,6.55,23685,17936.587620000002,1.0
2009-05-12,6.36,6.7,6.35,6.69,10044,7329.04312,1.0
2009-05-13,6.82,6.86,6.61,6.71,13266,9924.97465,1.0
2009-05-14,6.56,6.8,6.56,6.73,11330,8484.73761,1.0
2009-05-15,6.81,7.2,6.73,7.05,39506,30809.39771,1.0
2009-05-18,7.05,7.83,7.04,7.62,81391,67238.37247,1.0
2009-05-19,7.52,7.79,7.39,7.61,49522,41271.7732,1.0
2009-05-20,7.61,7.71,7.36,7.38,30761,25362.5717,1.0
2009-05-21,7.36,7.36,6.91,7.01,31679,24933.92399,1.0
2009-05-22,7.0,7.79,6.98,7.73,120240,101442.8476,1.0
2009-06-25,7.54,7.83,7.09,7.7,123365,100893.11695,1.0
2009-06-26,7.49,7.62,7.23,7.42,143810,116401.41608,1.0
2009-06-29,7.29,7.35,6.96,7.12,120412,94825.74419,1.0
2009-06-30,7.07,7.55,7.03,7.5,98406,78825.0216,1.0
2009-07-01,7.43,7.75,7.32,7.39,117903,97565.07525,1.0
2009-07-02,7.34,7.34,7.11,7.17,63395,50196.28669,1.0
2009-07-03,7.12,7.45,7.05,7.4,53401,42587.28969,1.0
2009-07-06,7.38,7.55,7.17,7.32,51862,42021.11335,1.0
2009-07-07,7.27,7.28,7.06,7.11,87690,68834.03528,1.0
2009-07-08,7.07,7.18,7.04,7.14,35820,28152.466519999998,1.0
2009-07-09,7.14,7.37,7.1,7.31,57941,46363.08088,1.0
2009-07-10,7.31,7.44,7.21,7.24,45645,36844.54131,1.0
2009-07-13,7.25,7.52,7.25,7.47,82024,66861.20999,1.0
2009-07-14,7.47,7.59,7.41,7.5,62952,51733.914280000005,1.0
2009-07-15,7.51,7.75,7.38,7.66,105464,87226.29391,1.0
2009-07-16,7.67,7.67,7.48,7.48,58401,48377.392869999996,1.0
2009-07-17,7.5,7.56,7.4,7.47,37049,30421.24198,1.0
2009-07-20,7.5,7.67,7.48,7.63,58914,48993.9923,1.0
2009-07-21,7.58,7.65,7.2,7.26,63602,51871.93056,1.0
2009-07-22,7.2,7.36,7.2,7.32,39992,32103.892760000002,1.0
2009-07-23,7.37,7.39,7.26,7.37,31147,25080.4213,1.0
2009-07-24,7.4,7.41,7.17,7.22,38591,31000.75282,1.0
2009-07-27,7.24,7.42,7.22,7.34,38126,30810.740879999998,1.0
2009-07-28,7.34,7.66,7.34,7.57,75276,62141.64357,1.0
2009-07-29,7.53,7.6,6.74,6.89,60131,47873.97553,1.0
2009-07-30,6.9,7.06,6.58,6.92,40226,30303.97184,1.0
2009-07-31,6.89,7.14,6.86,7.08,32719,25323.1577,1.0
2009-08-03,7.1,7.28,7.02,7.17,38294,30289.790539999998,1.0
2009-08-04,7.2,7.31,7.1,7.31,33778,26778.48243,1.0
2009-08-05,7.32,7.48,7.17,7.44,50687,41135.15054,1.0
2009-08-06,7.45,7.51,7.27,7.41,41045,33372.16095,1.0
2009-08-07,7.47,7.55,7.27,7.28,61775,50427.85194,1.0
2009-08-10,7.32,7.37,7.04,7.18,34175,27169.96548,1.0
2009-08-11,7.2,7.29,7.12,7.29,16496,13121.6268,1.0
2009-08-12,7.28,7.28,6.68,6.73,34469,26564.854059999998,1.0
2009-08-13,6.84,6.84,6.62,6.73,14647,10940.01044,1.0
2009-08-14,6.72,6.77,6.12,6.15,32028,22854.02889,1.0
2009-08-17,6.12,6.15,5.59,5.63,23178,15365.56177,1.0
2009-08-18,5.64,5.86,5.64,5.75,16066,10410.16566,1.0
2009-08-19,5.63,5.82,5.19,5.3,20488,12784.549949999999,1.0
2009-08-20,5.33,5.5,5.27,5.47,24600,15041.09627,1.0
2009-08-21,5.47,5.64,5.4,5.61,25053,15678.89491,1.0
2009-08-24,5.57,5.94,5.55,5.88,39997,26064.97097,1.0
2009-08-25,5.78,5.81,5.43,5.66,24772,15803.82675,1.0
2009-08-26,5.57,6.1,5.49,5.91,31244,20737.6,1.0
2009-08-27,5.87,6.1,5.82,6.01,26842,18057.00457,1.0
2009-08-28,5.93,6.4,5.87,6.26,65145,45098.01919,1.0
2009-08-31,6.17,6.25,5.78,5.83,54534,36902.979479999995,1.0
2009-09-01,5.64,5.92,5.56,5.73,27917,18104.214,1.0
2009-09-02,5.64,5.78,5.63,5.77,17984,11558.50021,1.0
2009-09-03,5.74,6.12,5.71,6.06,32338,21577.54006,1.0
2009-09-04,6.02,6.19,5.93,6.03,31777,21611.58756,1.0
2009-09-07,6.05,6.17,5.96,6.06,29675,20232.451350000003,1.0
2009-09-08,6.1,6.22,5.99,6.16,42887,29423.6075,1.0
2009-09-09,6.25,6.42,6.22,6.23,57755,40601.10082,1.0
2009-09-10,6.22,6.22,5.99,6.0,29636,20207.65377,1.0
2009-09-11,5.97,6.19,5.93,6.19,39150,26845.59016,1.0
2009-09-14,6.48,6.57,6.3,6.45,80767,57999.50175,1.0
2009-09-15,6.37,6.49,6.32,6.42,35437,25307.45317,1.0
2009-09-16,6.47,6.67,6.38,6.6,47818,34735.339770000006,1.0
2009-09-17,6.73,7.32,6.73,7.08,105255,81539.56703,1.0
2009-09-18,7.32,7.52,6.93,7.05,134594,108213.15285,1.0
2009-09-21,6.82,7.02,6.52,6.88,46110,34505.81956,1.0
2009-09-22,6.84,7.04,6.56,6.56,32889,24733.81637,1.0
2009-09-23,6.57,6.64,6.3,6.52,33223,23870.62689,1.0
2009-09-24,6.52,7.07,6.52,6.91,84975,64488.92884,1.0
2009-09-25,6.72,6.87,6.52,6.53,32928,24298.954879999998,1.0
2009-09-28,6.53,6.62,5.87,6.05,25580,18096.96957,1.0
2009-09-29,5.93,6.05,5.68,5.82,21109,13891.715400000001,1.0
2009-09-30,5.83,5.97,5.8,5.9,13478,8957.08412,1.0
2009-10-09,5.97,6.17,5.97,6.15,16206,11047.516380000001,1.0
2009-10-12,6.16,6.23,6.08,6.17,14864,10266.59016,1.0
2009-10-13,6.14,6.22,6.09,6.2,17178,11847.591380000002,1.0
2009-10-15,6.27,6.44,6.27,6.32,23935,16940.42614,1.0
2009-10-16,6.31,6.37,6.14,6.25,21639,15027.80574,1.0
2009-10-19,6.25,6.39,6.17,6.36,22385,15795.70816,1.0
2009-10-20,6.41,6.51,6.36,6.51,28699,20653.06291,1.0
2009-10-21,6.5,6.52,6.39,6.41,22012,15829.67757,1.0
2009-10-22,6.34,6.51,6.34,6.51,22803,16378.67091,1.0
2009-10-23,6.51,6.66,6.51,6.57,28347,20743.8269,1.0
2009-10-26,6.61,6.67,6.53,6.66,28313,20731.94057,1.0
2009-10-27,6.59,6.6,6.35,6.35,28991,20823.31793,1.0
2009-10-28,6.29,6.43,6.17,6.33,21971,15417.31113,1.0
2009-10-29,6.27,6.27,6.14,6.16,17676,12223.825429999999,1.0
2009-10-30,6.22,6.42,6.2,6.34,24700,17399.33529,1.0
2009-11-02,6.23,6.67,6.15,6.65,41602,30110.54141,1.0
2009-11-03,6.65,6.91,6.53,6.84,81739,61476.21593,1.0
2009-11-04,6.77,6.83,6.68,6.74,36487,27284.57453,1.0
2009-11-05,6.72,6.86,6.69,6.82,27417,20612.799300000002,1.0
2009-11-06,6.82,7.04,6.82,6.89,48345,37036.102719999995,1.0
2009-11-09,7.08,7.46,7.08,7.21,110749,88530.15453,1.0
2009-11-10,7.26,7.46,7.26,7.33,102017,82534.71209,1.0
2009-11-11,7.31,7.31,7.07,7.2,48036,37965.51011,1.0
2009-11-12,7.27,7.3,7.18,7.23,36817,29334.48322,1.0
2009-11-13,7.25,7.26,7.07,7.23,38075,30012.31527,1.0
2009-11-16,7.23,7.42,7.23,7.39,59409,47844.860810000006,1.0
2009-11-17,7.43,7.45,7.28,7.32,38347,30909.08931,1.0
2009-11-18,7.32,7.35,7.22,7.31,37840,30348.89889,1.0
2009-11-19,7.32,7.68,7.29,7.61,86439,70916.10068999999,1.0
2009-11-20,7.61,7.71,7.44,7.6,61265,51001.64568,1.0
2009-11-23,7.59,7.76,7.5,7.74,56686,47495.287950000005,1.0
2009-11-24,7.74,7.86,6.99,7.11,74592,61465.23689,1.0
2009-11-25,7.07,7.36,7.07,7.35,45659,36360.63506,1.0
2009-11-26,7.41,7.6,7.1,7.1,61787,50085.42351,1.0
2009-11-27,7.02,7.62,6.92,7.3,80129,64615.87877,1.0
2009-11-30,7.31,7.77,7.29,7.72,89255,74218.11849,1.0
2009-12-01,7.64,8.05,7.64,7.87,109000,93901.04943000001,1.0
2009-12-02,7.86,8.07,7.8,7.91,77544,67185.65007999999,1.0
2009-12-03,7.91,8.56,7.87,8.37,114248,101515.6455,1.0
2009-12-04,8.27,8.41,7.65,7.88,99641,87526.39873,1.0
2009-12-07,7.91,8.12,7.89,8.04,48075,42003.65413,1.0
2009-12-08,8.05,8.14,7.73,7.87,50697,43695.89606,1.0
2009-12-09,7.78,7.92,7.67,7.69,35681,30389.39755,1.0
2009-12-10,7.83,7.84,7.68,7.75,28924,24512.89237,1.0
2009-12-11,7.77,7.89,7.74,7.79,31863,27204.244420000003,1.0
2009-12-14,7.79,7.84,7.5,7.67,33429,27964.66272,1.0
2009-12-15,7.72,7.79,7.63,7.78,26440,22383.09282,1.0
2009-12-16,7.76,7.85,7.64,7.67,26803,22748.40538,1.0
2009-12-17,7.67,7.72,7.27,7.32,31601,25822.78129,1.0
2009-12-18,7.25,7.27,6.97,7.07,29068,22726.98818,1.0
2009-12-21,7.07,7.23,6.99,7.23,15244,11985.103720000001,1.0
2009-12-22,7.23,7.24,6.95,7.13,22814,17921.59768,1.0
2009-12-23,7.07,7.44,7.07,7.41,33689,27063.79004,1.0
2009-12-24,7.37,7.66,7.32,7.62,43395,35936.76827,1.0
2009-12-25,7.67,8.07,7.48,7.77,81720,70181.91848000001,1.0
2009-12-28,7.78,7.97,7.78,7.91,39555,34036.696200000006,1.0
2009-12-29,7.93,7.93,7.74,7.89,29552,25307.56819,1.0
2009-12-30,7.89,7.92,7.64,7.7,28632,24238.08628,1.0
2009-12-31,7.67,8.14,7.67,8.0,44966,39159.49536,1.0
2010-01-04,8.11,8.11,7.89,8.06,39715,34654.05896,1.0
2010-01-05,8.15,8.39,8.05,8.14,82677,73895.68594,1.0
2010-01-06,8.08,8.23,7.96,8.04,46239,40867.642909999995,1.0
2010-01-07,7.96,8.01,7.72,7.75,39545,33988.4455,1.0
2010-01-08,7.69,8.12,7.66,8.11,50921,43975.249090000005,1.0
2010-01-11,8.06,8.44,8.03,8.29,71876,64772.685829999995,1.0
2010-01-12,8.27,8.45,8.2,8.32,55732,50584.7239,1.0
2010-01-13,8.13,9.23,8.07,9.23,190420,182641.42144,1.0
2010-01-14,9.23,10.14,9.1,9.77,252220,259852.94833,1.0
2010-01-15,9.61,9.77,9.35,9.52,120065,122969.40372,1.0
2010-01-18,9.41,9.64,9.31,9.53,82674,84415.97594,1.0
2010-01-19,9.5,9.53,9.34,9.48,62685,63597.4112,1.0
2010-01-20,9.5,9.51,8.58,8.68,85729,83786.1488,1.0
2010-01-21,8.68,8.91,8.55,8.76,46950,44439.1294,1.0
2010-01-22,8.65,8.65,8.17,8.38,53097,48358.947100000005,1.0
2010-01-25,8.18,8.56,8.18,8.41,31804,29096.57163,1.0
2010-01-26,8.57,8.62,7.93,8.02,41945,37584.689880000005,1.0
2010-01-27,7.99,8.2,7.77,7.97,34596,30253.621600000002,1.0
2010-01-28,7.97,8.31,7.92,8.31,37921,33839.76445,1.0
2010-01-29,8.37,8.94,8.29,8.51,72882,67925.91429,1.0
2010-02-01,8.44,8.67,8.05,8.31,39439,35735.032009999995,1.0
2010-02-02,8.33,8.54,8.28,8.32,29569,27010.40429,1.0
2010-02-03,8.48,9.12,8.48,9.05,110899,106202.37469,1.0
2010-02-04,8.87,9.13,8.77,8.98,70785,68741.8913,1.0
2010-02-05,9.57,9.95,9.57,9.66,243252,256959.25632,1.0
2010-02-08,9.28,9.44,8.97,9.09,110005,108829.86167,1.0
2010-02-09,9.38,10.07,9.38,10.07,216457,231341.71127,1.0
2010-02-10,10.32,11.05,10.24,10.35,256718,291588.52066000004,1.0
2010-02-11,10.17,10.43,9.92,10.1,116101,125843.84109999999,1.0
2010-02-12,9.82,10.14,9.58,9.97,97607,103095.0841,1.0
2010-02-22,9.9,10.25,9.77,10.05,76185,81772.19504,1.0
2010-02-23,9.97,10.02,9.49,9.84,68527,71881.42924,1.0
2010-02-24,9.82,10.35,9.62,10.35,97979,105800.80295999999,1.0
2010-02-25,10.37,10.57,10.15,10.47,109584,121539.23328,1.0
2010-02-26,10.4,10.75,10.25,10.33,83163,93339.42397,1.0
2010-03-01,10.31,10.45,10.18,10.45,74925,82699.34852,1.0
2010-03-02,10.54,10.63,10.28,10.33,59827,66746.98362,1.0
2010-03-03,10.34,10.37,9.95,10.17,78555,85254.51854,1.0
2010-03-04,10.22,10.3,9.67,9.7,68407,73623.79546,1.0
2010-03-05,9.7,10.04,9.43,9.98,73689,76944.94676,1.0
2010-03-08,10.0,10.0,9.75,9.77,43295,45906.005320000004,1.0
2010-03-09,9.76,9.84,9.49,9.79,31887,33194.66368,1.0
2010-03-10,9.83,10.6,9.83,10.32,133058,147148.22984,1.0
2010-03-11,10.34,10.54,10.04,10.25,67836,74571.83588,1.0
2010-03-12,10.17,10.31,9.77,9.78,51577,55220.64573,1.0
2010-03-15,9.78,9.82,9.3,9.4,46044,46842.720259999995,1.0
2010-03-16,9.33,9.64,9.33,9.57,27992,28629.56189,1.0
2010-03-17,9.64,10.0,9.54,9.88,32648,34457.75885,1.0
2010-03-18,9.97,10.24,9.85,9.91,37189,39912.25765,1.0
2010-03-19,9.87,10.47,9.87,10.32,70892,77720.86351000001,1.0
2010-03-22,10.31,10.76,10.23,10.59,80750,91561.70825,1.0
2010-03-23,10.57,10.66,10.28,10.34,50735,56439.281619999994,1.0
2010-03-24,10.42,10.67,10.33,10.44,44500,49981.03871,1.0
2010-03-25,10.43,10.49,9.97,10.04,46859,50907.88819,1.0
2010-03-26,9.97,10.27,9.87,10.12,28153,30333.39591,1.0
2010-03-29,10.08,10.2,9.93,10.0,27848,29885.411210000002,1.0
2010-03-30,10.0,10.35,9.93,10.22,36482,39987.97190999999,1.0
2010-03-31,10.22,10.69,10.07,10.52,63269,70970.32004,1.0
2010-04-01,10.52,10.66,10.47,10.55,54499,61610.3849,1.0
2010-04-02,10.57,10.85,10.51,10.75,65243,74613.56216,1.0
2010-04-06,10.83,10.86,10.4,10.51,47140,53190.78532,1.0
2010-04-07,10.51,10.65,10.33,10.64,33444,37530.147020000004,1.0
2010-04-08,10.65,10.67,10.37,10.42,37800,42339.22691,1.0
2010-04-09,10.42,10.59,10.38,10.57,42134,47361.61168,1.0
2010-04-12,10.57,11.15,10.53,11.11,107038,124808.64926,1.0
2010-04-13,11.11,11.15,9.97,10.47,87562,99236.99761,1.0
2010-04-14,10.38,10.49,10.08,10.43,40508,44731.297119999996,1.0
2010-04-15,10.33,10.35,10.03,10.16,39516,43095.769060000006,1.0
2010-04-16,10.09,10.32,9.87,10.17,26870,29144.476280000003,1.0
2010-04-19,10.02,10.25,9.67,9.68,32289,34576.11229,1.0
2010-04-20,9.64,9.85,9.37,9.7,35699,36816.67787,1.0
2010-04-21,9.75,10.16,9.65,10.11,39350,42320.065109999996,1.0
2010-04-23,10.11,10.35,9.99,10.23,48710,53333.301289999996,1.0
2010-04-26,10.17,10.26,9.93,9.95,27350,29622.87256,1.0
2010-04-27,9.87,10.02,9.25,9.49,38808,39833.9549,1.0
2010-04-28,9.37,9.6,9.27,9.41,17876,18127.93269,1.0
2010-04-29,9.43,9.79,9.42,9.44,30107,31180.61103,1.0
2010-04-30,9.44,9.55,8.46,8.64,33405,31779.92847,1.0
2010-05-04,8.42,8.7,8.22,8.68,18144,16837.93801,1.0
2010-05-05,8.66,9.03,8.46,9.03,17937,17155.25333,1.0
2010-05-06,9.04,9.26,8.55,8.58,26648,25882.276329999997,1.0
2010-05-07,8.27,8.75,8.17,8.47,19883,18277.91834,1.0
2010-05-10,8.45,8.62,8.16,8.42,16212,14823.60667,1.0
2010-05-11,8.59,8.67,8.25,8.36,19501,17938.399579999998,1.0
2010-05-12,8.26,8.51,7.9,8.15,18208,16368.77065,1.0
2010-05-13,8.17,8.32,7.66,8.28,28268,24773.645350000003,1.0
2010-05-14,8.17,8.47,8.08,8.38,17824,16171.61025,1.0
2010-05-17,8.29,8.43,7.68,7.74,17020,15071.32963,1.0
2010-05-18,7.52,7.84,7.35,7.74,17831,14885.49198,1.0
2010-05-19,7.74,7.94,7.55,7.67,15147,12842.03635,1.0
2010-05-20,7.64,7.89,7.46,7.56,13060,11033.32774,1.0
2010-05-21,7.34,7.62,7.05,7.61,38051,30660.309309999997,1.0
2010-05-24,7.67,8.09,7.67,8.05,30325,26184.999989999997,1.0
2010-05-25,7.92,8.29,7.88,8.11,30461,26805.5098,1.0
2010-05-26,8.06,8.22,7.96,8.08,21320,18789.07563,1.0
2010-05-27,8.07,8.59,8.03,8.45,44643,40749.956920000004,1.0
2010-05-28,8.46,8.58,8.29,8.39,29881,27388.05505,1.0
2010-05-31,8.32,8.53,8.09,8.1,27032,24558.69045,1.0
2010-06-01,7.95,8.13,7.62,7.9,23659,20411.30447,1.0
2010-06-02,7.85,8.07,7.7,8.07,14751,12723.29889,1.0
2010-06-03,8.13,8.55,8.08,8.24,37867,34489.06187,1.0
2010-06-04,8.23,8.66,8.14,8.62,43224,39953.89858,1.0
2010-06-07,8.28,8.98,8.28,8.85,53851,50940.90438,1.0
2010-06-08,8.86,8.92,8.47,8.71,39400,37113.30128,1.0
2010-06-09,8.77,9.18,8.77,9.08,58818,57445.33087,1.0
2010-06-10,9.08,9.22,8.92,9.15,37850,37161.72318,1.0
2010-06-11,9.15,9.22,9.01,9.03,38288,37680.39207,1.0
2010-06-17,9.09,9.57,8.99,9.13,40628,40775.93814,1.0
2010-06-18,9.04,9.1,8.42,8.45,42482,39941.01888,1.0
2010-06-21,8.4,8.99,8.29,8.86,32457,30673.35659,1.0
2010-06-22,8.78,9.25,8.72,9.0,35064,34476.07292,1.0
2010-06-23,8.96,9.66,8.93,9.46,75078,75754.8658,1.0
2010-06-24,9.47,9.55,9.23,9.5,32671,33107.88021,1.0
2010-06-25,9.46,9.74,9.07,9.29,52317,52915.30431,1.0
2010-06-28,9.25,9.67,9.18,9.52,49948,50927.43639,1.0
2010-06-29,9.52,9.56,8.78,8.94,38932,38060.129850000005,1.0
2010-06-30,8.81,8.92,8.55,8.62,29523,27856.739559999998,1.0
2010-07-01,8.65,8.77,8.56,8.68,18358,17234.43692,1.0
2010-07-02,8.69,8.74,7.74,8.03,48938,43295.53311,1.0
2010-07-05,7.91,7.92,7.58,7.75,24887,21178.08857,1.0
2010-07-06,7.96,8.44,7.78,8.23,34125,30558.46596,1.0
2010-07-07,8.15,8.44,8.07,8.42,29832,26870.77584,1.0
2010-07-08,8.42,8.51,8.15,8.26,18333,16613.31655,1.0
2010-07-09,8.26,8.72,8.2,8.56,27560,25479.56875,1.0
2010-07-12,8.56,8.74,8.55,8.62,20798,19464.612739999997,1.0
2010-07-13,8.58,8.58,8.18,8.46,22834,20832.15193,1.0
2010-07-14,8.45,8.75,8.4,8.57,23640,22046.55355,1.0
2010-07-15,8.51,9.12,8.51,8.78,52184,50249.68277000001,1.0
2010-07-16,8.78,8.95,8.49,8.95,34643,32692.34646,1.0
2010-07-19,8.85,9.41,8.72,9.31,56089,55536.64213,1.0
2010-07-20,9.27,9.41,9.19,9.38,46312,46538.53179,1.0
2010-07-21,9.35,9.74,9.26,9.27,69934,71745.70187,1.0
2010-07-22,9.17,10.23,9.02,9.86,105339,109520.63256,1.0
2010-07-23,9.77,9.88,9.64,9.82,53555,56118.70277,1.0
2010-07-26,9.82,10.24,9.73,10.13,66188,71343.862,1.0
2010-07-27,10.06,10.56,10.03,10.39,86354,95284.88922,1.0
2010-07-28,10.42,11.5,10.42,11.5,161091,190466.68166,1.0
2010-07-29,11.56,11.65,11.29,11.5,117628,143746.05306,1.0
2010-07-30,11.39,11.66,11.12,11.33,76026,91827.57355,1.0
2010-08-02,11.28,11.62,11.02,11.3,134497,161072.92427000002,1.0
2010-08-03,11.29,11.45,10.92,10.92,87711,104122.87142,1.0
2010-08-04,10.87,11.05,10.56,10.96,86640,99679.14107,1.0
2010-08-05,10.87,11.32,10.78,11.01,90932,107504.71037999999,1.0
2010-08-06,11.01,11.49,10.87,11.47,89957,107753.88291,1.0
2010-08-09,11.43,11.65,11.29,11.5,74716,91194.56712,1.0
2010-08-10,11.41,11.52,10.67,10.67,70986,83273.08159999999,1.0
2010-08-11,10.63,10.85,10.42,10.62,47023,53224.84231,1.0
2010-08-12,10.52,11.06,10.43,10.92,66784,77407.28856999999,1.0
2010-08-13,10.91,11.02,10.62,10.95,41278,47742.94954,1.0
2010-08-16,10.91,11.1,10.75,11.06,43409,50939.66912,1.0
2010-08-17,11.13,11.42,11.03,11.06,51850,61747.08736,1.0
2010-08-18,11.01,11.53,10.97,11.27,74246,89270.10531,1.0
2010-08-19,11.32,11.56,11.13,11.15,69762,84069.59131,1.0
2010-08-20,11.06,11.06,10.49,10.49,77507,88489.01845999999,1.0
2010-08-23,10.49,10.68,10.49,10.56,34126,38591.964380000005,1.0
2010-08-24,10.58,11.14,10.58,10.99,54191,63132.257659999996,1.0
2010-08-25,10.92,10.92,10.54,10.57,32779,37431.69137,1.0
2010-08-26,10.65,10.92,10.58,10.75,27296,31334.763219999997,1.0
2010-08-27,10.82,10.84,10.55,10.67,22986,26182.57053,1.0
2010-08-30,10.68,11.16,10.68,11.01,52125,60958.23526,1.0
2010-08-31,10.87,12.12,10.84,11.82,121615,149722.54366999998,1.0
2010-09-01,11.77,12.01,11.09,11.37,90012,110089.07411,1.0
2010-09-02,11.48,11.62,11.29,11.46,62499,76291.17426999999,1.0
2010-09-06,11.48,11.67,11.03,11.15,59965,71936.45901,1.0
2010-09-07,11.07,11.55,11.07,11.43,41134,49627.54686,1.0
2010-09-08,11.41,11.44,11.12,11.39,29001,34855.92107,1.0
2010-09-09,11.47,11.57,10.97,11.01,52170,62385.02728,1.0
2010-09-10,11.09,11.13,10.62,11.07,46674,54012.47382,1.0
2010-09-13,11.02,11.4,10.89,11.3,46420,55467.28718,1.0
2010-09-14,11.35,12.12,11.27,11.8,120302,150577.67222,1.0
2010-09-15,11.75,11.75,11.31,11.38,62067,76190.89401999999,1.0
2010-09-16,11.38,12.59,11.33,12.59,255456,336170.39978,1.0
2010-09-17,12.68,13.56,12.08,12.18,257839,352116.88052999997,1.0
2010-09-20,12.27,12.27,11.27,11.43,125436,155319.5607,1.0
2010-09-21,11.22,11.54,10.85,10.86,77633,92200.21362000001,1.0
2010-09-27,10.88,11.32,10.75,11.22,58221,68611.93132999999,1.0
2010-09-28,11.12,11.19,10.9,10.98,45777,53818.18387,1.0
2010-09-29,10.97,11.25,10.85,11.16,46877,55042.17192,1.0
2010-09-30,11.07,11.44,10.99,11.37,42934,51542.17911,1.0
2010-10-08,11.56,11.83,11.27,11.55,58108,71344.01805,1.0
2010-10-11,11.55,11.87,11.39,11.69,65041,80211.07864,1.0
2010-10-12,11.69,11.69,11.47,11.58,44199,54355.72708,1.0
2010-10-13,11.49,11.62,11.08,11.48,56463,68274.85131999999,1.0
2010-10-14,11.57,11.57,10.93,10.99,51612,61450.57456,1.0
2010-10-15,11.0,11.26,10.97,11.06,33499,39544.54845,1.0
2010-10-18,11.06,11.14,10.27,10.42,45299,50639.82019,1.0
2010-10-19,10.42,10.91,10.4,10.83,31773,36376.70377,1.0
2010-10-20,10.65,11.09,10.55,10.94,29896,34666.19222999999,1.0
2010-10-21,11.02,11.46,10.87,11.32,45458,54369.79524,1.0
2010-10-22,11.43,11.62,11.27,11.39,38448,46840.88519,1.0
2010-10-25,11.39,11.77,11.37,11.69,51872,64096.60577,1.0
2010-10-26,11.7,11.75,11.39,11.59,49627,60794.80593,1.0
2010-10-27,11.6,12.23,11.4,11.85,90635,114453.19959,1.0
2010-10-28,12.09,12.94,11.89,12.73,134519,177938.77187,1.0
2010-10-29,12.57,13.54,12.27,13.08,129255,176645.03884999998,1.0
2010-11-01,13.0,13.85,12.97,13.51,96851,137433.90944999998,1.0
2010-11-02,13.52,13.82,13.14,13.14,92495,130967.64347,1.0
2010-11-03,13.14,13.24,12.45,12.49,69718,93942.11384,1.0
2010-11-04,12.52,13.32,12.52,13.31,65228,89351.45126999999,1.0
2010-11-05,13.65,13.95,13.27,13.46,71841,102779.5793,1.0
2010-11-08,13.46,14.88,13.37,14.88,118741,179366.15235,1.0
2010-11-09,15.47,16.17,14.57,15.37,142853,230351.12480000002,1.0
2010-11-10,15.27,16.14,14.99,15.71,73727,120604.80745000001,1.0
2010-11-11,15.47,15.67,14.92,15.01,74450,119197.14447,1.0
2010-11-12,14.88,15.01,13.44,13.44,104451,155350.63709,1.0
2010-11-15,13.42,14.86,13.42,14.86,76084,113065.969,1.0
2010-11-16,15.36,16.02,14.29,15.17,124243,198873.43242,1.0
2010-11-17,14.98,15.73,14.28,14.57,94859,150221.81276,1.0
2010-11-18,14.54,16.06,14.54,15.87,111746,181191.17713999999,1.0
2010-11-19,16.1,16.71,15.57,16.25,118430,199803.87191,1.0
2010-11-22,15.97,16.46,15.74,16.0,83661,140689.16587,1.0
2010-11-23,15.95,15.95,14.86,15.07,65431,104759.11484000001,1.0
2010-11-24,15.27,15.72,15.07,15.49,46486,75114.1826,1.0
2010-11-25,15.56,17.1,15.35,16.77,103119,177870.89226,1.0
2010-11-26,16.67,16.67,15.97,16.37,53184,90386.38679,1.0
2010-11-29,16.17,16.58,15.82,16.24,34493,58200.407009999995,1.0
2010-11-30,16.07,16.11,14.56,15.27,75983,121402.79985,1.0
2010-12-01,14.96,15.32,14.57,14.96,31148,48831.21554,1.0
2010-12-02,15.23,15.58,14.96,15.08,36813,59130.25314,1.0
2010-12-03,15.22,15.65,15.17,15.38,33634,54368.620950000004,1.0
2010-12-06,15.38,15.42,14.62,14.78,31027,48193.31353,1.0
2010-12-07,14.78,14.94,14.17,14.92,22598,34516.015770000005,1.0
2010-12-08,14.82,15.22,14.62,14.97,22522,35452.829939999996,1.0
2010-12-09,14.82,14.82,13.81,13.86,40905,61251.948240000005,1.0
2010-12-10,13.67,14.27,13.57,14.1,21634,31777.076109999998,1.0
2010-12-13,14.17,14.81,14.17,14.54,31754,48579.7416,1.0
2010-12-14,14.57,15.01,14.45,14.64,28782,44469.441810000004,1.0
2010-12-15,14.96,14.96,14.62,14.75,20096,31123.870600000002,1.0
2010-12-16,14.6,14.86,14.6,14.7,10559,16350.16524,1.0
2010-12-17,14.63,15.12,14.63,15.04,23065,36031.75577,1.0
2010-12-20,15.09,15.73,14.94,15.62,79366,127892.67767,1.0
2010-12-21,15.47,15.6,15.06,15.42,34132,54690.61846,1.0
2010-12-22,15.58,15.61,15.29,15.58,27326,44308.22848,1.0
2010-12-23,15.75,15.75,15.07,15.14,22344,35971.9486,1.0
2010-12-24,14.73,15.02,14.07,14.25,27028,40841.631420000005,1.0
2010-12-27,14.17,14.52,13.62,13.71,19158,28473.767649999998,1.0
2010-12-28,13.57,13.73,12.95,13.17,18140,25329.47238,1.0
2010-12-29,13.16,13.55,13.07,13.47,13141,18500.342399999998,1.0
2010-12-30,13.67,13.97,13.45,13.87,13813,20093.18449,1.0
2010-12-31,13.87,14.36,13.87,14.09,15268,22661.13103,1.0
2011-01-04,14.27,14.46,13.87,14.27,25494,37973.473549999995,1.0
2011-01-05,14.31,14.75,14.0,14.71,27853,42387.70087,1.0
2011-01-06,14.82,15.02,14.57,14.71,35221,54556.927670000005,1.0
2011-01-07,14.67,14.75,14.16,14.19,16599,25215.55025,1.0
2011-01-10,14.25,14.62,14.09,14.47,16458,24893.23099,1.0
2011-01-11,14.52,14.55,13.71,14.1,13785,20593.877780000003,1.0
2011-01-12,14.12,14.26,13.37,13.76,20917,30185.87272,1.0
2011-01-13,13.74,13.74,12.93,13.43,31393,43850.28455,1.0
2011-01-14,13.27,13.27,13.02,13.17,13539,18811.059,1.0
2011-01-17,12.87,13.17,12.27,12.39,15298,20593.79517,1.0
2011-01-18,12.32,12.76,12.15,12.53,17460,23231.56607,1.0
2011-01-19,12.53,12.97,12.44,12.74,19597,26373.313100000003,1.0
2011-01-20,12.74,12.74,11.83,11.87,18682,24244.89158,1.0
2011-01-21,11.77,12.37,11.57,12.24,14734,18863.632940000003,1.0
2011-01-24,12.24,12.53,12.07,12.12,14693,19132.723469999997,1.0
2011-01-25,12.17,12.28,11.3,11.39,15552,19303.31327,1.0
2011-01-26,11.43,11.93,11.43,11.93,13940,17418.37454,1.0
2011-01-27,11.73,12.72,11.65,12.45,21041,27676.572070000002,1.0
2011-01-28,12.52,12.82,12.32,12.77,17937,23945.80824,1.0
2011-01-31,12.73,13.57,12.72,13.54,26934,37577.073990000004,1.0
2011-02-01,13.47,13.64,13.27,13.36,16314,23015.50084,1.0
2011-02-09,13.23,13.46,13.1,13.37,14173,19843.601899999998,1.0
2011-02-10,13.36,13.64,13.05,13.62,18890,26741.71156,1.0
2011-02-11,13.56,13.99,13.27,13.67,17205,24845.76512,1.0
2011-02-14,13.72,14.07,13.41,13.85,21727,31726.15357,1.0
2011-02-15,13.85,14.07,13.62,13.83,26844,38999.226740000006,1.0
2011-02-16,13.64,14.02,13.4,13.98,23621,34334.655719999995,1.0
2011-02-17,13.98,14.72,13.97,14.64,38102,57808.67043,1.0
2011-02-18,14.55,15.29,14.39,15.05,45717,72012.4008,1.0
2011-02-21,14.85,15.57,14.61,15.57,51356,82240.95956,1.0
2011-02-22,15.77,15.87,14.77,15.1,42443,67660.36147,1.0
2011-02-23,14.98,15.27,14.77,15.25,22492,35495.32663,1.0
2011-02-24,15.23,15.66,15.02,15.29,31956,51383.65125,1.0
2011-02-25,15.26,15.32,14.87,15.27,14110,22316.950969999998,1.0
2011-02-28,15.27,15.65,15.08,15.3,23599,38025.44907,1.0
2011-03-01,15.37,16.75,15.17,16.29,63233,104786.95304000001,1.0
2011-03-02,16.26,16.45,15.65,16.04,34997,58545.56828,1.0
2011-03-03,15.87,16.16,15.15,15.18,32996,53602.82736,1.0
2011-03-04,15.17,16.77,15.09,16.77,89900,156062.61459,1.0
2011-03-07,16.97,17.2,16.44,16.67,72409,126446.97834999999,1.0
2011-03-08,16.47,17.15,16.38,17.07,48548,85200.95919,1.0
2011-03-09,17.13,17.13,16.45,16.77,36505,63515.59196,1.0
2011-03-10,16.66,16.66,15.87,16.1,62928,105627.98157999999,1.0
2011-03-11,15.92,16.17,15.7,16.07,46070,76736.49475,1.0
2011-03-14,15.88,16.03,15.49,15.57,36329,59534.177619999995,1.0
2011-03-15,15.56,15.77,15.19,15.72,41695,67512.57426000001,1.0
2011-03-16,15.67,16.17,15.59,16.0,37430,62536.807740000004,1.0
2011-03-17,15.98,16.01,15.26,15.37,30016,48898.80368,1.0
2011-03-18,15.37,15.72,15.32,15.42,14080,22830.17843,1.0
2011-03-21,15.42,15.67,15.01,15.05,26622,42647.592119999994,1.0
2011-03-22,15.1,15.3,15.03,15.07,19632,31192.17291,1.0
2011-03-23,15.19,15.53,14.93,15.34,24329,38884.56376,1.0
2011-03-24,15.37,15.46,15.15,15.39,15390,24693.60604,1.0
2011-03-25,15.42,15.99,15.32,15.82,37742,62520.3624,1.0
2011-03-28,15.82,16.04,15.58,15.82,21364,35241.27712,1.0
2011-03-29,15.82,15.82,15.14,15.18,21979,35241.50946,1.0
2011-03-30,15.14,15.35,14.54,14.77,18481,28686.74089,1.0
2011-03-31,14.67,14.87,14.53,14.55,7728,11917.4495,1.0
2011-04-01,14.55,15.0,14.55,14.88,7386,11473.146560000001,1.0
2011-04-06,15.04,15.04,14.59,14.64,8328,12858.94663,1.0
2011-04-07,14.77,14.77,14.34,14.38,16518,25127.84714,1.0
2011-04-08,14.3,14.58,14.27,14.52,11057,16816.53321,1.0
2011-04-11,14.37,14.93,14.27,14.62,17004,26228.220510000003,1.0
2011-04-12,14.62,14.87,14.54,14.75,11451,17690.44747,1.0
2011-04-13,14.74,15.13,14.7,15.13,15576,24429.148579999997,1.0
2011-04-14,15.15,15.62,15.15,15.24,25844,41755.562359999996,1.0
2011-04-15,15.27,16.53,15.27,16.18,61040,102230.76683,1.0
2011-04-18,16.06,16.67,15.87,16.41,39028,66578.71784,1.0
2011-04-19,16.29,16.36,15.8,15.8,26039,43565.26276,1.0
2011-04-20,15.8,16.11,15.55,16.03,14128,23519.449230000002,1.0
2011-04-21,16.05,17.71,15.97,17.43,96248,174018.52133000002,1.0
2011-04-25,16.87,16.87,15.61,15.61,74168,122787.05972,1.0
2011-04-26,15.17,15.69,15.17,15.47,18973,30746.548059999997,1.0
2011-04-27,15.49,15.73,14.72,14.77,18426,29282.77133,1.0
2011-04-28,14.86,15.04,13.37,14.24,26875,40504.592710000004,1.0
2011-04-29,14.26,14.46,14.14,14.42,8167,12278.772949999999,1.0
2011-05-03,14.44,15.16,14.42,14.85,13520,21016.48664,1.0
2011-05-04,14.85,15.31,14.63,14.84,16646,26212.162399999997,1.0
2011-05-05,14.84,15.31,14.68,15.27,10603,16825.98413,1.0
2011-05-06,15.07,15.37,14.95,15.05,16262,25772.28604,1.0
2011-05-09,15.05,15.26,14.75,15.04,8660,13622.21077,1.0
2011-05-10,15.04,15.04,14.55,14.87,9142,14083.80625,1.0
2011-05-11,14.85,15.11,14.77,14.89,12088,18986.81739,1.0
2011-05-12,14.78,14.92,14.32,14.38,12904,19756.86287,1.0
2011-05-13,14.29,14.62,14.29,14.55,6578,9985.51925,1.0
2011-05-16,14.55,15.07,14.55,14.77,12657,19759.97814,1.0
2011-05-17,14.77,15.04,14.56,14.57,6740,10422.5079,1.0
2011-05-18,14.66,14.75,14.48,14.59,7307,11195.82306,1.0
2011-05-19,14.61,14.68,14.25,14.36,18337,27757.907170000002,1.0
2011-05-20,14.41,14.42,14.24,14.37,7788,11725.33432,1.0
2011-05-23,14.43,14.46,13.91,13.97,9412,14042.91394,1.0
2011-05-24,14.17,14.17,13.39,13.92,9294,13450.556369999998,1.0
2011-05-25,14.12,14.12,13.42,13.74,7025,10211.17339,1.0
2011-05-26,13.96,13.96,13.29,13.61,6699,9693.75743,1.0
2011-05-27,13.6,13.72,13.07,13.37,10519,14741.97215,1.0
2011-05-30,13.17,13.68,13.17,13.42,5721,8152.79999,1.0
2011-05-31,13.47,13.78,13.3,13.77,4372,6260.31806,1.0
2011-06-01,13.77,13.79,13.53,13.78,3957,5709.12976,1.0
2011-06-02,13.78,13.78,13.39,13.52,4202,6000.07659,1.0
2011-06-03,13.52,13.86,13.52,13.74,6097,8796.0414,1.0
2011-06-07,13.74,13.84,13.57,13.68,5850,8432.61737,1.0
2011-06-08,13.68,13.69,13.31,13.5,5374,7627.14933,1.0
2011-06-09,13.5,13.57,13.24,13.3,6526,9189.20173,1.0
2011-06-10,13.3,13.42,13.17,13.32,3537,4943.17399,1.0
2011-06-13,13.32,13.52,13.17,13.46,4686,6605.05243,1.0
2011-06-14,13.55,14.74,13.55,14.28,24103,36429.27904,1.0
2011-06-15,14.46,14.46,14.14,14.21,12456,18718.15735,1.0
2011-06-16,14.17,14.27,13.9,14.06,4462,6599.38886,1.0
2011-06-17,13.99,14.59,13.99,14.19,10601,15916.503560000001,1.0
2011-06-20,14.19,14.39,13.74,14.09,3200,4716.41874,1.0
2011-06-21,13.87,14.19,13.87,14.17,3965,5858.22811,1.0
2011-06-22,14.28,14.28,13.78,13.84,4740,6939.56121,1.0
2011-06-23,13.75,14.19,13.54,14.08,4997,7321.04825,1.0
2011-06-24,14.08,14.44,13.97,14.29,7296,10961.862130000001,1.0
2011-06-27,14.48,14.68,14.4,14.49,8758,13356.00115,1.0
2011-06-28,14.63,15.02,14.43,14.84,12711,19620.51855,1.0
2011-06-29,14.86,14.88,14.3,14.39,10315,15728.10663,1.0
2011-06-30,14.29,14.69,14.2,14.52,14435,21921.724140000002,1.0
2011-07-01,14.48,14.49,14.24,14.35,11587,17430.475469999998,1.0
2011-07-04,14.36,14.84,14.19,14.71,20904,31757.96119,1.0
2011-07-05,14.63,14.81,14.54,14.72,10592,16257.42276,1.0
2011-07-06,14.72,14.94,14.5,14.93,13098,20250.3446,1.0
2011-07-07,14.8,14.89,14.38,14.58,24933,38138.986560000005,1.0
2011-07-08,14.58,14.62,14.2,14.38,11947,18028.729649999997,1.0
2011-07-11,14.49,14.78,14.37,14.43,14414,21942.50588,1.0
2011-07-12,14.34,14.43,14.0,14.14,18103,27067.94409,1.0
2011-07-13,14.29,14.37,14.09,14.13,15574,23204.53038,1.0
2011-07-14,14.11,14.44,14.09,14.44,14557,21717.36502,1.0
2011-07-15,14.43,14.43,14.18,14.24,11664,17441.255530000002,1.0
2011-07-18,14.19,14.33,14.09,14.17,8558,12755.29668,1.0
2011-07-19,14.02,14.22,13.94,13.96,11900,17556.76391,1.0
2011-07-20,13.96,14.21,13.92,14.15,8662,12764.59974,1.0
2011-07-21,14.09,14.94,14.02,14.91,41439,63392.08818,1.0
2011-07-22,14.94,15.93,14.74,15.27,66533,107780.20598,1.0
2011-07-25,15.27,15.28,14.7,14.8,31093,48479.98291,1.0
2011-07-26,14.78,15.35,14.78,15.15,24607,38808.07393,1.0
2011-07-27,15.09,15.4,14.9,15.37,20050,31860.89949,1.0
2011-07-28,15.17,15.27,14.81,15.03,15678,24640.24984,1.0
2011-08-01,15.03,15.03,14.31,14.49,24730,37853.04538,1.0
2011-08-02,14.35,14.35,13.71,13.9,22949,33545.12133,1.0
2011-08-03,13.77,14.05,13.62,13.9,12864,18722.30186,1.0
2011-08-04,13.84,14.04,13.77,13.99,7848,11456.33858,1.0
2011-08-05,13.59,13.76,13.3,13.68,10798,15433.03025,1.0
2011-08-08,13.3,13.54,12.54,12.68,14103,19374.299320000002,1.0
2011-08-09,12.09,12.55,11.58,12.29,14959,19198.54713,1.0
2011-08-10,12.44,12.66,12.25,12.3,13541,17818.29913,1.0
2011-08-11,12.09,12.43,11.76,12.36,12359,15908.97108,1.0
2011-08-12,12.36,12.79,12.32,12.33,11969,15797.101,1.0
2011-08-15,12.37,12.77,12.37,12.6,10839,14426.565,1.0
2011-08-16,12.71,12.98,12.6,12.68,12955,17479.281,1.0
2011-08-17,12.54,12.75,12.44,12.45,5927,7882.709,1.0
2011-08-18,12.32,12.51,12.15,12.18,8130,10563.161,1.0
2011-08-19,11.81,12.29,11.7,12.03,5444,6911.594,1.0
2011-08-22,12.12,12.25,11.99,12.02,3320,4253.752,1.0
2011-08-23,12.12,12.29,12.02,12.09,8331,10670.286,1.0
2011-08-24,12.19,12.36,12.1,12.29,10793,13987.032,1.0
2011-08-25,12.39,12.54,12.22,12.45,10310,13494.733,1.0
2011-08-26,12.41,12.73,12.38,12.49,6663,8833.332,1.0
2011-08-29,12.49,12.49,12.17,12.29,7060,9182.212,1.0
2011-08-30,12.48,12.54,12.18,12.24,10092,13183.391,1.0
2011-08-31,12.15,12.48,12.15,12.45,6272,8177.588,1.0
2011-09-01,12.44,12.68,12.3,12.58,10612,14000.07,1.0
2011-09-02,12.67,12.67,12.36,12.58,6685,8839.804,1.0
2011-09-05,12.47,13.54,12.29,12.91,27206,37344.297,1.0
2011-09-06,12.64,12.98,12.56,12.8,9920,13400.872,1.0
2011-09-07,12.8,13.04,12.64,13.02,9963,13580.473,1.0
2011-09-08,13.11,13.11,12.72,12.74,6212,8463.299,1.0
2011-09-09,12.79,13.05,12.71,12.77,6773,9191.015,1.0
2011-09-13,12.41,12.65,11.95,12.19,5305,6881.675,1.0
2011-09-14,12.56,12.56,12.08,12.25,7878,10159.43,1.0
2011-09-15,12.25,12.53,12.11,12.25,5927,7712.235,1.0
2011-09-16,12.17,12.36,12.17,12.29,3583,4655.0,1.0
2011-09-19,12.35,12.35,12.05,12.08,3229,4156.727,1.0
2011-09-20,12.05,12.34,12.0,12.27,4803,6201.134,1.0
2011-09-21,12.29,12.65,12.11,12.54,15774,20763.405,1.0
2011-09-22,12.29,12.89,12.29,12.69,17172,22984.346,1.0
2011-09-23,12.59,12.62,12.04,12.44,8678,11391.921,1.0
2011-09-26,12.57,12.68,11.99,11.99,8627,11094.842,1.0
2011-09-27,12.09,12.19,11.89,12.06,4918,6281.022,1.0
2011-09-28,12.01,12.14,11.58,11.61,6013,7533.652,1.0
2011-09-29,11.61,11.69,11.44,11.6,5348,6578.452,1.0
2011-09-30,11.6,11.97,11.39,11.74,3891,4840.011,1.0
2011-10-10,11.85,12.07,11.76,11.99,3175,4023.373,1.0
2011-10-11,12.09,12.56,12.09,12.44,10180,13384.837,1.0
2011-10-12,12.27,12.84,12.27,12.84,9958,13316.698,1.0
2011-10-13,12.85,12.95,12.59,12.81,8660,11685.157,1.0
2011-10-14,12.77,12.92,12.58,12.87,6350,8567.491,1.0
2011-10-17,12.81,13.15,12.79,13.09,7150,9789.911,1.0
2011-10-18,12.84,13.02,12.56,12.84,5718,7731.921,1.0
2011-10-19,12.74,13.06,12.74,12.81,5472,7448.04,1.0
2011-10-20,12.69,12.92,11.89,12.19,5251,6914.688,1.0
2011-10-21,12.29,12.39,11.99,12.19,3486,4507.367,1.0
2011-10-24,12.29,12.48,11.99,12.48,3620,4706.385,1.0
2011-10-25,12.24,12.77,12.24,12.74,5058,6736.403,1.0
2011-10-26,12.74,13.12,12.61,12.87,6524,8902.57,1.0
2011-10-27,12.84,13.02,12.59,12.73,3074,4145.045,1.0
2011-10-28,12.73,12.95,12.71,12.89,6246,8474.069,1.0
2011-10-31,12.92,13.29,12.78,13.17,6559,9037.883,1.0
2011-11-01,12.83,13.29,12.83,13.09,7731,10677.379,1.0
2011-11-02,12.88,14.06,12.79,13.49,21685,30883.011,1.0
2011-11-03,13.51,13.79,13.42,13.47,18342,26302.987,1.0
2011-11-04,13.29,13.58,13.17,13.37,9492,13326.647,1.0
2011-11-07,13.3,13.69,12.91,13.69,12068,17216.101,1.0
2011-11-08,13.59,13.92,13.49,13.51,9526,13706.757,1.0
2011-11-09,13.73,13.74,13.32,13.68,7863,11237.118,1.0
2011-11-10,13.3,13.64,13.27,13.27,7976,11278.536,1.0
2011-11-11,13.21,13.54,13.11,13.29,3990,5579.429,1.0
2011-11-14,13.53,13.53,13.16,13.38,6680,9415.675,1.0
2011-11-15,13.39,13.43,13.19,13.26,8746,12235.54,1.0
2011-11-16,13.39,13.39,12.6,12.89,11043,15029.17,1.0
2011-11-17,12.79,12.93,12.62,12.67,5439,7317.89,1.0
2011-11-18,12.54,12.54,12.04,12.18,11629,14951.154,1.0
2011-11-21,12.07,12.21,11.99,12.21,3571,4578.394,1.0
2011-11-22,12.04,12.39,12.04,12.29,4669,6049.828,1.0
2011-11-23,12.34,12.51,12.14,12.19,5421,7053.522,1.0
2011-11-24,11.97,12.05,11.79,11.93,7108,8945.01,1.0
2011-11-25,11.91,11.91,11.54,11.65,9009,11129.236,1.0
2011-11-28,11.69,11.83,11.6,11.68,4469,5564.816,1.0
2011-11-29,11.84,11.92,11.62,11.92,4183,5213.084,1.0
2011-11-30,11.94,12.09,11.45,11.51,8386,10457.882,1.0
2011-12-01,11.97,11.97,11.68,11.7,4480,5593.325,1.0
2011-12-02,11.7,11.7,11.41,11.49,3414,4154.16,1.0
2011-12-05,11.63,11.63,11.23,11.31,3430,4133.44,1.0
2011-12-06,11.31,11.31,10.79,10.97,4685,5464.052,1.0
2011-12-07,10.97,10.97,10.71,10.73,3504,4038.466,1.0
2011-12-08,10.73,11.64,9.6,11.29,12611,15059.822,1.0
2011-12-09,11.0,11.26,10.75,10.77,6429,7507.537,1.0
2011-12-12,10.48,10.87,10.29,10.41,6806,7625.71,1.0
2011-12-13,10.32,10.44,9.8,9.99,5794,6244.235,1.0
2011-12-14,9.96,10.08,9.68,9.77,3453,3634.413,1.0
2011-12-15,9.78,9.78,8.98,9.18,7259,7240.49,1.0
2011-12-16,9.12,9.29,9.01,9.27,4077,4028.468,1.0
2011-12-19,9.3,9.3,8.92,9.27,5466,5367.16,1.0
2011-12-20,9.3,9.42,9.07,9.17,5781,5721.799,1.0
2011-12-21,9.27,9.27,8.92,8.92,4194,4104.374,1.0
2011-12-22,8.9,8.9,8.13,8.39,5953,5380.184,1.0
2011-12-23,8.37,8.48,8.15,8.29,4582,4140.425,1.0
2011-12-26,8.28,8.33,7.99,7.99,6924,6102.198,1.0
2011-12-27,7.9,8.31,7.9,8.15,10301,9136.76,1.0
2011-12-28,7.94,8.24,7.94,8.23,6675,5875.044,1.0
2011-12-29,8.05,8.46,8.05,8.27,5112,4625.366,1.0
2011-12-30,8.19,8.59,8.19,8.57,7214,6600.912,1.0
2012-01-04,8.57,8.69,8.29,8.29,9248,8626.534,1.0
2012-01-05,8.18,8.29,8.0,8.14,8020,7119.553,1.0
2012-01-06,8.27,8.39,7.81,8.1,2818,2488.66,1.0
2012-01-09,8.57,8.57,7.89,8.36,4218,3787.303,1.0
2012-01-10,8.37,8.88,8.29,8.87,11519,10819.949,1.0
2012-01-11,8.82,9.23,8.82,9.09,14750,14406.712,1.0
2012-01-12,8.89,9.19,8.82,9.08,11000,10720.553,1.0
2012-01-13,9.11,9.39,8.79,9.19,26367,25956.975,1.0
2012-01-16,8.99,9.34,8.82,8.93,10125,9952.798,1.0
2012-01-17,8.89,9.74,8.79,9.54,23360,22965.633,1.0
2012-01-18,9.49,9.89,9.17,9.34,21478,21889.364,1.0
2012-01-19,9.44,9.57,9.06,9.47,22058,22086.0,1.0
2012-01-20,9.41,9.41,9.24,9.27,16103,16210.878,1.0
2012-01-30,9.27,9.64,9.09,9.25,15035,15121.619,1.0
2012-01-31,9.02,9.39,8.95,9.11,9312,9139.106,1.0
2012-02-01,9.12,9.16,8.91,9.04,5090,4938.541,1.0
2012-02-02,8.99,9.17,8.98,9.12,4785,4689.833,1.0
2012-02-03,9.14,9.34,9.01,9.28,7502,7451.801,1.0
2012-02-06,9.39,9.39,9.19,9.35,8916,8913.395,1.0
2012-02-07,9.24,9.29,8.99,9.05,5808,5692.628,1.0
2012-02-08,8.95,9.29,8.95,9.19,5825,5739.733,1.0
2012-02-09,9.25,9.44,9.15,9.35,16297,16350.759,1.0
2012-02-10,9.35,9.52,9.21,9.35,10220,10243.434,1.0
2012-02-13,9.35,9.59,9.27,9.57,14900,15079.729,1.0
2012-02-14,9.43,9.54,9.39,9.43,11275,11439.868,1.0
2012-02-15,9.33,9.54,9.3,9.51,14668,14910.15,1.0
2012-02-16,9.51,10.53,9.49,10.53,81782,90271.091,1.0
2012-02-17,10.34,10.42,10.09,10.2,46917,51284.443,1.0
2012-02-20,10.19,10.37,10.02,10.2,37435,40853.923,1.0
2012-02-21,10.1,10.33,9.81,10.33,39589,42788.596,1.0
2012-02-22,10.32,10.33,9.98,10.29,47895,52317.458,1.0
2012-02-23,10.23,10.29,9.94,10.19,28548,30974.975,1.0
2012-02-24,10.19,10.34,10.02,10.24,29255,31869.595,1.0
2012-02-27,10.25,10.52,10.14,10.25,50092,55289.774,1.0
2012-02-28,10.21,10.21,9.85,9.89,32143,34338.853,1.0
2012-02-29,9.94,9.94,9.49,9.53,27664,28711.95,1.0
2012-03-01,9.49,9.76,9.44,9.58,19893,20493.459,1.0
2012-03-02,9.58,9.78,9.53,9.7,19346,20075.763,1.0
2012-03-05,9.72,9.94,9.68,9.71,25064,26341.906,1.0
2012-03-06,9.69,9.79,9.42,9.59,20501,20982.404,1.0
2012-03-07,9.51,9.72,9.39,9.49,16845,17299.687,1.0
2012-03-08,9.54,9.77,9.5,9.65,17205,17802.545,1.0
2012-03-09,9.67,9.81,9.67,9.78,20407,21325.171,1.0
2012-03-12,9.79,9.9,9.71,9.85,16684,17529.652,1.0
2012-03-13,9.85,9.89,9.69,9.83,24606,25788.92,1.0
2012-03-14,9.84,10.12,9.29,9.42,45193,47394.996,1.0
2012-03-15,9.48,9.64,8.79,8.99,31598,31311.872,1.0
2012-03-16,8.89,9.17,8.84,9.12,17596,17080.832,1.0
2012-03-19,9.11,9.19,8.9,9.19,15086,14744.666,1.0
2012-03-20,9.24,9.24,8.89,8.89,15651,15305.473,1.0
2012-03-21,9.0,9.11,8.68,8.88,22070,21046.173,1.0
2012-03-22,8.83,8.87,8.64,8.8,22668,21433.61,1.0
2012-03-23,8.8,9.1,8.8,8.93,36193,35034.156,1.0
2012-03-26,8.81,8.98,8.48,8.58,24885,23263.841,1.0
2012-03-27,8.6,8.72,8.5,8.54,14712,13670.095,1.0
2012-03-28,8.87,8.87,7.99,8.07,22040,19865.827,1.0
2012-03-29,8.26,8.26,7.35,7.57,19789,16875.922,1.0
2012-03-30,7.73,7.73,7.33,7.47,18139,14903.777,1.0
2012-04-05,7.49,7.68,7.45,7.64,15474,12768.101,1.0
2012-04-06,7.69,7.94,7.5,7.86,22485,19000.196,1.0
2012-04-09,7.99,8.17,7.84,7.85,27683,24123.933,1.0
2012-04-10,7.99,7.99,7.48,7.88,19058,16069.975,1.0
2012-04-11,7.79,7.97,7.61,7.97,20938,17947.325,1.0
2012-04-12,7.97,8.15,7.84,8.1,27277,23703.757,1.0
2012-04-13,8.12,8.45,8.0,8.3,35691,31697.492,1.0
2012-04-16,8.19,8.42,8.09,8.17,26574,23620.799,1.0
2012-04-17,8.21,8.22,7.94,7.98,17319,15223.191,1.0
2012-04-18,7.99,8.17,7.97,8.15,17188,15141.245,1.0
2012-04-20,8.15,8.39,8.09,8.26,18482,16567.547,1.0
2012-04-23,8.26,8.33,8.09,8.18,16632,14830.34,1.0
2012-04-24,8.07,8.26,7.6,7.87,18510,15917.328,1.0
2012-04-25,7.84,7.93,7.69,7.88,14914,12729.322,1.0
2012-04-26,7.89,8.35,7.84,8.33,33893,29976.174,1.0
2012-04-27,8.32,8.39,8.1,8.19,17386,15560.168,1.0
2012-05-02,8.21,8.34,8.12,8.23,18976,16938.164,1.0
2012-05-03,8.24,8.73,8.17,8.53,45281,41535.304,1.0
2012-05-04,8.53,9.0,8.34,8.9,62010,59158.544,1.0
2012-05-07,8.87,9.28,8.76,9.17,50876,49539.8,1.0
2012-05-08,9.06,9.43,8.95,9.01,31904,31438.192,1.0
2012-05-09,8.84,8.9,8.54,8.57,32068,30082.301,1.0
2012-05-10,8.5,8.75,8.49,8.54,23242,21687.658,1.0
2012-05-11,8.49,8.63,8.4,8.54,17852,16505.328,1.0
2012-05-14,8.69,9.16,8.64,8.87,47318,45747.361,1.0
2012-05-15,8.72,9.1,8.71,8.97,29371,28345.608,1.0
2012-05-16,8.97,9.25,8.76,8.77,26986,26198.774,1.0
2012-05-17,8.67,8.94,8.62,8.91,15101,14434.634,1.0
2012-05-18,8.91,8.94,8.54,8.58,18179,17032.435,1.0
2012-05-21,8.51,8.67,8.39,8.46,13684,12593.707,1.0
2012-05-22,8.47,8.59,8.44,8.53,11633,10732.72,1.0
2012-05-23,8.54,8.61,8.44,8.52,13204,12199.499,1.0
2012-05-24,8.52,8.76,8.41,8.61,16766,15598.983,1.0
2012-05-25,8.54,8.68,8.36,8.36,11364,10468.323,1.0
2012-05-28,8.32,8.32,7.77,8.09,23134,20083.249,1.0
2012-05-29,8.08,8.42,7.99,8.36,15701,14083.208,1.0
2012-05-30,8.3,8.36,8.22,8.26,12819,11520.41,1.0
2012-05-31,8.19,8.47,8.14,8.38,14313,12987.682,1.0
2012-06-01,8.39,8.44,8.14,8.22,8997,8105.167,1.0
2012-06-04,7.99,8.08,7.77,7.8,13383,11563.594,1.0
2012-06-06,7.79,7.83,7.64,7.68,8106,6851.253,1.0
2012-06-07,7.72,7.84,7.57,7.61,6892,5803.664,1.0
2012-06-08,7.74,7.74,7.47,7.47,7892,6558.889,1.0
2012-06-11,7.59,7.76,7.51,7.73,10876,9098.152,1.0
2012-06-12,7.66,7.81,7.64,7.7,7914,6684.936,1.0
2012-06-13,7.73,7.89,7.71,7.88,9417,8030.154,1.0
2012-06-14,7.93,8.16,7.88,7.9,14573,12704.589,1.0
2012-06-15,7.9,7.97,7.8,7.93,7768,6689.79,1.0
2012-06-18,7.95,8.21,7.95,8.13,12964,11451.156,1.0
2012-06-19,8.14,8.14,8.0,8.05,8771,7686.353,1.0
2012-06-20,8.09,8.14,7.93,7.93,6335,5510.717,1.0
2012-06-21,8.02,8.79,8.02,8.37,42518,38911.858,1.0
2012-06-25,8.3,8.3,8.02,8.02,23952,21186.665,1.0
2012-06-26,7.94,8.02,7.69,7.94,13270,11306.975,1.0
2012-06-27,7.94,8.11,7.79,7.89,16022,13886.839,1.0
2012-06-28,7.84,7.93,7.56,7.56,16623,13965.325,1.0
2012-06-29,7.57,7.69,7.39,7.59,12165,10081.566,1.0
2012-07-02,7.67,7.77,7.61,7.68,14155,11879.303,1.0
2012-07-03,7.67,8.04,7.56,8.0,28063,23767.335,1.0
2012-07-04,7.95,8.25,7.82,7.89,29548,25803.409,1.0
2012-07-05,7.88,7.88,7.57,7.64,14845,12457.471,1.0
2012-07-06,7.76,7.83,7.58,7.76,15005,12639.493,1.0
2012-07-09,7.69,7.75,7.51,7.52,13727,11422.232,1.0
2012-07-10,7.5,7.52,7.35,7.37,9053,7360.237,1.0
2012-07-11,7.47,7.47,7.3,7.42,12277,9930.797,1.0
2012-07-12,7.47,7.74,7.35,7.68,19243,15917.98,1.0
2012-07-13,7.69,7.69,7.5,7.53,8004,6615.412,1.0
2012-07-16,7.53,7.54,6.9,6.91,20248,15952.13,1.0
2012-07-17,6.89,6.94,6.79,6.93,9924,7513.048,1.0
2012-07-18,6.96,6.96,6.74,6.92,11766,8888.726,1.0
2012-07-19,6.89,7.24,6.89,7.11,14624,11420.169,1.0
2012-07-20,7.08,7.19,7.02,7.05,9816,7684.001,1.0
2012-07-23,6.86,6.95,6.74,6.83,8232,6201.831,1.0
2012-07-24,6.72,6.95,6.7,6.89,5912,4468.007,1.0
2012-07-25,6.86,6.95,6.76,6.87,7870,5951.075,1.0
2012-07-26,6.93,6.95,6.79,6.84,5429,4121.377,1.0
2012-07-27,6.84,6.85,6.51,6.58,12146,8963.835,1.0
2012-07-30,6.58,6.6,5.99,6.08,14245,9900.539,1.0
2012-07-31,6.09,6.14,5.92,5.94,8982,6017.155,1.0
2012-08-01,5.94,6.1,5.94,6.01,7935,5344.224,1.0
2012-08-02,6.0,6.68,5.94,6.31,34414,24291.115,1.0
2012-08-03,6.15,6.37,6.1,6.35,15153,10542.945,1.0
2012-08-06,6.27,6.51,6.2,6.45,12630,8954.552,1.0
2012-08-07,6.47,6.5,6.37,6.5,10948,7840.335,1.0
2012-08-08,6.49,6.66,6.46,6.5,11679,8454.771,1.0
2012-08-09,6.5,6.55,6.34,6.54,9359,6716.468,1.0
2012-08-10,6.49,6.95,6.48,6.74,25793,19048.988,1.0
2012-08-13,6.66,6.67,6.41,6.43,10207,7400.385,1.0
2012-08-14,6.41,6.47,6.25,6.46,12947,9146.839,1.0
2012-08-15,6.44,6.46,6.34,6.37,7139,5059.961,1.0
2012-08-16,6.34,6.43,6.29,6.34,4531,3211.304,1.0
2012-08-17,6.3,6.56,6.3,6.44,11483,8213.155,1.0
2012-08-20,6.35,6.49,6.31,6.46,6778,4817.447,1.0
2012-08-21,6.63,7.09,6.61,6.81,35986,27240.725,1.0
2012-08-22,6.7,6.88,6.69,6.75,16345,12217.255,1.0
2012-08-23,6.74,6.94,6.66,6.93,24438,18296.855,1.0
2012-08-24,6.82,6.92,6.59,6.61,17442,13010.628,1.0
2012-08-27,6.51,6.61,6.32,6.34,13397,9591.367,1.0
2012-08-28,6.34,6.53,6.32,6.44,6954,4978.117,1.0
2012-08-29,6.41,7.16,6.41,7.16,39458,30752.658,1.0
2012-08-30,7.29,7.95,6.98,7.95,143987,116738.109,1.0
2012-08-31,7.79,7.89,7.44,7.57,98634,82099.619,1.0
2012-09-03,7.48,8.36,7.44,7.96,128861,111522.94,1.0
2012-09-04,7.81,8.24,7.73,8.14,103925,90198.412,1.0
2012-09-05,8.01,8.16,7.79,7.88,66803,57928.219,1.0
2012-09-06,7.77,8.05,7.7,7.8,57047,48774.54,1.0
2012-09-07,7.77,8.18,7.74,7.94,84608,73400.319,1.0
2012-09-10,7.87,8.44,7.81,8.21,97078,85902.006,1.0
2012-09-11,8.14,8.14,7.92,8.07,52025,45523.677,1.0
2012-09-12,8.1,8.13,7.81,8.02,48600,42111.501,1.0
2012-09-13,7.9,8.26,7.9,8.01,66177,58379.056,1.0
2012-09-14,8.01,8.12,7.49,7.58,49565,41742.574,1.0
2012-09-17,7.49,7.71,7.44,7.67,33386,27669.632,1.0
2012-09-18,7.48,7.8,7.44,7.69,27799,23335.826,1.0
2012-09-19,7.67,7.72,7.31,7.37,31288,25596.655,1.0
2012-09-20,7.31,7.39,6.84,6.85,27063,21114.693,1.0
2012-09-21,6.81,6.96,6.7,6.75,17756,13377.277,1.0
2012-09-24,6.62,6.94,6.62,6.91,12371,9332.733,1.0
2012-09-25,6.82,6.99,6.66,6.73,14850,11265.613,1.0
2012-09-26,6.69,7.09,6.69,6.84,34132,26052.269,1.0
2012-09-27,6.7,7.1,6.6,7.06,32787,25023.851,1.0
2012-09-28,7.02,7.18,6.94,7.17,21137,16423.471,1.0
2012-10-08,7.08,7.23,6.99,7.05,21158,16443.471,1.0
2012-10-09,7.08,7.33,7.04,7.3,47703,37768.489,1.0
2012-10-10,7.24,7.61,7.17,7.56,55114,44991.488,1.0
2012-10-11,7.47,7.5,7.14,7.25,36583,29367.595,1.0
2012-10-12,7.24,7.34,6.89,7.06,27876,21698.809,1.0
2012-10-15,7.06,7.24,6.99,7.24,22097,17320.299,1.0
2012-10-16,7.19,7.4,7.17,7.2,27255,21801.028,1.0
2012-10-17,7.28,7.28,7.02,7.17,15715,12345.986,1.0
2012-10-18,7.25,7.34,7.12,7.31,28021,22285.619,1.0
2012-10-19,7.31,7.4,7.26,7.31,20213,16226.046,1.0
2012-10-22,7.26,8.11,7.19,8.11,90959,77396.541,1.0
2012-10-23,8.27,8.28,7.89,7.92,88181,77113.852,1.0
2012-10-24,7.75,7.89,7.71,7.81,39367,33441.427,1.0
2012-10-25,7.79,7.87,7.52,7.52,39803,33407.709,1.0
2012-10-26,7.41,7.67,7.3,7.36,28969,23670.253,1.0
2012-10-29,7.33,7.51,7.33,7.44,21849,17811.405,1.0
2012-10-30,7.44,7.67,7.39,7.67,36443,30092.069,1.0
2012-10-31,7.63,7.68,7.44,7.58,24624,20358.146,1.0
2012-11-01,7.55,7.74,7.55,7.69,37274,31224.068,1.0
2012-11-02,7.67,7.79,7.59,7.66,26456,22165.149,1.0
2012-11-05,7.63,7.66,7.3,7.34,34251,27791.828,1.0
2012-11-06,7.31,7.34,6.89,7.05,30587,23727.288,1.0
2012-11-07,7.12,7.15,7.02,7.14,13831,10790.608,1.0
2012-11-08,7.04,7.04,6.71,6.73,16372,12446.964,1.0
2012-11-09,6.69,6.83,6.67,6.76,12318,9186.687,1.0
2012-11-12,6.85,6.89,6.72,6.78,7376,5532.883,1.0
2012-11-13,6.74,6.8,6.44,6.44,11266,8240.128,1.0
2012-11-14,6.43,6.55,6.42,6.53,6795,4880.258,1.0
2012-11-15,6.49,6.5,6.34,6.36,7397,5290.515,1.0
2012-11-16,6.37,6.48,6.28,6.42,7489,5289.968,1.0
2012-11-19,6.44,6.52,6.31,6.51,6448,4599.021,1.0
2012-11-20,6.6,6.61,6.44,6.47,7706,5560.889,1.0
2012-11-21,6.42,6.58,6.35,6.58,9756,7016.238,1.0
2012-11-22,6.55,6.57,6.41,6.42,7684,5518.849,1.0
2012-11-23,6.4,6.48,6.4,6.45,4722,3378.889,1.0
2012-11-26,6.49,6.49,6.39,6.41,4932,3517.616,1.0
2012-11-27,6.39,6.39,5.75,5.8,18876,12451.652,1.0
2012-11-28,5.78,6.45,5.71,6.07,46266,32093.559,1.0
2012-11-29,5.84,5.99,5.55,5.67,33222,21662.813,1.0
2012-11-30,5.62,5.74,5.49,5.67,13381,8475.704,1.0
2012-12-03,5.57,5.67,5.33,5.35,11054,6873.34,1.0
2012-12-04,5.35,5.43,5.11,5.41,12565,7496.986,1.0
2012-12-05,5.44,5.72,5.34,5.62,18548,11696.142,1.0
2012-12-06,5.62,5.7,5.49,5.63,16012,10079.447,1.0
2012-12-07,5.59,5.84,5.59,5.77,24498,15830.528,1.0
2012-12-10,5.83,6.04,5.72,5.98,25717,17077.059,1.0
2012-12-11,5.89,6.06,5.84,5.9,19984,13304.506,1.0
2012-12-12,5.95,5.95,5.69,5.81,20096,13035.956,1.0
2012-12-13,5.79,5.82,5.7,5.7,10381,6703.482,1.0
2012-12-14,5.7,6.03,5.7,5.95,30895,20430.102,1.0
2012-12-17,5.95,6.14,5.94,6.02,31220,20995.296,1.0
2012-12-18,5.94,6.16,5.92,6.14,32658,22017.07,1.0
2012-12-19,6.15,6.37,6.07,6.18,38101,26426.837,1.0
2012-12-20,6.17,6.3,5.97,6.13,34348,23439.997,1.0
2012-12-21,6.06,6.15,5.99,6.09,21955,14881.545,1.0
2012-12-24,6.08,6.22,6.03,6.2,21342,14639.971,1.0
2012-12-25,6.14,6.35,6.11,6.3,31327,21868.57,1.0
2012-12-26,6.33,6.48,6.25,6.43,33158,23401.672,1.0
2012-12-27,6.42,6.46,6.31,6.34,28436,20130.089,1.0
2012-12-28,6.28,6.37,6.23,6.35,19585,13763.443,1.0
2012-12-31,6.35,6.43,6.32,6.37,18423,13061.344,1.0
2013-01-04,6.45,6.47,6.23,6.29,19825,13941.338,1.0
2013-01-07,6.29,6.42,6.24,6.41,21669,15307.735,1.0
2013-01-08,6.41,6.67,6.39,6.58,40115,29060.846,1.0
2013-01-09,6.56,6.67,6.47,6.61,38998,28436.62,1.0
2013-01-10,6.74,6.86,6.61,6.81,48988,36540.923,1.0
2013-01-11,7.31,7.56,7.02,7.29,168165,135975.517,1.0
2013-01-14,7.08,8.09,7.03,8.09,177513,151519.207,1.0
2013-01-15,8.05,8.09,7.69,7.94,158631,136132.733,1.0
2013-01-16,7.79,7.79,7.55,7.73,77793,65170.551,1.0
2013-01-17,7.64,7.65,7.31,7.34,54156,44064.721,1.0
2013-01-18,7.46,7.89,7.45,7.75,94883,79461.708,1.0
2013-01-21,7.74,7.86,7.39,7.53,57244,47072.986,1.0
2013-01-22,7.47,7.53,7.1,7.19,41514,33415.204,1.0
2013-01-23,7.2,7.39,7.15,7.32,28184,22474.805,1.0
2013-01-24,7.23,7.4,7.0,7.09,39414,31213.255,1.0
2013-01-25,7.08,7.13,6.92,6.96,21337,16435.857,1.0
2013-01-28,6.9,7.19,6.9,7.17,23982,18719.062,1.0
2013-01-29,7.13,7.37,7.11,7.3,32974,26388.119,1.0
2013-01-30,7.3,7.4,7.13,7.32,28501,22827.465,1.0
2013-01-31,7.34,7.46,7.16,7.46,37701,30255.177,1.0
2013-02-01,7.39,7.55,7.33,7.38,34144,27806.669,1.0
2013-02-04,7.34,7.39,7.06,7.1,25176,19910.317,1.0
2013-02-05,7.1,7.21,6.99,7.17,12465,9766.916,1.0
2013-02-06,7.21,7.31,7.15,7.18,14806,11759.134,1.0
2013-02-07,7.2,7.26,7.08,7.2,18443,14557.491,1.0
2013-02-08,7.24,7.32,7.11,7.3,28528,22664.453,1.0
2013-02-18,7.32,7.45,7.25,7.41,29907,24169.317,1.0
2013-02-19,7.42,7.54,7.33,7.37,39789,32419.82,1.0
2013-02-20,7.38,7.46,7.31,7.46,26307,21309.208,1.0
2013-02-21,7.44,7.44,7.15,7.17,23254,18574.061,1.0
2013-02-22,7.17,7.66,7.16,7.45,39830,32280.391,1.0
2013-02-25,8.27,8.27,8.27,8.27,55700,50018.725,1.0
2013-02-26,8.57,8.69,7.9,7.97,183644,167110.085,1.0
2013-02-27,7.74,8.18,7.47,8.11,99098,84793.329,1.0
2013-02-28,7.89,8.05,7.73,7.96,65028,56007.049,1.0
2013-03-01,7.97,8.45,7.82,8.24,97550,86902.315,1.0
2013-03-04,8.19,8.45,7.94,8.28,104852,93676.478,1.0
2013-03-05,8.15,8.6,7.99,8.52,93219,84226.022,1.0
2013-03-06,8.51,8.59,8.36,8.45,66674,61172.859,1.0
2013-03-07,8.41,8.5,8.11,8.13,56831,50892.04,1.0
2013-03-08,8.11,8.15,7.86,7.91,36032,31398.162,1.0
2013-03-11,7.89,8.08,7.87,7.94,21861,19022.002,1.0
2013-03-12,7.94,7.97,7.39,7.46,38687,32227.487,1.0
2013-03-13,7.5,7.5,7.24,7.29,18082,14527.602,1.0
2013-03-14,7.31,7.45,7.28,7.3,17296,13950.853,1.0
2013-03-15,7.3,7.55,7.24,7.39,21951,17843.089,1.0
2013-03-18,7.38,7.49,7.29,7.44,17260,14024.873,1.0
2013-03-19,7.51,7.51,7.27,7.39,14786,11940.716,1.0
2013-03-20,7.41,7.63,7.39,7.61,27327,22489.288,1.0
2013-03-21,7.61,7.74,7.57,7.69,27384,22932.97,1.0
2013-03-22,7.68,7.72,7.54,7.62,20112,16741.948,1.0
2013-03-25,7.51,8.09,7.49,7.87,47639,40580.556,1.0
2013-03-26,7.59,7.71,7.41,7.48,44166,36440.797,1.0
2013-03-27,7.44,7.54,7.35,7.39,21957,17897.102,1.0
2013-03-28,7.3,7.3,6.85,6.88,30119,23277.444,1.0
2013-03-29,6.82,6.97,6.67,6.77,18098,13592.494,1.0
2013-04-01,6.79,6.89,6.77,6.8,13321,10035.755,1.0
2013-04-02,6.81,6.93,6.64,6.65,14645,11004.617,1.0
2013-04-03,6.64,6.74,6.32,6.44,16525,11856.444,1.0
2013-04-08,6.44,6.56,6.23,6.55,14211,10052.231,1.0
2013-04-09,6.52,6.65,6.48,6.59,10958,7977.437,1.0
2013-04-10,6.59,6.75,6.55,6.62,10952,8062.324,1.0
2013-04-11,6.71,6.76,6.54,6.55,16915,12439.761,1.0
2013-04-12,6.55,6.55,6.22,6.28,17542,12378.719,1.0
2013-04-15,6.26,6.28,5.99,6.03,14505,9831.533,1.0
2013-04-16,5.95,6.09,5.87,6.08,13098,8788.654,1.0
2013-04-17,6.12,6.18,6.05,6.16,10448,7133.075,1.0
2013-04-18,6.13,6.2,6.08,6.17,11617,7971.379,1.0
2013-04-19,6.17,6.37,6.15,6.31,27459,19166.27,1.0
2013-04-22,6.29,6.43,6.24,6.33,19919,13984.833,1.0
2013-04-23,6.29,6.33,5.94,6.05,16558,11321.215,1.0
2013-04-24,6.08,6.24,6.08,6.21,22754,15659.094,1.0
2013-04-25,6.22,6.22,5.98,6.01,14015,9572.27,1.0
2013-04-26,6.04,6.07,5.81,5.84,18974,12495.251,1.0
2013-05-02,5.83,5.85,5.74,5.78,10282,6669.767,1.0
2013-05-03,5.79,5.94,5.79,5.88,13122,8640.264,1.0
2013-05-06,5.91,6.52,5.88,6.47,67373,47155.298,1.0
2013-05-07,6.47,6.52,6.27,6.37,34194,24194.369,1.0
2013-05-08,6.35,6.49,6.24,6.38,31290,22077.69,1.0
2013-05-09,6.38,6.57,6.31,6.53,54173,38806.453,1.0
2013-05-10,6.49,6.71,6.45,6.61,41784,30492.436,1.0
2013-05-13,6.59,7.17,6.53,6.96,65631,49792.564,1.0
2013-05-14,6.94,7.05,6.69,6.95,47657,36197.578,1.0
2013-05-15,6.99,7.49,6.85,7.41,70841,56613.481,1.0
2013-05-16,7.37,7.58,7.19,7.26,52205,42174.319,1.0
2013-05-17,7.24,7.72,7.09,7.52,53586,43667.605,1.0
2013-05-20,7.42,7.7,7.29,7.6,58010,47509.241,1.0
2013-05-21,7.55,7.76,7.47,7.61,35279,29314.746,1.0
2013-05-22,7.64,7.64,7.18,7.37,49291,39708.97,1.0
2013-05-23,7.27,7.56,7.24,7.38,36387,29536.03,1.0
2013-05-24,7.37,7.64,7.33,7.59,31110,25569.152,1.0
2013-05-27,7.68,7.73,7.47,7.52,40262,33396.708,1.0
2013-05-28,7.5,7.52,7.19,7.29,33902,27217.166,1.0
2013-05-29,7.27,7.57,7.21,7.42,40282,32839.82,1.0
2013-05-30,7.43,7.64,7.3,7.58,43490,35808.318,1.0
2013-05-31,7.58,7.62,7.31,7.37,39174,31797.37,1.0
2013-06-03,7.34,7.38,7.12,7.19,27550,21879.326,1.0
2013-06-04,7.17,7.24,6.82,6.92,24729,19051.837,1.0
2013-06-05,6.8,7.0,6.79,6.97,13049,9939.059,1.0
2013-06-06,6.92,6.99,6.71,6.76,10995,8317.296,1.0
2013-06-07,6.82,6.95,6.6,6.88,29685,22304.59,1.0
2013-06-13,6.85,6.85,6.29,6.59,20119,14614.542,1.0
2013-06-14,6.61,7.21,6.54,6.72,26681,19656.137,1.0
2013-06-17,6.79,6.8,6.42,6.49,19878,14417.499,1.0
2013-06-18,6.52,6.8,6.43,6.47,13954,10075.927,1.0
2013-06-19,6.48,6.59,6.41,6.54,22239,15996.512,1.0
2013-06-20,6.44,6.51,6.26,6.28,25369,17897.747,1.0
2013-06-21,6.11,6.29,6.01,6.21,15525,10593.263,1.0
2013-06-24,6.21,6.36,5.72,5.82,15362,10388.068,1.0
2013-06-25,5.79,5.88,5.17,5.68,20508,12792.763,1.0
2013-06-26,5.62,5.84,5.57,5.84,19681,12645.752,1.0
2013-06-27,5.85,5.96,5.66,5.71,30671,19942.433,1.0
2013-06-28,5.69,5.9,5.56,5.77,13196,8502.431,1.0
2013-07-01,5.78,5.93,5.66,5.92,27275,17812.141,1.0
2013-07-02,6.11,6.39,6.07,6.28,43860,30265.17,1.0
2013-07-03,6.21,6.21,5.99,6.12,20829,14204.409,1.0
2013-07-04,6.12,6.21,6.01,6.06,22110,15051.506,1.0
2013-07-05,6.06,6.16,6.01,6.11,17257,11694.686,1.0
2013-07-08,6.1,6.1,5.51,5.57,20010,12820.922,1.0
2013-07-09,5.51,5.56,5.38,5.5,14930,9177.205,1.0
2013-07-10,5.48,5.66,5.38,5.64,16027,9933.951,1.0
2013-07-11,5.58,5.85,5.58,5.75,28982,18558.863,1.0
2013-07-12,5.75,5.84,5.61,5.67,27464,17605.27,1.0
2013-07-15,5.67,5.81,5.66,5.77,24315,15658.746,1.0
2013-07-16,6.18,6.42,6.01,6.42,90062,62097.8,1.0
2013-07-17,6.43,6.63,6.26,6.51,98727,70780.167,1.0
2013-07-18,6.42,6.61,6.3,6.41,54928,39227.953,1.0
2013-07-19,6.34,6.5,5.96,5.96,50245,34844.226,1.0
2013-07-22,5.84,6.11,5.76,6.06,33224,22042.066,1.0
2013-07-23,6.04,6.37,6.01,6.2,32381,22320.06,1.0
2013-07-24,6.13,6.34,6.0,6.29,41369,28503.336,1.0
2013-07-25,6.26,6.31,5.96,5.99,30104,20444.454,1.0
2013-07-26,5.91,6.12,5.83,6.04,17644,11816.187,1.0
2013-07-29,6.1,6.25,5.97,6.05,28277,19268.922,1.0
2013-07-30,6.03,6.42,6.03,6.35,52378,36366.279,1.0
2013-07-31,6.31,6.5,6.21,6.35,39354,27543.377,1.0
2013-08-01,6.32,6.49,6.24,6.49,46912,33319.109,1.0
2013-08-02,6.49,6.9,6.37,6.78,68419,50664.374,1.0
2013-08-05,6.68,6.77,6.63,6.69,41142,30388.547,1.0
2013-08-06,6.69,6.77,6.59,6.7,27713,20433.514,1.0
2013-08-07,6.74,6.79,6.44,6.47,36941,26789.202,1.0
2013-08-08,6.48,6.58,6.43,6.57,19173,13826.085,1.0
2013-08-09,6.58,6.69,6.48,6.68,29224,21277.603,1.0
2013-08-12,6.69,7.04,6.67,6.87,46670,35364.763,1.0
2013-08-13,6.81,7.06,6.81,7.06,24453,18691.32,1.0
2013-08-14,7.01,7.12,6.83,6.93,28077,21470.835,1.0
2013-08-15,6.93,6.99,6.83,6.84,14798,11215.95,1.0
2013-08-16,6.84,6.93,6.52,6.59,18486,13785.075,1.0
2013-08-19,6.51,6.86,6.47,6.84,11364,8393.393,1.0
2013-08-20,6.79,7.01,6.73,6.78,19594,14803.083,1.0
2013-08-21,6.78,6.9,6.62,6.85,16739,12534.603,1.0
2013-08-22,6.8,6.96,6.77,6.82,13877,10470.596,1.0
2013-08-23,6.8,6.86,6.45,6.66,23081,16976.421,1.0
2013-08-26,6.61,6.77,6.61,6.75,12392,9183.565,1.0
2013-08-27,6.79,7.07,6.7,6.98,30744,23439.839,1.0
2013-11-08,6.21,6.31,6.21,6.21,27864,19235.07,1.0
2013-11-11,5.81,5.97,5.61,5.74,63829,41120.439,1.0
2013-11-12,5.68,5.85,5.68,5.81,41249,26658.335,1.0
2013-11-13,5.83,5.85,5.65,5.68,28882,18512.634,1.0
2013-11-14,5.69,5.75,5.55,5.74,33138,21000.905,1.0
2013-11-15,5.71,6.0,5.68,5.89,49469,32484.833,1.0
2013-11-18,5.85,6.12,5.81,6.01,69537,46342.044,1.0
2013-11-19,5.99,6.11,5.92,6.06,48610,32553.94,1.0
2013-11-20,6.04,6.37,6.03,6.26,66127,45621.3,1.0
2013-11-21,6.21,6.41,6.11,6.18,41620,28707.469,1.0
2013-11-22,6.18,6.29,6.08,6.15,31539,21624.27,1.0
2013-11-25,6.17,6.34,6.15,6.17,31105,21546.613,1.0
2013-11-26,6.26,6.34,6.14,6.27,32651,22700.386,1.0
2013-11-27,6.21,6.37,6.21,6.33,35508,24822.119,1.0
2013-11-28,6.37,6.65,6.32,6.39,48030,34312.712,1.0
2013-11-29,6.36,6.56,6.36,6.47,50511,36154.193,1.0
2013-12-02,6.19,6.32,5.75,5.86,50762,34056.888,1.0
2013-12-03,5.81,6.09,5.79,6.06,22387,14876.289,1.0
2013-12-04,6.06,6.18,5.94,6.13,29517,20065.665,1.0
2013-12-05,6.15,6.28,6.11,6.18,18294,12619.48,1.0
2013-12-06,6.15,6.26,6.15,6.2,14549,10048.015,1.0
2013-12-09,6.21,6.26,6.17,6.26,23307,16088.858,1.0
2013-12-10,6.27,6.3,6.18,6.26,25503,17665.259,1.0
2013-12-11,6.26,6.26,6.06,6.13,22756,15542.36,1.0
2013-12-12,6.11,6.2,6.09,6.16,15289,10443.183,1.0
2013-12-13,6.13,6.61,6.07,6.36,52831,37434.517,1.0
2013-12-16,6.34,6.5,6.23,6.25,31995,22567.846,1.0
2013-12-17,6.25,6.94,6.23,6.94,139962,104248.573,1.0
2013-12-18,6.97,7.19,6.73,7.01,170697,130383.896,1.0
2013-12-19,6.96,7.76,6.89,7.39,196114,156736.237,1.0
2013-12-20,7.31,7.47,6.69,6.95,153704,118454.703,1.0
2013-12-23,6.84,6.9,6.46,6.69,85383,62926.015,1.0
2013-12-24,6.67,6.83,6.54,6.7,68461,50543.267,1.0
2013-12-25,6.65,6.89,6.61,6.86,63513,47364.043,1.0
2013-12-26,6.81,6.82,6.51,6.52,47349,34663.482,1.0
2013-12-27,6.47,6.78,6.47,6.69,47633,35028.594,1.0
2013-12-30,6.73,7.02,6.66,6.92,64981,48821.83,1.0
2013-12-31,6.87,7.04,6.77,6.92,48064,36511.74,1.0
2014-01-02,6.92,7.19,6.82,7.12,70575,54545.694,1.0
2014-01-03,7.14,7.26,6.91,6.99,52497,40511.852,1.0
2014-01-06,6.99,7.26,6.82,7.11,79095,61478.393,1.0
2014-01-07,7.0,7.02,6.77,6.92,48516,36749.668,1.0
2014-01-08,6.92,7.29,6.89,7.1,77249,60388.399,1.0
2014-01-09,7.13,7.16,6.68,6.7,52049,39788.32,1.0
2014-01-10,6.62,6.72,6.05,6.22,53048,37852.224,1.0
2014-01-13,6.21,6.36,6.19,6.27,21677,15071.577,1.0
2014-01-14,6.27,6.49,6.21,6.47,23076,16326.888,1.0
2014-01-15,6.44,6.69,6.4,6.58,29047,21142.7,1.0
2014-01-16,6.52,6.76,6.48,6.51,31383,22897.367,1.0
2014-01-17,6.56,6.57,6.34,6.36,29080,20735.619,1.0
2014-01-20,6.36,6.46,6.3,6.32,16699,11799.627,1.0
2014-01-21,6.35,6.6,6.32,6.6,25011,17986.896,1.0
2014-01-22,6.61,6.76,6.56,6.73,34085,25104.219,1.0
2014-01-23,6.69,6.87,6.66,6.77,38703,28962.579,1.0
2014-01-24,6.72,6.96,6.7,6.85,38214,28936.462,1.0
2014-01-27,6.85,6.92,6.75,6.78,29496,22226.766,1.0
2014-01-28,6.79,6.86,6.64,6.77,23719,17628.17,1.0
2014-01-29,6.75,7.06,6.75,7.04,50030,38167.619,1.0
2014-01-30,7.09,7.09,6.84,6.96,33327,25429.705,1.0
2014-02-07,6.9,7.34,6.84,7.31,67812,53016.058,1.0
2014-02-10,7.26,7.81,7.24,7.53,131319,108298.087,1.0
2014-02-11,7.52,7.7,7.36,7.66,99708,82202.681,1.0
2014-02-12,7.59,7.97,7.48,7.89,102634,86334.407,1.0
2014-02-13,7.81,8.09,7.61,7.62,80705,68414.988,1.0
2014-02-14,7.62,7.75,7.52,7.72,53934,45082.255,1.0
2014-02-17,7.74,8.21,7.74,8.08,108330,94281.394,1.0
2014-02-18,8.03,8.3,7.86,8.13,108013,94387.863,1.0
2014-02-19,8.06,8.18,7.8,7.88,78763,68367.59,1.0
2014-02-20,7.79,7.93,7.49,7.5,92799,77416.777,1.0
2014-02-21,7.47,7.88,7.45,7.75,70437,58983.943,1.0
2014-02-24,7.71,8.59,7.64,8.59,165424,147101.438,1.0
2014-02-25,8.66,8.79,8.03,8.18,194937,177399.925,1.0
2014-02-26,8.16,8.17,7.67,8.17,88666,76745.67,1.0
2014-02-27,8.19,8.56,7.86,7.88,113084,101223.584,1.0
2014-02-28,7.73,7.99,7.51,7.98,70900,59535.393,1.0
2014-03-03,7.9,8.14,7.82,8.13,61905,54006.594,1.0
2014-03-04,8.07,8.47,8.03,8.23,78500,70619.215,1.0
2014-03-05,8.22,8.31,8.01,8.09,52042,45974.809,1.0
2014-03-06,8.1,8.1,7.74,8.01,55528,47721.471,1.0
2014-03-07,7.97,8.19,7.91,8.05,45824,40072.33,1.0
2014-03-10,7.92,7.92,7.52,7.59,47191,39696.77,1.0
2014-03-11,7.56,7.64,7.31,7.51,40107,32841.837,1.0
2014-03-12,7.44,7.7,7.31,7.51,31171,25530.007,1.0
2014-03-13,7.53,7.69,7.43,7.65,28407,23515.126,1.0
2014-03-14,7.59,7.65,7.44,7.57,24862,20473.506,1.0
2014-03-17,7.56,7.88,7.56,7.82,36250,30719.468,1.0
2014-03-18,7.78,8.1,7.76,8.01,46343,40103.34,1.0
2014-03-19,7.77,8.25,7.77,8.24,67364,59219.532,1.0
2014-03-20,8.18,8.31,7.96,7.96,58884,51787.561,1.0
2014-03-21,7.92,8.34,7.86,8.31,44931,39684.165,1.0
2014-03-24,8.34,8.46,8.11,8.22,49579,44303.99,1.0
2014-03-25,8.17,8.33,7.98,8.12,40066,35290.898,1.0
2014-03-26,8.12,9.0,8.05,8.65,157265,147151.998,1.0
2014-03-27,8.53,8.66,8.39,8.4,93946,86396.11,1.0
2014-03-28,8.31,8.33,7.49,7.53,91398,78240.004,1.0
2014-03-31,7.57,7.68,7.43,7.55,28100,23248.718,1.0
2014-04-01,7.55,7.87,7.53,7.76,38250,32174.843,1.0
2014-04-02,7.72,7.8,7.59,7.67,22850,19105.142,1.0
2014-04-03,7.67,7.78,7.64,7.73,25518,21409.915,1.0
2014-04-04,7.75,7.87,7.7,7.77,21618,18344.489,1.0
2014-04-08,7.68,7.86,7.68,7.82,23494,19929.662,1.0
2014-04-09,7.81,8.05,7.81,7.99,40750,35265.15,1.0
2014-04-10,8.01,8.28,7.95,8.1,62908,55710.441,1.0
2014-04-11,8.1,8.36,8.01,8.35,56304,50379.961,1.0
2014-04-14,8.35,8.39,8.19,8.31,34998,31372.1,1.0
2014-04-15,8.49,8.49,8.21,8.23,39043,35162.141,1.0
2014-04-16,8.17,8.49,8.08,8.46,40540,36298.01,1.0
2014-04-17,8.46,8.5,8.31,8.38,33508,30432.102,1.0
2014-04-18,8.35,8.42,8.25,8.31,22194,19979.952,1.0
2014-04-21,8.19,8.45,8.14,8.14,36953,33240.688,1.0
2014-04-22,8.12,8.73,8.1,8.71,121375,111617.043,1.0
2014-04-23,8.61,8.7,8.47,8.69,74698,69258.773,1.0
2014-04-24,8.62,8.62,8.21,8.28,53088,48346.059,1.0
2014-04-25,8.27,9.18,8.23,8.65,144717,138524.842,1.0
2014-04-28,8.61,8.7,7.72,7.73,112182,96583.024,1.0
2014-04-29,7.58,7.9,7.44,7.85,54668,45673.47,1.0
2014-04-30,7.84,7.97,7.72,7.89,32899,28117.493,1.0
2014-05-05,7.84,8.75,7.73,8.75,109615,100187.712,1.0
2014-05-06,8.96,9.51,8.76,9.27,206469,202004.534,1.0
2014-05-07,9.14,9.61,9.02,9.35,194540,195136.047,1.0
2014-05-08,9.14,9.76,9.04,9.28,150386,151552.023,1.0
2014-05-09,9.14,9.84,9.12,9.57,153763,156997.014,1.0
2014-05-12,9.53,10.01,9.22,9.68,132766,136753.417,1.0
2014-05-13,9.52,9.71,9.3,9.64,96322,98215.68,1.0
2014-05-14,9.55,9.86,9.34,9.5,83415,85404.544,1.0
2014-05-15,9.43,9.99,9.41,9.45,126217,130843.67,1.0
2014-05-16,9.19,9.19,8.77,9.1,107309,103775.957,1.0
2014-05-19,8.92,9.05,8.44,8.48,101899,95668.134,1.0
2014-05-20,8.57,8.75,8.49,8.71,60410,56217.132,1.0
2014-05-21,8.61,8.96,8.55,8.89,61025,57813.061,1.0
2014-05-22,8.89,9.07,8.62,8.64,62193,59414.807,1.0
2014-05-23,8.58,9.06,8.58,8.92,55903,53131.001,1.0
2014-05-26,8.84,9.2,8.84,9.12,54156,52786.589,1.0
2014-05-27,9.08,9.87,9.03,9.47,114731,116471.087,1.0
2014-05-28,9.41,9.57,9.22,9.51,66622,67344.219,1.0
2014-05-29,9.47,9.69,9.21,9.26,61626,62654.978,1.0
2014-05-30,9.27,9.38,9.02,9.34,45062,44526.604,1.0
2014-06-03,9.26,9.41,9.07,9.25,48475,48061.616,1.0
2014-06-04,9.24,9.24,8.73,8.87,61823,59226.541,1.0
2014-06-05,8.88,9.0,8.68,8.96,42554,40519.778,1.0
2014-06-06,8.91,9.08,8.82,9.08,39821,38439.874,1.0
2014-06-09,9.03,9.03,8.73,8.82,29469,28240.293,1.0
2014-06-10,8.81,9.13,8.62,9.13,43217,41704.902,1.0
2014-06-11,9.06,9.4,9.06,9.28,52020,51698.734,1.0
2014-06-12,9.28,9.46,9.16,9.39,54666,54542.26,1.0
2014-06-13,9.34,9.78,9.28,9.54,86692,88909.345,1.0
2014-06-16,9.48,9.57,9.37,9.52,56178,56861.408,1.0
2014-06-17,9.52,9.65,9.37,9.45,45930,46738.3,1.0
2014-06-18,9.41,9.96,9.3,9.8,98329,101181.805,1.0
2014-06-19,9.79,9.81,8.83,9.11,83557,83608.133,1.0
2014-06-20,9.02,10.09,8.94,10.09,159119,168230.715,1.0
2014-06-23,10.29,10.53,10.08,10.4,215582,236334.859,1.0
2014-06-24,10.34,10.47,10.13,10.33,121929,133661.409,1.0
2014-06-25,10.26,10.34,10.03,10.11,94663,102574.625,1.0
2014-06-26,9.76,10.29,9.73,10.25,132549,140599.906,1.0
2014-06-27,10.05,10.27,9.93,9.99,88151,94920.202,1.0
2014-06-30,10.07,10.33,9.93,10.09,76510,82869.85,1.0
2014-07-01,10.09,10.32,9.91,10.3,88019,95097.498,1.0
2014-07-02,10.27,10.53,10.08,10.23,96974,106367.301,1.0
2014-07-03,10.18,10.29,9.93,10.14,56487,60868.027,1.0
2014-07-04,10.18,10.48,9.94,10.48,86716,94715.135,1.0
2014-07-07,10.47,10.47,10.13,10.19,52501,57483.803,1.0
2014-07-08,10.21,10.42,10.04,10.23,57456,62683.408,1.0
2014-07-09,10.17,11.13,10.08,10.49,146755,166230.39,1.0
2014-07-10,10.43,11.06,10.43,10.91,99513,113841.854,1.0
2014-07-11,11.01,11.93,11.01,11.39,157433,189955.154,1.0
2014-07-14,11.27,11.7,10.99,11.14,110442,132194.442,1.0
2014-07-15,11.2,11.73,11.04,11.73,107342,129383.151,1.0
2014-07-16,11.63,11.67,10.91,10.97,90109,107343.906,1.0
2014-07-17,11.03,11.25,10.64,11.14,60356,70539.342,1.0
2014-07-18,10.93,11.17,10.85,10.93,42060,49084.732,1.0
2014-07-21,10.91,11.08,10.59,10.79,37509,42825.614,1.0
2014-07-22,10.7,11.21,10.64,11.09,46524,54028.901,1.0
2014-07-23,11.09,11.3,10.95,10.96,43855,51693.806,1.0
2014-07-24,10.95,11.03,10.24,10.53,64156,71899.168,1.0
2014-07-25,10.48,10.68,10.42,10.57,22387,25072.921,1.0
2014-07-28,10.56,10.93,10.46,10.86,50916,57864.158,1.0
2014-07-29,11.01,11.09,10.81,10.95,40380,46839.483,1.0
2014-07-30,10.92,11.22,10.77,11.1,44898,52492.305,1.0
2014-07-31,11.03,11.29,10.97,11.17,39814,47042.377,1.0
2014-08-01,11.03,11.13,10.78,10.79,56903,65851.148,1.0
2014-08-04,10.79,11.51,10.73,11.38,87125,103438.067,1.0
2014-08-05,11.47,11.76,11.23,11.51,87298,106215.634,1.0
2014-08-06,11.34,11.68,11.19,11.41,59233,71595.692,1.0
2014-08-07,11.41,11.5,11.27,11.33,35312,42430.666,1.0
2014-08-08,11.39,12.08,11.23,11.8,80238,98399.899,1.0
2014-08-11,11.76,11.92,11.63,11.82,76220,94947.41,1.0
2014-08-12,11.82,11.9,11.61,11.73,48724,60453.526,1.0
2014-08-13,11.73,11.79,11.48,11.74,44283,54377.594,1.0
2014-08-14,11.7,12.33,11.64,12.28,106671,135419.779,1.0
2014-08-15,12.2,12.47,11.99,12.15,63653,81859.454,1.0
2014-08-18,12.3,12.81,12.05,12.76,66770,87086.494,1.0
2014-08-19,12.71,12.72,12.34,12.4,67753,88928.168,1.0
2014-08-20,12.36,12.58,12.16,12.23,52188,67792.563,1.0
2014-08-21,12.23,12.39,12.11,12.33,37723,48712.837,1.0
2014-08-22,12.65,12.73,12.33,12.47,56216,74020.865,1.0
2014-08-25,12.39,12.39,11.93,11.98,42977,54745.33,1.0
2014-08-26,11.93,12.08,11.35,11.51,52426,64757.686,1.0
2014-08-27,11.5,11.83,11.43,11.67,35461,43774.369,1.0
2014-08-28,11.73,11.74,11.5,11.62,24247,29818.757,1.0
2014-08-29,11.57,12.06,11.57,12.02,37951,47793.386,1.0
2014-09-01,12.06,12.37,12.06,12.32,45156,58214.629,1.0
2014-09-02,12.23,12.65,12.21,12.6,59230,77719.696,1.0
2014-09-03,12.51,12.62,12.33,12.54,41190,54222.878,1.0
2014-09-04,12.54,13.19,12.43,12.88,80211,107925.517,1.0
2014-09-05,12.83,12.98,12.66,12.97,46788,63186.573,1.0
2014-09-09,12.82,13.57,12.8,13.33,80151,111951.803,1.0
2014-09-10,13.33,13.58,13.14,13.42,49336,69340.75,1.0
2014-09-11,13.46,13.5,13.15,13.25,52663,73510.725,1.0
2014-09-12,13.18,13.3,12.93,13.18,54388,75056.524,1.0
2014-09-15,13.16,14.21,13.13,13.8,103405,149545.357,1.0
2014-09-16,13.83,15.08,13.83,14.19,149756,225604.857,1.0
2014-09-17,14.23,14.51,13.81,14.51,72401,107556.923,1.0
2014-09-18,14.51,15.94,14.41,15.43,95043,152836.035,1.0
2014-09-19,15.43,16.45,15.29,15.62,141999,233446.824,1.0
2014-09-22,15.73,17.25,15.62,17.11,169881,292985.808,1.0
2014-09-23,16.99,17.14,16.17,16.84,136403,235963.58,1.0
2014-09-24,16.51,18.59,16.51,18.59,202732,382012.848,1.0
2014-09-25,18.62,20.43,18.03,20.31,181289,351285.456,1.0
2014-09-26,20.14,21.81,20.03,20.69,132082,282303.952,1.0
2014-09-29,20.63,21.19,19.46,19.83,107589,223688.519,1.0
2014-09-30,19.88,21.46,19.03,21.01,130306,269069.856,1.0
2014-10-08,20.82,23.18,20.37,23.18,108124,248764.631,1.0
2014-10-09,24.13,25.57,23.19,25.57,128986,323740.448,1.0
2014-10-10,25.69,27.08,24.73,26.03,128402,340760.96,1.0
2014-10-13,25.73,25.79,23.86,24.95,104497,265541.908,1.0
2014-10-14,24.73,26.13,23.41,23.69,132824,332790.704,1.0
2014-10-15,23.69,23.81,22.84,23.52,101406,243517.804,1.0
2014-10-16,23.21,23.26,22.35,22.93,121296,284447.264,1.0
2014-10-17,22.9,25.21,22.67,25.18,230628,568885.68,1.0
2014-10-20,25.26,27.77,25.26,27.77,143307,398218.288,1.0
2014-10-21,28.93,29.03,27.23,27.83,148202,427332.976,1.0
2014-10-22,28.13,28.77,26.54,27.03,88625,248738.854,1.0
2014-10-23,26.62,27.06,24.83,26.04,66989,178973.062,1.0
2014-10-24,26.16,28.71,25.92,28.71,117132,334328.736,1.0
2014-10-27,29.1,30.03,27.32,28.33,91094,267288.63,1.0
2014-10-28,28.34,31.23,27.68,31.23,145107,447498.32,1.0
2014-10-29,31.51,34.33,30.88,32.85,125651,419846.0,1.0
2014-10-30,32.45,34.03,31.83,34.03,74381,248886.281,1.0
2014-10-31,33.69,34.29,31.83,31.88,82838,274916.016,1.0
2014-11-03,32.42,34.31,30.75,33.31,101943,333769.632,1.0
2014-11-04,32.73,33.21,30.54,30.62,95339,307628.944,1.0
2014-11-05,29.91,31.63,29.15,30.33,65277,202692.18,1.0
2014-11-06,30.65,31.08,29.92,30.4,39496,122714.214,1.0
2014-11-07,30.53,30.88,28.66,28.69,78802,236670.535,1.0
2014-11-10,28.93,29.4,28.35,28.61,59101,174657.515,1.0
2014-11-11,29.07,29.07,26.23,26.61,93557,260403.482,1.0
2014-11-12,26.61,27.28,26.34,26.87,46866,129024.982,1.0
2014-11-13,27.0,27.23,25.63,25.73,66970,178378.492,1.0
2014-11-14,26.01,26.01,25.13,25.44,45720,119182.815,1.0
2014-11-17,25.22,27.51,25.14,27.23,113719,310377.648,1.0
2014-11-18,26.93,27.23,24.44,24.48,123322,324797.312,1.0
2014-11-19,24.41,25.09,23.83,24.72,91370,230473.562,1.0
2014-11-20,24.63,25.31,24.51,24.86,56286,143790.744,1.0
2014-11-21,24.63,25.0,24.51,24.62,51901,131875.378,1.0
2014-11-24,24.78,25.03,23.83,24.25,105829,264103.655,1.0
2014-11-25,24.25,25.17,24.14,24.99,91159,232551.437,1.0
2014-11-26,25.1,27.02,24.73,26.45,148045,392418.224,1.0
2014-11-27,26.28,26.71,25.86,26.39,98996,267832.6,1.0
2014-11-28,26.39,26.48,24.16,24.65,94438,245645.647,1.0
2014-12-01,24.63,24.64,22.88,23.28,100153,241128.125,1.0
2014-12-02,23.25,24.17,23.23,23.82,75131,183576.558,1.0
2014-12-03,23.79,25.53,23.25,25.39,113369,284796.272,1.0
2014-12-04,27.83,27.83,25.69,25.79,145499,397445.152,1.0
2014-12-05,25.68,25.79,23.63,24.72,93836,236842.662,1.0
2014-12-08,24.32,25.63,23.78,24.83,78073,200304.914,1.0
2014-12-09,24.34,24.43,22.28,22.28,100877,241229.775,1.0
2014-12-10,21.92,22.98,21.11,22.41,58209,131905.929,1.0
2014-12-11,22.33,22.6,21.84,22.05,44609,101703.928,1.0
2014-12-12,22.08,23.13,21.93,22.8,51331,119248.872,1.0
2014-12-15,22.33,22.91,22.16,22.83,43388,100845.761,1.0
2014-12-16,22.93,23.27,22.53,22.67,44271,104047.123,1.0
2014-12-17,22.41,22.66,21.38,21.43,55171,124624.998,1.0
2014-12-18,21.35,22.23,21.34,21.91,59963,134768.526,1.0
2014-12-19,21.91,21.92,21.07,21.08,45986,101504.022,1.0
2014-12-22,20.65,20.65,18.91,18.91,47658,94292.633,1.0
2014-12-23,18.33,18.78,17.63,18.03,77107,145892.262,1.0
2014-12-24,18.29,18.97,18.21,18.79,40723,78785.373,1.0
2014-12-25,19.12,19.86,18.44,19.54,73890,146775.766,1.0
2014-12-26,19.22,20.19,19.13,19.88,56763,115975.506,1.0
2014-12-29,19.83,19.83,18.53,18.81,43476,85297.645,1.0
2014-12-30,18.69,19.22,17.97,18.03,37893,72292.635,1.0
2014-12-31,18.11,18.84,18.03,18.63,43807,83576.629,1.0
2015-01-05,18.73,19.29,17.88,19.29,59525,113437.289,1.0
2015-01-06,19.21,19.98,18.67,19.72,72598,145469.122,1.0
2015-01-07,19.36,19.72,18.96,19.35,42589,85107.791,1.0
2015-01-08,18.95,20.11,18.93,19.63,67493,137176.925,1.0
2015-01-09,19.43,21.66,19.43,21.66,199513,437759.504,1.0
2015-01-12,21.42,23.11,20.81,22.63,243018,548226.928,1.0
2015-01-13,22.33,22.83,22.14,22.35,106388,246354.781,1.0
2015-01-14,22.36,22.38,20.74,21.21,108520,239050.299,1.0
2015-01-15,20.93,21.61,20.78,21.06,53331,115844.469,1.0
2015-01-16,21.01,21.69,20.76,21.63,81849,179942.823,1.0
2015-01-19,20.98,22.12,20.33,20.68,82261,181507.611,1.0
2015-01-20,20.87,22.82,20.53,22.82,148448,342159.92,1.0
2015-01-21,23.43,24.83,23.17,24.33,235048,577432.0,1.0
2015-01-22,23.83,25.43,23.63,25.2,158290,398751.744,1.0
2015-01-23,24.83,25.21,24.21,24.23,101016,254932.78,1.0
2015-01-26,23.93,24.82,23.93,24.37,71410,178914.241,1.0
2015-01-27,24.32,25.79,24.03,25.36,124190,319819.696,1.0
2015-01-28,25.3,26.78,24.99,25.66,121045,324106.56,1.0
2015-01-29,25.08,25.52,24.21,24.57,71932,183075.119,1.0
2015-01-30,24.73,24.93,23.33,23.48,69877,171710.334,1.0
2015-02-02,23.03,24.13,22.7,23.9,55142,133580.642,1.0
2015-02-03,23.95,24.31,23.8,23.94,52152,128956.968,1.0
2015-02-04,23.96,24.93,23.81,24.54,74361,186815.137,1.0
2015-02-05,24.49,25.81,24.14,24.79,111955,288843.968,1.0
2015-02-06,24.81,25.4,23.13,23.33,77691,193796.554,1.0
2015-02-09,23.19,23.61,21.73,22.03,58217,135082.68,1.0
2015-02-10,21.83,22.63,20.94,22.32,59426,132821.406,1.0
2015-02-11,22.32,23.08,22.08,22.32,43172,100517.37,1.0
2015-02-12,22.33,23.03,21.27,21.62,75959,169834.219,1.0
2015-02-13,21.65,22.09,21.43,22.09,73530,165260.473,1.0
2015-02-16,22.33,23.33,22.16,23.3,73519,173116.304,1.0
2015-02-17,23.37,23.53,22.7,22.83,48383,114171.145,1.0
2015-02-25,23.05,24.72,22.71,24.17,94027,232428.5,1.0
2015-02-26,24.38,25.17,23.93,24.44,72537,182560.14,1.0
2015-02-27,24.44,24.83,24.13,24.37,53389,134050.618,1.0
2015-03-02,24.38,24.75,23.91,24.58,99766,249326.256,1.0
2015-03-03,24.6,24.63,23.66,23.72,74471,184887.003,1.0
2015-03-04,23.69,24.23,23.55,24.15,44456,109774.298,1.0
2015-03-05,24.33,24.48,23.56,23.8,59210,145537.539,1.0
2015-03-06,23.97,25.55,23.93,25.15,161395,412094.208,1.0
2015-03-09,24.83,26.39,24.24,26.04,137606,358590.848,1.0
2015-03-10,26.03,26.75,25.53,25.78,117836,315063.52,1.0
2015-03-11,25.78,27.02,24.93,27.02,154035,410669.6,1.0
2015-03-12,26.91,28.81,26.61,28.29,194438,556880.32,1.0
2015-03-13,28.23,28.83,27.63,28.3,85406,246163.859,1.0
2015-03-16,28.53,29.58,27.85,28.43,130630,382335.584,1.0
2015-03-17,28.97,28.97,27.07,27.7,112922,322406.72,1.0
2015-03-18,27.7,28.31,27.14,28.13,84003,239099.473,1.0
2015-03-19,27.99,28.63,27.53,28.63,91639,264179.933,1.0
2015-03-20,29.63,29.63,27.95,27.98,108350,318699.712,1.0
2015-03-23,27.99,30.85,27.95,30.4,219580,667421.776,1.0
2015-03-24,30.22,32.1,29.5,31.86,161381,507301.264,1.0
2015-03-25,31.73,32.34,30.99,31.53,88163,287502.304,1.0
2015-03-26,31.34,31.34,29.83,30.61,90199,281034.0,1.0
2015-03-27,30.21,30.83,29.89,30.21,50200,155581.573,1.0
2015-03-30,30.23,31.66,30.23,31.38,77930,246825.621,1.0
2015-03-31,31.2,32.13,30.56,31.93,63874,203557.702,1.0
2015-04-01,31.56,33.13,31.48,32.93,79995,264306.355,1.0
2015-04-02,32.7,36.29,32.68,36.29,94870,337096.832,1.0
2015-04-03,36.59,37.32,35.41,36.53,81250,300252.128,1.0
2015-04-07,36.68,38.98,36.1,38.63,104720,405439.072,1.0
2015-04-08,38.63,38.99,34.73,35.71,93823,348414.672,1.0
2015-04-09,35.34,38.33,32.07,36.68,148161,528669.376,1.0
2015-04-10,36.23,40.42,34.73,40.42,139881,566358.656,1.0
2015-04-13,41.21,41.63,39.08,39.3,100274,410285.28,1.0
2015-04-14,39.3,40.02,37.33,38.75,56380,222329.455,1.0
2015-04-15,38.65,39.27,35.93,35.93,49142,187175.576,1.0
2015-04-16,35.86,36.83,34.14,35.53,55701,202266.774,1.0
2015-04-17,35.54,36.32,34.61,35.02,69010,248485.402,1.0
2015-04-20,34.92,35.42,31.45,32.83,90534,304738.08,1.0
2015-04-21,32.43,34.05,32.16,33.5,53159,181424.684,1.0
2015-04-22,33.98,34.68,33.96,34.23,52257,182796.087,1.0
2015-04-23,34.43,35.02,33.68,33.93,60712,212155.968,1.0
2015-04-24,33.88,33.93,31.73,32.92,56526,189389.402,1.0
2015-04-27,32.86,33.25,31.54,32.03,120876,398033.792,1.0
2015-04-28,32.14,32.85,31.32,31.63,78283,255840.268,1.0
2015-04-29,31.68,32.23,31.23,32.14,67957,221208.87,1.0
2015-04-30,32.23,32.91,32.02,32.59,72471,240784.22,1.0
2015-05-04,32.63,32.73,31.33,31.83,58887,192765.618,1.0
2015-05-05,31.51,33.93,31.49,33.5,115709,389938.912,1.0
2015-05-06,33.75,36.58,32.33,34.33,128264,456943.904,1.0
2015-05-07,33.53,34.58,32.18,32.53,61188,204346.93,1.0
2015-05-08,32.58,33.93,32.58,33.72,55459,188587.126,1.0
2015-05-11,33.79,37.16,33.79,37.16,145899,537578.656,1.0
2015-05-12,38.53,40.31,37.73,38.48,160025,630996.272,1.0
2015-05-13,37.8,38.82,35.49,36.97,85388,326294.864,1.0
2015-05-14,36.23,37.92,35.73,36.73,68322,253235.737,1.0
2015-05-15,36.34,36.48,34.11,34.36,92673,327150.304,1.0
2015-05-18,34.35,36.12,34.03,35.14,71518,257525.118,1.0
2015-05-19,35.23,36.13,34.22,36.01,59639,214902.35,1.0
2015-05-20,36.01,38.43,35.33,36.85,101322,382844.992,1.0
2015-05-21,36.95,40.6,36.93,40.6,146196,589550.752,1.0
2015-05-22,41.8,41.93,38.53,39.11,113144,453332.944,1.0
2015-05-25,38.64,40.18,37.18,39.76,98780,389641.104,1.0
2015-05-26,40.08,42.32,39.33,40.43,109779,457637.184,1.0
2015-05-27,41.51,44.54,40.46,44.54,141472,616006.896,1.0
2015-05-28,45.31,48.53,43.34,44.32,207291,964400.944,1.0
2015-05-29,44.53,48.82,41.33,48.82,128205,607357.024,1.0
2015-06-01,50.83,52.87,48.86,51.99,132350,685037.136,1.0
2015-06-02,51.88,55.02,49.53,54.93,117110,609678.064,1.0
2015-06-03,54.13,56.93,50.99,54.92,124539,672015.232,1.0
2015-06-04,54.54,54.64,49.35,50.21,90906,467335.776,1.0
2015-06-05,50.34,51.55,47.32,48.34,90634,449285.264,1.0
2015-06-08,48.44,50.32,46.34,50.14,87217,428773.04,1.0
2015-06-09,49.2,49.56,46.98,48.33,69017,336687.168,1.0
2015-06-10,47.61,49.54,46.24,48.82,88797,431876.336,1.0
2015-06-11,48.94,49.14,47.32,48.82,59959,291012.432,1.0
2015-06-12,48.74,50.34,48.34,49.01,62326,312806.16,1.0
2015-06-15,48.34,48.34,44.04,44.12,77649,362340.72,1.0
2015-06-16,44.11,46.84,41.92,44.54,78113,353030.704,1.0
2015-06-17,45.74,47.34,44.33,45.84,84906,395226.16,1.0
2015-06-18,46.2,46.2,42.34,42.84,40663,184771.813,1.0
2015-06-19,41.34,41.34,38.49,38.49,41525,165969.425,1.0
2015-06-23,38.34,38.34,34.58,37.21,49672,183502.902,1.0
2015-06-24,37.59,38.67,35.95,37.52,41903,160380.736,1.0
2015-06-25,37.22,38.22,34.85,35.84,38353,144917.882,1.0
2015-06-26,34.59,34.59,32.19,32.19,31949,106560.606,1.0
2015-06-29,32.34,32.64,28.91,28.91,47792,144191.94,1.0
2015-06-30,27.34,30.84,25.95,29.38,103717,297297.008,1.0
2015-07-01,28.34,30.31,26.38,26.38,110346,322882.496,1.0
2015-07-02,24.22,25.72,23.68,23.68,79832,196464.23,1.0
2015-07-03,21.25,23.24,21.25,21.25,86709,192235.728,1.0
2015-07-06,23.34,23.34,19.06,19.06,140611,289110.24,1.0
2015-07-07,17.1,17.1,17.09,17.09,9856,17497.931,1.0
2015-07-08,15.32,15.84,15.32,15.32,275710,440792.496,1.0
2015-07-09,14.22,16.92,14.22,16.92,104981,177521.815,1.0
2015-07-10,18.63,18.68,17.45,18.68,48947,93932.766,1.0
2015-07-13,19.84,20.61,19.66,20.61,135718,286783.648,1.0
2015-07-14,21.34,22.74,20.85,22.74,187822,434056.784,1.0
2015-07-15,22.74,22.74,20.4,20.4,105428,228808.077,1.0
2015-07-16,18.29,21.84,18.29,21.06,123250,256960.747,1.0
2015-07-17,21.16,23.23,20.66,23.23,129803,302410.544,1.0
2015-07-20,24.09,25.34,22.35,24.44,152160,378856.192,1.0
2015-07-21,23.35,24.66,23.14,24.11,99438,246649.956,1.0
2015-07-22,24.05,26.28,24.05,25.7,120283,311204.08,1.0
2015-07-23,26.04,27.7,25.14,26.89,115830,316468.944,1.0
2015-07-24,26.91,27.41,25.65,25.93,113575,311778.32,1.0
2015-07-27,24.64,26.59,23.27,23.27,88386,225203.854,1.0
2015-07-28,21.12,22.84,20.88,20.88,102268,225183.541,1.0
2015-07-29,21.27,23.03,20.14,23.03,86499,191817.464,1.0
2015-07-30,23.2,24.74,21.93,22.09,86001,209160.39,1.0
2015-07-31,21.19,22.04,20.03,20.84,62559,136689.559,1.0
2015-08-03,20.25,20.34,18.69,18.77,57987,114804.574,1.0
2015-08-04,18.34,20.71,18.34,20.71,66363,137055.067,1.0
2015-08-05,21.13,22.07,20.74,20.94,85811,188161.541,1.0
2015-08-06,20.24,21.14,19.74,20.58,44912,95380.558,1.0
2015-08-07,20.85,22.14,20.85,21.89,72810,162773.695,1.0
2015-08-10,22.5,24.15,22.5,24.15,66931,161444.044,1.0
2015-08-11,24.84,26.19,24.35,24.54,113739,294343.472,1.0
2015-08-12,24.53,25.92,24.14,25.18,86878,224517.044,1.0
2015-08-13,24.94,27.14,24.1,26.81,101439,262489.821,1.0
2015-08-14,26.71,27.6,25.94,26.74,109918,302576.864,1.0
2015-08-17,26.42,28.69,26.15,27.6,91309,255007.191,1.0
2015-08-18,27.66,28.26,24.77,24.77,100633,271044.368,1.0
2015-08-19,23.34,25.84,22.23,25.24,101393,247614.629,1.0
2015-08-20,25.14,27.54,24.23,26.39,155799,418673.728,1.0
2015-08-21,25.24,25.54,23.69,23.69,105588,264047.772,1.0
2015-08-24,21.74,22.03,21.26,21.26,25150,55407.225,1.0
2015-08-25,19.07,19.34,19.07,19.09,92317,182217.517,1.0
2015-08-26,19.26,19.99,17.12,17.12,75135,144946.921,1.0
2015-08-27,17.19,18.14,15.34,17.18,93081,160094.544,1.0
2015-08-28,17.49,18.96,17.3,18.96,86946,161969.416,1.0
2015-08-31,18.87,18.96,17.0,17.0,62395,115890.259,1.0
2015-09-01,16.34,16.65,15.23,15.23,45718,74263.962,1.0
2015-09-02,13.72,16.12,13.64,13.64,58721,88750.28,1.0
2015-09-07,14.13,14.84,13.97,14.23,54695,82473.985,1.0
2015-09-08,14.44,15.72,13.92,15.71,49720,77106.713,1.0
2015-09-09,16.04,17.35,15.75,17.35,91957,160908.805,1.0
2015-09-10,16.97,17.69,16.51,16.81,58081,103390.567,1.0
2015-09-11,16.46,17.41,16.46,17.27,50949,90434.838,1.0
2015-09-14,17.54,18.67,15.53,15.54,103724,186508.596,1.0
2015-09-15,15.26,15.52,13.92,14.13,53768,82457.857,1.0
2015-09-16,14.34,15.61,13.95,15.61,56124,87596.422,1.0
2015-09-17,16.1,16.94,16.04,16.1,75136,128584.533,1.0
2015-09-18,16.37,17.09,15.54,16.77,56639,96517.616,1.0
2015-09-21,16.13,17.82,16.12,17.67,62341,112060.729,1.0
2015-09-22,17.7,18.19,16.89,17.3,75197,136433.658,1.0
2015-09-23,17.01,17.33,16.54,17.06,51814,91508.866,1.0
2015-09-24,17.25,17.94,17.04,17.41,57990,104873.951,1.0
2015-09-25,17.33,17.4,15.81,16.02,59761,103128.248,1.0
2015-09-28,16.09,16.82,15.74,16.69,36802,62705.373,1.0
2015-09-29,16.33,17.84,16.04,17.15,75913,134326.143,1.0
2015-09-30,16.89,17.7,16.54,17.3,56605,101264.542,1.0
2015-10-08,17.87,18.66,17.55,18.39,62496,117782.418,1.0
2015-10-09,18.2,19.22,18.2,18.94,67198,131196.626,1.0
2015-10-12,18.99,20.22,18.99,19.81,86628,175631.612,1.0
2015-10-13,19.47,20.68,19.23,20.55,89137,182456.768,1.0
2015-10-14,20.34,21.34,19.72,19.77,75633,158042.226,1.0
2015-10-15,19.64,20.63,19.59,20.54,57695,120430.261,1.0
2015-10-16,20.69,21.14,19.84,20.55,90671,190660.17,1.0
2015-10-19,20.81,21.56,20.19,21.4,97078,208414.885,1.0
2015-10-20,21.39,22.69,21.07,21.64,92515,207789.079,1.0
2015-10-21,21.84,21.84,19.41,19.41,107887,227969.204,1.0
2015-10-22,19.42,20.94,19.01,20.15,72910,149925.078,1.0
2015-10-23,20.34,21.15,19.9,21.06,127816,270512.544,1.0
2015-10-26,21.04,21.11,20.21,20.86,119051,253709.518,1.0
2015-10-27,20.57,21.5,19.54,21.29,100018,211135.072,1.0
2015-10-28,21.34,22.99,20.94,22.01,194629,444788.032,1.0
2015-10-29,21.95,24.28,21.72,24.28,185456,439768.448,1.0
2015-10-30,24.74,26.67,23.85,25.09,254974,657701.312,1.0
2015-11-02,23.34,25.09,22.84,24.34,115661,288442.4,1.0
2015-11-03,24.04,24.54,22.69,22.82,85257,204416.47,1.0
2015-11-04,22.98,25.17,22.98,25.17,131787,329837.312,1.0
2015-11-05,25.34,25.68,24.28,24.52,126968,323949.456,1.0
2015-11-06,24.34,25.69,24.25,25.3,95519,246021.213,1.0
2015-11-09,24.84,25.62,24.32,25.39,95909,246867.279,1.0
2015-11-10,25.83,28.0,25.83,28.0,70887,198200.264,1.0
2015-11-11,30.87,30.87,30.87,30.87,14164,44658.272,1.0
2015-11-12,34.02,34.02,32.15,34.02,342080,1165683.552,1.0
2015-11-13,33.36,33.94,30.94,33.05,226615,755736.576,1.0
2015-11-16,33.68,36.42,33.44,36.42,91605,327438.928,1.0
2015-11-17,40.13,40.13,36.75,37.22,313789,1243074.704,1.0
2015-11-18,37.22,40.12,35.45,36.04,307483,1186182.976,1.0
2015-11-19,36.34,39.71,36.34,39.71,329675,1308703.408,1.0
2015-11-20,42.24,42.29,37.34,38.09,375810,1497174.08,1.0
2015-11-23,37.17,38.64,36.46,37.64,208272,791699.184,1.0
2015-11-24,37.41,38.34,35.92,37.94,159634,606997.712,1.0
2015-11-25,37.79,39.84,36.94,38.62,200588,782905.04,1.0
2015-11-26,37.94,38.14,35.69,35.84,172013,645912.576,1.0
2015-11-27,35.84,36.84,32.34,34.34,151482,549967.6,1.0
2015-11-30,34.9,35.84,33.82,35.59,140648,497968.896,1.0
2015-12-01,35.53,35.54,32.66,33.54,111922,384753.232,1.0
2015-12-02,34.14,34.34,31.85,33.72,86030,292222.656,1.0
2015-12-03,34.14,35.23,33.89,34.57,100563,353823.344,1.0
2015-12-04,34.71,37.93,34.25,36.84,200273,738133.632,1.0
2015-12-07,37.21,38.14,35.95,37.08,149878,564443.744,1.0
2015-12-08,36.36,37.15,35.49,36.34,114638,422964.112,1.0
2015-12-09,36.23,37.03,35.54,36.61,103998,386159.168,1.0
2015-12-10,36.64,36.9,34.89,34.94,118020,434020.032,1.0
2015-12-11,34.24,34.34,32.14,32.22,104949,352090.448,1.0
2015-12-14,31.39,32.35,31.39,32.33,59328,193124.56,1.0
2015-12-15,32.34,33.84,32.34,32.8,50048,168855.322,1.0
2015-12-16,33.96,35.34,33.24,33.99,102595,359816.416,1.0
2015-12-17,33.44,34.54,33.43,34.34,102096,354441.856,1.0
2015-12-18,34.59,37.61,34.24,35.39,159719,588437.056,1.0
2015-12-21,34.69,35.37,34.12,34.39,76847,270440.768,1.0
2015-12-22,34.84,35.34,34.34,34.77,53558,189817.66,1.0
2015-12-23,34.84,34.84,32.91,33.01,77283,264982.085,1.0
2015-12-24,33.34,33.8,32.33,33.24,52061,175732.603,1.0
2015-12-25,33.34,34.79,32.9,34.19,80226,280095.744,1.0
2015-12-28,34.34,36.22,33.84,33.97,106757,383359.776,1.0
2015-12-29,34.64,35.54,33.75,34.94,80038,283120.176,1.0
2015-12-30,35.29,38.18,34.64,37.74,198904,740736.24,1.0
2015-12-31,37.0,37.12,35.27,35.52,107224,393999.488,1.0
2016-01-04,36.04,36.04,31.9,31.9,89105,299156.944,1.0
2016-01-05,28.73,31.9,28.64,28.78,111012,334879.904,1.0
2016-01-06,29.34,29.64,27.64,29.44,93854,276725.056,1.0
2016-01-07,28.46,28.59,26.43,26.43,20122,55658.883,1.0
2016-01-08,27.14,27.14,23.83,25.16,101410,263737.018,1.0
2016-01-11,24.34,24.34,22.58,22.58,69859,165692.642,1.0
2016-01-12,21.84,23.27,20.34,21.84,103777,236346.178,1.0
2016-01-13,22.34,22.78,19.59,19.59,93543,206282.011,1.0
2016-01-14,18.54,21.53,18.35,21.5,123339,257811.691,1.0
2016-01-15,20.94,21.72,19.29,19.73,114499,243937.168,1.0
2016-01-18,19.49,21.47,19.32,20.97,111955,238772.162,1.0
2016-01-19,20.84,22.45,20.84,22.16,117326,260581.066,1.0
2016-01-20,21.76,23.06,21.54,22.02,145874,332709.6,1.0
2016-01-21,21.41,22.27,19.84,20.01,110783,244643.28,1.0
2016-01-22,20.55,22.08,20.14,22.08,152206,335618.288,1.0
2016-01-25,23.14,24.35,23.14,24.35,175486,427868.896,1.0
2016-01-26,24.24,25.54,23.38,23.89,307200,777851.648,1.0
2016-01-27,23.58,26.35,21.69,26.35,271021,673162.656,1.0
2016-01-28,25.74,26.04,23.69,23.73,229737,591415.456,1.0
2016-01-29,23.04,25.34,21.95,24.5,190574,465707.456,1.0
2016-02-01,24.14,26.19,23.94,25.11,194978,503647.408,1.0
2016-02-02,24.93,26.94,24.68,26.17,180380,481000.464,1.0
2016-02-03,25.52,26.14,24.64,25.58,140068,364855.568,1.0
2016-02-04,25.57,26.88,25.15,26.36,181562,484564.24,1.0
2016-02-05,26.29,26.49,24.64,24.67,121476,317764.624,1.0
2016-02-15,23.34,26.3,23.19,25.93,141662,365818.4,1.0
2016-02-16,25.94,27.71,25.94,26.87,165075,453844.624,1.0
2016-02-17,26.68,29.62,26.46,29.62,215996,618563.664,1.0
2016-02-18,28.94,31.19,28.47,29.43,251616,765767.744,1.0
2016-02-19,28.84,32.44,28.84,31.94,253904,806407.76,1.0
2016-02-22,31.94,33.54,31.44,32.42,224335,738290.064,1.0
2016-02-23,32.09,34.78,31.84,33.74,210802,711988.448,1.0
2016-02-24,33.14,33.43,31.04,31.52,188215,619081.248,1.0
2016-02-25,31.35,31.89,28.35,29.08,229513,706892.496,1.0
2016-02-26,29.64,32.05,29.33,32.05,353898,1135903.568,1.0
2016-02-29,30.34,30.34,28.78,28.78,51530,154649.068,1.0
2016-03-01,25.84,31.39,25.84,29.71,332979,925901.984,1.0
2016-03-02,28.39,31.34,28.39,30.87,262575,808746.96,1.0
2016-03-03,30.56,33.34,30.24,31.51,268627,880446.176,1.0
2016-03-04,30.94,33.02,29.31,31.25,264953,853499.008,1.0
2016-03-07,31.74,34.05,30.74,33.55,259301,868217.408,1.0
2016-03-08,32.74,33.89,30.34,33.07,252287,836917.872,1.0
2016-03-09,31.59,34.34,31.25,32.34,229457,775895.008,1.0
2016-03-10,32.0,32.81,29.49,29.84,206248,654076.48,1.0
2016-03-11,29.17,30.34,28.37,28.92,137125,412881.808,1.0
2016-03-14,29.45,31.64,29.45,30.8,162092,509748.24,1.0
2016-03-15,31.12,32.22,30.74,31.34,190488,613115.68,1.0
2016-03-16,31.34,32.2,29.42,30.55,171562,540865.536,1.0
2016-03-17,30.65,33.54,30.6,33.04,249461,821766.288,1.0
2016-03-18,33.14,35.22,32.94,33.81,277406,958813.472,1.0
2016-03-21,34.24,35.79,33.52,35.14,252245,887929.872,1.0
2016-03-22,34.34,35.11,33.6,33.85,184105,644753.248,1.0
2016-03-23,33.74,35.64,33.67,35.05,206176,731986.32,1.0
2016-03-24,34.34,34.34,32.95,33.3,218934,751813.44,1.0
2016-03-25,32.76,34.34,32.76,33.67,147124,507039.28,1.0
2016-03-28,34.24,34.92,32.43,32.83,143299,493481.728,1.0
2016-03-29,32.53,33.64,31.65,32.94,136473,454612.032,1.0
2016-03-30,33.59,34.83,32.82,34.69,181469,625301.664,1.0
2016-03-31,34.59,34.89,33.95,34.69,162613,571287.504,1.0
2016-04-01,34.35,34.68,32.34,33.01,133537,452641.952,1.0
2016-04-05,33.04,34.14,32.36,34.09,140502,479206.368,1.0
2016-04-06,33.74,34.04,32.91,33.25,125810,429348.8,1.0
2016-04-07,33.3,33.5,30.92,30.95,215050,697446.096,1.0
2016-04-08,30.44,30.68,29.24,30.29,145307,443742.512,1.0
2016-04-11,30.54,31.46,30.54,30.73,118410,374473.008,1.0
2016-04-12,30.46,30.82,29.43,29.88,92627,283251.072,1.0
2016-04-13,30.24,31.84,30.19,31.32,183282,585151.76,1.0
2016-04-14,31.39,31.88,30.7,31.74,145352,464858.464,1.0
2016-04-15,31.54,31.59,30.84,31.05,104209,331217.952,1.0
2016-04-18,30.35,30.81,29.74,30.44,88948,274256.32,1.0
2016-04-19,30.69,31.8,30.14,31.14,133754,424389.296,1.0
2016-04-20,30.99,31.65,28.17,28.71,146557,444831.104,1.0
2016-04-21,28.61,28.61,27.05,27.25,97847,280564.288,1.0
2016-04-22,26.94,28.33,26.64,28.04,72131,203580.289,1.0
2016-04-25,28.04,28.04,26.96,27.24,54904,154182.279,1.0
2016-04-26,27.34,27.68,27.2,27.59,47533,133757.596,1.0
2016-04-27,27.62,28.89,27.61,27.85,84779,244330.071,1.0
2016-04-28,27.84,28.2,26.69,27.72,66818,187331.274,1.0
2016-04-29,27.24,27.73,27.05,27.16,55577,155523.228,1.0
2016-05-03,27.16,28.33,27.05,28.19,73859,211106.911,1.0
2016-05-04,28.13,29.74,27.95,29.19,139509,412952.848,1.0
2016-05-05,28.96,29.25,28.84,29.04,74734,221613.052,1.0
2016-05-06,29.02,29.05,27.04,27.15,117319,335415.792,1.0
2016-05-09,26.67,26.72,24.73,24.85,92821,242965.86,1.0
2016-05-10,24.44,25.19,24.44,24.66,48221,122856.854,1.0
2016-05-11,24.91,25.12,23.59,23.66,68675,169914.2,1.0
2016-05-12,23.1,23.63,22.04,23.61,80056,188188.737,1.0
2016-05-13,23.74,24.84,23.54,23.91,83020,206445.167,1.0
2016-05-16,24.15,24.64,23.85,24.47,58464,145863.292,1.0
2016-05-17,24.34,24.79,23.98,24.37,68103,170990.633,1.0
2016-05-18,23.98,23.98,22.34,22.84,69784,166391.519,1.0
2016-05-19,22.85,23.76,22.85,23.16,65549,157879.172,1.0
2016-05-20,23.0,25.44,22.55,25.22,114494,282531.584,1.0
2016-05-23,25.34,25.54,24.84,25.27,109389,282616.88,1.0
2016-05-24,24.95,25.22,24.23,24.59,76868,194067.99,1.0
2016-05-25,24.84,25.04,23.97,24.14,67135,169021.007,1.0
2016-05-26,23.92,24.54,23.3,24.28,65343,159974.966,1.0
2016-05-27,25.2,26.77,25.14,26.77,151772,408238.272,1.0
2016-05-30,26.94,26.94,25.67,26.44,157798,426929.056,1.0
2016-05-31,26.44,27.99,26.24,27.55,173252,481193.952,1.0
2016-06-01,27.6,29.23,27.59,28.41,195492,572825.136,1.0
2016-06-02,28.34,29.13,27.95,28.5,141707,412609.584,1.0
2016-06-03,28.35,28.5,27.74,27.88,109541,314074.224,1.0
2016-06-06,27.81,28.24,27.44,27.94,80593,229693.387,1.0
2016-06-07,28.04,28.07,27.53,27.98,68365,194146.04,1.0
2016-06-08,28.16,29.3,27.49,27.64,115560,336243.392,1.0
2016-06-13,26.51,26.88,24.81,24.81,101273,271534.32,1.0
2016-06-14,24.08,24.76,24.08,24.44,63206,158362.455,1.0
2016-06-15,24.11,25.86,23.91,25.45,81892,211888.296,1.0
2016-06-16,25.51,26.24,25.06,25.37,78891,207835.13,1.0
2016-06-17,25.52,26.05,25.12,25.76,62803,164610.399,1.0
2016-06-20,26.06,27.32,25.37,26.79,103900,280868.912,1.0
2016-06-21,27.36,27.71,26.18,27.7,142260,393432.64,1.0
2016-06-22,27.36,29.33,27.25,28.67,223693,652618.816,1.0
2016-06-23,28.36,28.47,27.36,27.45,136021,386156.608,1.0
2016-06-24,27.36,27.68,24.96,26.56,111104,305392.576,1.0
2016-06-27,26.08,27.33,26.08,27.22,95562,262634.677,1.0
2016-06-28,27.12,28.36,26.84,27.99,126757,359483.952,1.0
2016-06-29,28.03,28.04,27.32,27.4,86278,243291.864,1.0
2016-06-30,27.41,27.93,27.13,27.62,74360,209314.403,1.0
2016-07-01,27.67,28.63,27.51,27.69,99199,284353.296,1.0
2016-07-04,27.2,28.86,27.16,28.49,114562,329399.504,1.0
2016-07-05,28.45,28.91,27.92,28.26,87614,253350.163,1.0
2016-07-06,27.8,28.25,27.51,27.76,66183,188705.42,1.0
2016-07-07,27.86,28.25,27.32,27.91,64519,183459.504,1.0
2016-07-08,27.91,28.02,27.33,27.46,59528,168008.317,1.0
2016-07-11,27.91,28.65,27.37,27.47,87837,251930.602,1.0
2016-07-12,26.91,27.74,26.66,27.44,72947,202786.925,1.0
2016-07-13,27.43,30.25,27.41,29.41,240975,713900.704,1.0
2016-07-14,28.81,29.29,28.12,28.88,191555,561875.296,1.0
2016-07-15,28.9,28.91,28.16,28.21,87261,253396.281,1.0
2016-07-18,27.86,28.36,27.76,28.0,62996,180853.022,1.0
2016-07-19,28.06,29.16,28.06,28.96,125751,369691.312,1.0
2016-07-20,28.93,29.22,28.61,28.91,100791,298100.928,1.0
2016-07-21,28.75,30.04,28.72,29.47,149911,452604.0,1.0
2016-07-22,29.35,29.71,28.96,29.08,96172,286877.456,1.0
2016-07-25,29.09,30.02,28.95,29.99,111180,336235.168,1.0
2016-07-26,30.01,30.13,29.66,29.96,85186,259726.505,1.0
2016-07-27,29.99,29.99,26.96,26.96,155724,450205.728,1.0
2016-07-28,26.21,26.86,24.56,25.48,145869,383252.496,1.0
2016-07-29,25.46,25.63,24.66,24.8,68219,175109.801,1.0
2016-08-01,24.66,24.66,23.56,23.93,72844,178908.09,1.0
2016-08-02,24.07,24.46,23.86,24.36,51769,128550.72,1.0
2016-08-03,24.31,24.45,24.0,24.14,41862,104041.29,1.0
2016-08-04,24.33,24.97,24.16,24.86,64950,164355.061,1.0
2016-08-05,24.79,24.96,24.31,24.6,52003,131148.659,1.0
2016-08-08,24.65,25.06,23.97,24.75,55940,141005.169,1.0
2016-08-09,24.87,25.3,24.56,25.23,62982,161633.646,1.0
2016-08-10,25.26,25.72,24.88,24.91,65647,169901.634,1.0
2016-08-11,24.82,24.96,24.25,24.25,46681,117394.52,1.0
2016-08-12,24.24,24.56,24.08,24.56,34083,85170.792,1.0
2016-08-15,24.58,25.46,24.36,25.15,64071,164777.923,1.0
2016-08-16,25.23,25.51,24.86,25.23,57660,149622.866,1.0
2016-08-17,25.32,25.42,24.96,25.27,55444,143230.136,1.0
2016-08-18,25.1,25.74,25.1,25.33,65244,170061.398,1.0
2016-08-19,25.16,25.35,24.87,24.98,47903,123106.056,1.0
2016-08-22,24.94,25.15,24.37,24.4,41576,105078.548,1.0
2016-08-23,24.52,24.58,24.27,24.4,31738,79587.707,1.0
2016-08-24,24.51,26.66,24.5,25.81,166107,436944.8,1.0
2016-08-25,25.46,25.47,24.78,25.16,82057,211548.646,1.0
2016-08-26,25.26,25.44,24.97,25.1,51918,134084.723,1.0
2016-08-29,24.97,25.42,24.86,25.06,36592,94253.646,1.0
2016-08-30,25.23,26.04,25.11,25.59,108125,284404.656,1.0
2016-08-31,25.59,25.6,24.97,25.22,59992,154764.669,1.0
2016-09-01,25.12,25.33,24.69,24.74,52129,133840.966,1.0
2016-09-02,24.72,24.94,24.44,24.77,40741,103220.334,1.0
2016-09-05,24.95,25.14,24.56,24.62,39161,99977.576,1.0
2016-09-06,24.65,25.09,24.24,25.07,56479,143044.101,1.0
2016-09-07,25.07,25.21,24.81,24.82,40919,104766.184,1.0
2016-09-08,24.83,25.14,24.67,25.01,33392,85478.35,1.0
2016-09-09,24.96,25.61,24.84,25.09,65884,170378.009,1.0
2016-09-12,24.3,24.61,23.39,23.42,68297,168419.962,1.0
2016-09-13,23.74,23.78,23.37,23.56,35357,85455.093,1.0
2016-09-14,23.36,23.85,23.24,23.56,32271,78167.858,1.0
2016-09-19,23.56,23.81,23.55,23.69,24422,59407.483,1.0
2016-09-20,23.71,23.78,23.4,23.45,23333,56310.247,1.0
2016-09-21,23.41,23.71,23.36,23.58,25011,60608.259,1.0
2016-09-22,23.71,23.82,23.57,23.58,26376,64131.57,1.0
2016-09-23,23.61,23.7,23.32,23.36,25748,61983.373,1.0
2016-09-26,23.33,23.45,22.27,22.36,41748,97796.872,1.0
2016-09-27,22.38,22.79,22.37,22.68,31855,73994.003,1.0
2016-09-28,22.75,22.85,22.4,22.47,19195,44474.865,1.0
2016-09-29,22.54,22.67,22.44,22.44,17030,39488.084,1.0
2016-09-30,22.36,24.55,22.36,23.37,56767,135499.819,1.0
2016-10-10,23.46,23.61,22.96,23.61,51153,122677.996,1.0
2016-10-11,23.62,23.7,23.46,23.55,31640,76461.211,1.0
2016-10-12,23.47,23.72,23.37,23.56,27094,65575.038,1.0
2016-10-13,23.6,23.66,23.31,23.53,30007,72427.268,1.0
2016-10-14,23.46,23.47,23.17,23.29,22922,54810.569,1.0
2016-10-17,23.42,23.46,22.86,22.91,25941,61788.658,1.0
2016-10-18,22.9,23.32,22.86,23.32,28372,67366.434,1.0
2016-10-19,23.32,23.43,23.22,23.41,29637,71042.429,1.0
2016-10-20,23.51,23.95,23.36,23.84,62299,151788.316,1.0
2016-10-21,23.84,23.84,23.17,23.53,38657,93137.92,1.0
2016-10-24,23.61,23.69,23.37,23.62,29826,72251.927,1.0
2016-10-25,23.63,23.81,23.51,23.71,30215,73410.852,1.0
2016-10-26,23.82,23.9,23.34,23.43,33549,81073.447,1.0
2016-10-27,23.36,23.56,23.28,23.42,26216,63066.354,1.0
2016-10-28,23.53,23.6,23.17,23.19,33281,80184.94,1.0
2016-10-31,22.88,23.3,22.77,23.11,23850,56428.443,1.0
2016-11-01,23.11,23.46,23.01,23.4,27869,66670.972,1.0
2016-11-02,23.45,23.71,23.16,23.21,30943,74507.24,1.0
2016-11-03,22.98,23.83,22.98,23.3,40696,97728.314,1.0
2016-11-04,23.21,23.59,23.21,23.54,38863,93690.46,1.0
2016-11-07,23.56,23.71,23.36,23.4,35917,86814.623,1.0
2016-11-08,23.63,23.63,23.31,23.43,27978,67360.674,1.0
2016-11-09,23.42,23.43,22.81,22.96,46086,109312.889,1.0
2016-11-10,23.26,23.34,23.12,23.27,29168,69697.92,1.0
2016-11-11,23.29,23.63,23.18,23.48,48726,117293.207,1.0
2016-11-14,23.4,24.16,23.37,24.09,80686,197453.06,1.0
2016-11-15,24.1,24.12,23.73,23.97,48616,119343.676,1.0
2016-11-16,24.1,24.51,23.89,23.97,49717,123331.457,1.0
2016-11-17,23.87,23.87,23.61,23.74,29860,72674.939,1.0
2016-11-18,23.77,23.86,23.62,23.65,24263,59111.28,1.0
2016-11-21,23.59,23.91,23.58,23.62,23112,56265.57,1.0
2016-11-22,23.69,24.0,23.63,23.99,40295,98591.464,1.0
2016-11-23,24.05,24.45,23.67,23.78,54358,134261.207,1.0
2016-11-24,23.66,23.86,23.43,23.54,32682,79338.265,1.0
2016-11-25,23.56,24.02,23.14,23.94,46710,113618.766,1.0
2016-11-28,23.94,24.24,23.82,23.95,41259,101897.586,1.0
2016-11-29,23.94,23.95,23.46,23.52,34334,83549.395,1.0
2016-11-30,23.36,23.76,23.26,23.55,20284,49047.87,1.0
2016-12-01,23.54,23.8,23.39,23.8,32097,78024.086,1.0
2016-12-02,24.68,25.15,24.05,24.22,156344,394205.216,1.0
2016-12-05,24.36,26.08,24.09,25.2,171041,440999.872,1.0
2016-12-06,24.75,24.98,24.4,24.8,90650,229339.083,1.0
2016-12-07,24.44,24.8,24.44,24.72,64542,162907.251,1.0
2016-12-08,24.76,24.84,24.11,24.21,56537,141613.415,1.0
2016-12-09,24.23,24.28,23.27,23.41,69851,169694.142,1.0
2016-12-12,23.37,23.56,21.01,21.56,85426,195307.105,1.0
2016-12-13,21.21,21.52,20.38,21.04,53728,115827.262,1.0
2016-12-14,20.94,21.16,20.49,20.72,31641,67880.637,1.0
2016-12-15,20.78,21.26,20.55,21.02,36321,78529.459,1.0
2016-12-16,21.06,21.7,21.06,21.36,41760,91949.21,1.0
2016-12-19,21.36,21.79,21.23,21.4,27706,61288.269,1.0
2016-12-20,21.36,21.52,20.99,21.28,24574,53739.248,1.0
2016-12-21,21.39,21.54,21.24,21.52,21243,46869.557,1.0
2016-12-22,21.52,21.75,21.36,21.66,29441,65512.1,1.0
2016-12-23,22.11,22.56,21.75,21.87,59664,136377.851,1.0
2016-12-26,21.61,21.81,20.88,21.71,25593,56276.179,1.0
2016-12-27,21.81,21.9,21.48,21.6,18158,40543.831,1.0
2016-12-28,21.52,21.68,21.29,21.39,22085,48713.86,1.0
2016-12-29,21.26,21.62,21.22,21.4,15061,33235.421,1.0
2016-12-30,21.46,21.5,21.16,21.2,12529,27482.512,1.0
2017-01-03,21.19,21.46,21.19,21.43,21243,46795.104,1.0
2017-01-04,21.49,21.73,21.36,21.71,27740,61581.211,1.0
2017-01-05,21.74,22.51,21.67,22.09,62045,141603.209,1.0
2017-01-06,22.55,23.24,22.42,22.61,94521,221563.285,1.0
2017-01-09,22.36,24.94,22.26,24.94,131922,327106.032,1.0
2017-01-10,25.46,26.33,24.38,24.53,277943,717916.192,1.0
2017-01-11,24.33,24.53,23.68,24.0,123176,304406.96,1.0
2017-01-12,23.97,24.01,23.17,23.35,97752,236373.495,1.0
2017-01-13,23.48,23.95,22.71,22.76,92181,222285.305,1.0
2017-01-16,22.41,22.71,20.46,21.24,99556,220446.925,1.0
2017-01-17,20.91,22.11,20.91,21.92,76508,170710.249,1.0
2017-01-18,21.7,22.43,21.44,22.19,71397,160993.55,1.0
2017-01-19,21.91,21.91,21.36,21.45,53493,118960.075,1.0
2017-01-20,21.35,21.98,21.06,21.95,47485,106430.941,1.0
2017-01-23,22.23,22.84,21.97,22.46,61068,141552.794,1.0
2017-01-24,22.47,22.74,22.17,22.39,42138,97413.244,1.0
2017-01-25,22.51,22.51,22.03,22.05,29851,68168.765,1.0
2017-01-26,22.03,22.46,22.02,22.36,22269,51044.12,1.0
2017-02-03,22.4,23.86,22.11,22.94,56548,134194.604,1.0
2017-02-06,22.94,23.56,22.76,23.32,49712,118687.121,1.0
2017-02-07,23.35,23.44,22.88,23.1,42600,101153.371,1.0
2017-02-08,22.98,23.69,22.98,23.6,70407,169781.088,1.0
2017-02-09,23.49,23.74,23.27,23.62,49502,119213.67,1.0
2017-02-10,23.45,23.58,22.97,23.01,47607,113380.611,1.0
2017-02-13,23.02,23.19,22.65,22.94,41188,96971.826,1.0
2017-02-14,22.91,23.22,22.72,22.77,28352,66806.18,1.0
2017-02-15,22.81,22.93,22.17,22.21,43737,101650.528,1.0
2017-02-16,22.15,22.71,21.98,22.45,39104,90293.45,1.0
2017-02-17,22.48,22.48,21.86,22.21,48166,109621.804,1.0
2017-02-20,22.14,22.38,22.07,22.31,28644,65467.623,1.0
2017-02-21,22.23,22.64,22.23,22.49,34479,79746.556,1.0
2017-02-22,22.51,23.32,22.32,23.06,60363,141465.018,1.0
2017-02-23,22.86,23.52,22.81,23.23,77469,185044.844,1.0
2017-02-24,23.16,23.29,22.91,23.16,40345,95718.625,1.0
2017-02-27,23.16,23.41,22.67,22.78,41937,99374.693,1.0
2017-02-28,22.78,22.9,22.55,22.62,36997,86233.62,1.0
2017-03-01,22.46,22.76,22.44,22.53,38275,88815.842,1.0
2017-03-02,22.49,22.62,22.14,22.16,36862,84759.062,1.0
2017-03-03,22.11,22.45,21.96,22.33,26098,59854.816,1.0
2017-03-06,22.33,22.69,22.29,22.55,31405,72809.504,1.0
2017-03-07,22.6,22.76,22.46,22.71,34976,81328.461,1.0
2017-03-08,22.73,23.05,22.38,22.43,39564,92345.627,1.0
2017-03-09,22.32,22.53,21.88,21.97,41424,94193.654,1.0
2017-03-10,21.96,22.16,21.88,21.99,19752,44701.96,1.0
2017-03-13,22.05,22.23,21.66,22.21,28006,63631.071,1.0
2017-03-14,22.19,22.31,22.09,22.15,21900,49987.846,1.0
2017-03-15,22.1,22.26,22.05,22.12,21927,49962.069,1.0
2017-03-16,22.21,22.54,22.18,22.48,30085,69301.441,1.0
2017-03-17,22.54,22.72,22.28,22.38,64888,150402.912,1.0
2017-03-20,22.25,22.63,22.18,22.56,27450,63410.091,1.0
2017-03-21,22.59,22.68,22.37,22.54,25570,59214.2,1.0
2017-03-22,22.42,22.67,22.09,22.13,30959,71124.742,1.0
2017-03-23,22.18,22.52,21.77,22.28,26173,59921.243,1.0
2017-03-24,22.24,22.66,22.24,22.66,42885,99394.129,1.0
2017-03-27,22.71,22.86,22.46,22.77,45344,105871.087,1.0
2017-03-28,22.74,23.81,22.57,23.46,129658,312167.648,1.0
2017-03-29,23.46,23.5,22.96,23.38,73581,175508.241,1.0
2017-03-30,23.3,23.3,22.07,22.15,71627,166740.549,1.0
2017-03-31,22.31,22.79,21.66,22.41,45859,105162.12,1.0
2017-04-05,22.06,22.68,22.06,22.53,32988,76174.711,1.0
2017-04-06,22.46,22.63,22.24,22.31,36122,83115.878,1.0
2017-04-07,22.36,22.6,22.27,22.33,30451,70234.489,1.0
2017-04-10,22.27,22.33,21.89,21.98,33960,77231.539,1.0
2017-04-11,21.96,22.74,21.84,22.7,54315,125102.975,1.0
2017-04-12,22.65,22.85,22.4,22.48,40476,93918.186,1.0
2017-04-13,22.41,22.78,22.37,22.49,23958,55598.916,1.0
2017-04-14,22.51,22.81,22.13,22.16,36422,84405.9,1.0
2017-04-17,22.13,22.13,21.31,21.5,34601,77210.804,1.0
2017-04-18,21.46,21.71,21.27,21.56,21413,47432.175,1.0
2017-04-19,21.56,21.59,20.56,20.89,33914,73215.559,1.0
2017-04-20,20.89,21.06,20.34,20.37,23601,50120.91,1.0
2017-04-21,20.56,20.56,18.46,18.84,51811,103077.234,1.0
2017-04-24,18.87,18.89,17.24,17.31,43826,80283.653,1.0
2017-04-25,17.48,17.64,17.27,17.4,21322,38574.786,1.0
2017-04-26,17.4,17.76,17.4,17.47,18560,33800.917,1.0
2017-04-27,17.54,17.56,16.1,17.35,35359,62317.513,1.0
2017-04-28,17.16,17.54,17.16,17.53,19633,35364.406,1.0
2017-05-02,17.54,17.72,17.46,17.62,15247,27814.158,1.0
2017-05-03,17.75,17.81,17.36,17.48,16779,30406.789,1.0
2017-05-04,17.37,17.5,16.97,17.15,20377,36392.357,1.0
2017-05-05,17.06,17.3,16.43,16.43,25099,43707.583,1.0
2017-05-08,16.36,16.75,16.26,16.47,21765,37435.702,1.0
2017-05-09,16.38,16.63,16.28,16.56,18559,31757.038,1.0
2017-05-10,16.59,17.65,16.57,17.11,43286,76575.852,1.0
2017-05-11,16.74,17.33,16.13,17.06,42570,73491.884,1.0
2017-05-12,17.06,17.06,16.56,16.81,23570,41079.923,1.0
2017-05-15,16.96,16.98,16.71,16.76,13789,24079.505,1.0
2017-05-16,16.62,17.26,16.58,17.2,28134,49764.76,1.0
2017-05-17,17.16,17.41,17.07,17.07,26725,47771.789,1.0
2017-05-18,16.69,17.16,16.69,16.92,14804,25945.297,1.0
2017-05-19,16.84,17.04,16.79,16.83,12341,21618.307,1.0
2017-05-22,16.83,17.02,16.05,16.08,27375,46839.677,1.0
2017-05-23,16.03,16.17,14.62,14.71,48827,77722.884,1.0
2017-05-24,14.36,14.7,14.0,14.56,28311,42584.913,1.0
2017-05-25,14.61,14.91,14.29,14.85,20347,31023.122,1.0
2017-05-26,14.95,14.96,14.66,14.71,16045,24796.323,1.0
2017-05-31,14.95,15.04,14.6,14.63,17383,26979.106,1.0
2017-06-01,14.52,14.75,13.92,13.97,22111,33186.819,1.0
2017-06-02,13.83,14.46,13.73,14.42,24378,36024.059,1.0
2017-06-05,14.45,14.66,14.32,14.49,17478,26474.318,1.0
2017-06-06,14.48,14.63,14.38,14.63,17137,26001.811,1.0
2017-06-07,14.68,15.12,14.61,14.96,29073,45189.882,1.0
2017-06-08,14.96,15.12,14.86,15.0,22531,35200.534,1.0
2017-06-09,15.09,15.34,14.78,15.21,23836,37333.109,1.0
2017-06-12,14.98,15.07,14.6,14.65,20921,32358.752,1.0
2017-06-13,14.68,15.57,14.6,15.06,35073,55449.766,1.0
2017-06-14,14.95,15.34,14.87,15.11,36466,57289.096,1.0
2017-06-15,15.1,15.54,14.93,15.4,43394,69325.111,1.0
2017-06-16,15.49,15.55,15.21,15.3,29460,47034.232,1.0
2017-06-19,15.35,15.72,15.33,15.67,37147,60267.223,1.0
2017-06-20,15.72,16.35,15.63,16.12,55462,92556.771,1.0
2017-06-21,16.12,16.76,15.97,16.53,64424,110145.161,1.0
2017-06-22,16.51,16.55,15.99,16.06,40031,67714.817,1.0
2017-06-23,16.11,16.27,15.41,15.93,33385,55016.885,1.0
2017-06-26,15.81,16.41,15.81,16.3,27744,46544.173,1.0
2017-06-27,16.29,16.68,16.2,16.22,25765,43900.399,1.0
2017-06-28,16.18,16.43,15.92,16.08,20927,35191.762,1.0
2017-06-29,16.03,16.3,15.98,16.13,15133,25338.711,1.0
2017-06-30,16.13,16.18,15.9,16.08,12649,21056.261,1.0
2017-07-03,16.17,16.32,16.05,16.2,11268,18941.128,1.0
2017-07-04,16.31,16.35,16.12,16.29,13957,23513.722,1.0
2017-07-05,16.26,16.27,16.0,16.22,21727,36418.738,1.0
2017-07-06,16.28,16.32,15.9,16.32,21482,35991.032,1.0
2017-07-07,16.26,16.65,16.19,16.6,35968,61479.183,1.0
2017-07-10,16.6,17.03,16.43,16.46,42244,73561.613,1.0
2017-07-11,16.46,16.58,15.88,15.92,29249,49211.424,1.0
2017-07-12,15.98,16.13,15.28,15.7,34520,55939.258,1.0
2017-07-13,15.6,15.92,15.6,15.88,17354,28487.546,1.0
2017-07-14,15.88,16.06,15.68,15.84,11544,19036.819,1.0
2017-07-17,15.82,15.82,14.53,14.55,30087,46681.191,1.0
2017-07-18,14.55,14.91,14.38,14.74,16831,25697.351,1.0
2017-07-19,14.79,15.09,14.6,15.01,14928,23134.033,1.0
2017-07-20,15.03,15.26,14.98,15.16,17137,26970.732,1.0
2017-07-21,15.02,15.23,14.98,15.02,11822,18561.794,1.0
2017-07-24,15.03,15.43,14.83,15.35,21429,33692.37,1.0
2017-07-25,15.35,15.43,15.11,15.2,13285,21086.137,1.0
2017-07-26,15.18,15.29,15.08,15.19,14552,22947.034,1.0
2017-07-27,15.18,15.63,15.06,15.6,23606,37951.686,1.0
2017-07-28,15.62,16.23,15.62,15.78,24789,41062.457,1.0
2017-07-31,15.76,16.23,15.58,16.1,26278,43753.913,1.0
2017-08-01,16.03,16.09,15.68,15.87,20029,32987.111,1.0
2017-08-02,15.87,15.92,15.38,15.43,20999,34030.207,1.0
2017-08-03,15.33,15.67,15.28,15.4,12750,20532.692,1.0
2017-08-04,15.48,16.35,15.32,15.97,37429,61556.017,1.0
2017-08-07,15.86,15.9,15.57,15.73,20200,33010.519,1.0
2017-08-08,15.73,15.87,15.54,15.71,19320,31506.84,1.0
2017-08-09,15.7,15.74,15.47,15.58,17089,27694.454,1.0
2017-08-10,15.53,15.73,15.4,15.46,16515,26719.154,1.0
2017-08-11,15.44,15.67,15.14,15.19,21042,33499.544,1.0
2017-08-14,15.09,15.57,15.05,15.54,13472,21564.599,1.0
2017-08-15,15.56,15.63,15.46,15.54,12939,20900.231,1.0
2017-08-16,15.54,15.87,15.5,15.81,24534,40102.233,1.0
2017-08-17,15.8,16.26,15.72,16.16,42824,71541.433,1.0
2017-08-18,16.09,16.09,15.87,15.97,24862,41228.434,1.0
2017-08-21,16.19,16.26,15.97,16.11,19980,33375.224,1.0
2017-08-22,16.11,16.26,15.89,16.01,24311,40641.725,1.0
2017-08-23,16.04,16.06,15.73,15.79,18945,31171.357,1.0
2017-08-24,15.81,16.52,15.76,16.28,53878,90660.825,1.0
2017-08-25,16.09,16.33,15.98,16.2,30271,50709.379,1.0
2017-08-28,16.33,16.47,16.13,16.37,38438,65130.251,1.0
2017-08-29,16.29,16.42,16.23,16.36,30399,51480.55,1.0
2017-08-30,16.36,17.35,16.36,16.86,83467,146476.732,1.0
2017-08-31,16.72,17.5,16.72,17.37,79124,141241.885,1.0
2017-09-01,17.26,17.75,17.09,17.37,55053,99166.341,1.0
2017-09-04,17.21,17.52,17.13,17.37,35263,63160.702,1.0
2017-09-05,17.35,18.23,17.24,18.16,74864,138305.184,1.0
2017-09-06,17.99,18.58,17.93,18.05,56366,106014.53,1.0
2017-09-07,17.95,18.31,17.38,17.46,62022,114325.542,1.0
2018-03-07,15.91,17.46,15.65,16.16,129321,216464.997,1.0
2018-03-08,15.88,15.88,15.19,15.29,88902,142951.586,1.0
2018-03-09,15.2,15.72,15.08,15.52,57606,92455.24,1.0
2018-03-12,15.53,15.8,15.39,15.61,63512,102800.87,1.0
2018-03-13,16.97,17.23,16.39,17.23,46873,83181.944,1.0
2018-03-14,18.18,19.02,17.5,17.71,192005,362643.696,1.0
2018-03-15,17.3,19.26,16.79,18.52,165196,305131.296,1.0
2018-03-16,18.38,19.05,17.78,18.6,170941,326395.088,1.0
2018-03-19,18.44,18.47,17.8,17.88,100942,188999.102,1.0
2018-03-20,17.38,17.65,17.08,17.46,68882,123944.038,1.0
2018-03-21,17.56,17.86,17.08,17.22,79087,142994.458,1.0
2018-03-22,17.15,17.31,16.69,16.96,57128,100392.737,1.0
2018-03-23,15.99,16.48,15.2,15.2,78625,128345.092,1.0
2018-03-26,14.42,15.36,14.4,15.33,44296,68572.791,1.0
2018-03-27,15.5,16.04,15.5,15.68,48559,79219.992,1.0
2018-03-28,15.46,15.63,15.13,15.13,40610,64856.755,1.0
2018-03-29,15.09,15.87,15.09,15.79,45592,73772.424,1.0
2018-03-30,15.96,16.22,15.63,16.2,60041,99735.95,1.0
2018-04-02,16.2,16.87,16.14,16.15,51307,87530.155,1.0
2018-04-03,15.88,15.88,15.39,15.62,35186,57192.21,1.0
2018-04-04,15.64,16.14,15.64,15.67,37269,61567.746,1.0
2018-04-09,15.43,16.1,15.4,16.0,37689,62155.641,1.0
2018-04-10,16.14,16.14,15.68,15.92,31607,52002.516,1.0
2018-04-11,15.92,16.12,15.84,16.05,29671,49274.569,1.0
2018-04-12,16.05,16.23,15.77,15.84,33039,55031.979,1.0
2018-04-13,15.97,15.97,15.5,15.58,27356,44610.55,1.0
2018-04-16,15.78,15.78,15.18,15.3,23983,38603.325,1.0
2018-04-17,15.38,15.53,15.07,15.13,22630,36115.542,1.0
2018-04-18,15.34,15.34,14.38,15.05,34475,53242.471,1.0
2018-04-19,14.98,15.31,14.93,15.08,30410,47852.415,1.0
2018-04-20,14.9,15.06,14.41,14.45,31695,48485.839,1.0
2018-04-23,14.45,14.59,14.27,14.53,20624,31058.121,1.0
2018-04-24,14.54,14.87,14.54,14.82,18764,28822.773,1.0
2018-04-25,14.8,15.15,14.72,14.94,21910,34102.261,1.0
2018-04-26,15.03,15.78,14.69,15.14,46087,73101.094,1.0
2018-04-27,15.09,15.34,14.98,15.09,27825,43890.941,1.0
2018-05-02,14.93,15.07,14.56,14.91,23916,36739.854,1.0
2018-05-03,14.8,15.23,14.78,15.18,22000,34521.419,1.0
2018-05-04,15.35,15.95,15.23,15.42,39213,63632.78,1.0
2018-05-07,15.36,15.68,15.24,15.52,28507,45817.494,1.0
2018-05-08,16.33,17.13,15.96,15.98,74930,127468.517,1.0
2018-05-09,15.98,16.24,15.72,15.96,41097,68160.984,1.0
2018-05-10,15.89,16.02,15.75,15.81,26335,43417.421,1.0
2018-05-11,15.81,15.81,15.51,15.54,22732,36937.371,1.0
2018-05-14,15.49,15.68,15.38,15.45,17991,29047.869,1.0
2018-05-15,15.48,15.7,15.45,15.69,16047,26014.152,1.0
2018-05-16,15.67,15.76,15.46,15.51,13836,22490.135,1.0
2018-05-17,15.53,15.59,15.2,15.24,16364,26125.434,1.0
2018-05-18,15.28,15.44,15.12,15.39,12299,19552.641,1.0
2018-05-21,15.51,15.82,15.48,15.78,19780,32283.805,1.0
2018-05-22,15.96,17.07,15.79,16.48,78185,132939.375,1.0
2018-05-23,16.23,16.36,16.11,16.17,34658,58210.662,1.0
2018-05-24,16.32,16.35,16.03,16.08,19712,32994.303,1.0
2018-05-25,16.06,16.19,15.64,15.66,25259,41544.572,1.0
2018-05-28,15.51,15.76,15.44,15.55,14630,23666.14,1.0
2018-05-29,15.48,15.73,15.31,15.31,17867,28752.735,1.0
2018-05-30,15.08,15.29,14.51,14.69,24879,38661.938,1.0
2018-05-31,14.86,15.14,14.82,15.01,16764,26036.802,1.0
2018-06-01,14.91,15.09,14.49,14.55,18957,29016.317,1.0
2018-06-04,14.66,14.72,14.32,14.5,16511,24897.127,1.0
2018-06-05,14.57,14.76,14.49,14.74,17102,26041.297,1.0
2018-06-06,14.72,15.01,14.71,14.92,19407,29950.579,1.0
2018-06-07,14.91,15.0,14.59,14.69,14471,22257.281,1.0
2018-06-08,15.74,15.74,14.92,15.12,48950,77912.472,1.0
2018-06-11,14.85,15.09,14.62,14.78,19129,29508.896,1.0
2018-06-12,14.64,14.88,14.43,14.83,15931,24403.715,1.0
2018-06-13,14.76,14.86,14.44,14.65,14896,22759.589,1.0
2018-06-14,14.51,14.78,14.26,14.32,16782,25274.902,1.0
2018-06-15,14.28,14.41,13.76,13.87,16885,24592.996,1.0
2018-06-19,13.66,13.66,12.42,12.48,26529,36233.667,1.0
2018-06-20,12.48,12.86,12.43,12.74,18987,25144.637,1.0
2018-06-21,12.76,12.83,11.62,11.84,20720,26710.604,1.0
2018-06-22,11.81,12.16,11.41,12.08,12514,15649.601,1.0
2018-06-25,12.1,12.4,11.98,12.01,9602,12277.088,1.0
2018-06-26,11.98,12.29,11.69,12.23,10370,13165.231,1.0
2018-06-27,12.12,12.4,12.09,12.15,10919,14002.403,1.0
2018-06-28,12.14,12.34,11.96,12.02,9264,11811.234,1.0
2018-06-29,12.01,12.64,12.01,12.5,13244,17143.452,1.0
2018-07-02,12.42,12.57,12.27,12.38,18546,24070.645,1.0
2018-07-03,12.46,12.97,12.37,12.79,21033,27870.657,1.0
2018-07-04,12.74,12.74,12.37,12.53,11888,15605.262,1.0
2018-07-05,12.3,12.58,12.02,12.16,11789,15094.594,1.0
2018-07-06,12.22,12.34,11.55,12.16,13804,17525.219,1.0
2018-07-09,12.06,12.66,12.06,12.53,14775,19263.422,1.0
2018-07-10,12.82,13.06,12.67,12.78,18665,24983.623,1.0
2018-07-11,12.54,12.54,11.98,12.26,16180,20806.696,1.0
2018-07-12,12.2,12.77,12.19,12.61,18921,24982.971,1.0
2018-07-13,12.58,12.78,12.52,12.75,16035,21299.909,1.0
2018-07-16,12.75,13.91,12.61,13.26,40830,56519.969,1.0
2018-07-17,13.11,13.25,12.75,12.95,24279,32867.749,1.0
2018-07-18,12.95,13.12,12.76,12.81,14599,19776.503,1.0
2018-07-19,12.82,12.95,12.59,12.66,11808,15785.816,1.0
2018-07-20,12.63,12.83,12.46,12.8,12603,16730.439,1.0
2018-07-23,12.8,13.09,12.69,13.02,21512,29217.622,1.0
2018-07-24,13.02,13.17,12.87,13.1,17880,24441.588,1.0
2018-07-25,13.09,13.21,12.82,12.93,19794,26887.003,1.0
2018-07-26,12.96,12.97,12.76,12.88,12547,16883.068,1.0
2018-07-27,12.91,13.23,12.81,13.11,21835,29661.851,1.0
2018-07-30,13.03,13.61,12.97,13.33,40382,56032.968,1.0
2018-07-31,13.25,13.25,12.96,13.11,21693,29671.045,1.0
2018-08-01,12.96,13.15,12.71,12.83,26185,35602.043,1.0
2018-08-02,12.72,12.72,11.87,12.16,24144,31079.598,1.0
2018-08-03,12.26,12.26,11.89,11.97,11534,14575.283,1.0
2018-08-06,12.01,12.39,11.87,12.01,15611,19895.577,1.0
2018-08-07,12.06,12.3,11.96,12.29,13968,17820.05,1.0
2018-08-08,12.3,12.44,12.07,12.11,17751,22854.934,1.0
2018-08-09,12.09,12.46,11.89,12.34,20263,26149.231,1.0
2018-08-10,12.23,12.44,12.21,12.37,14248,18397.597,1.0
2018-08-13,12.21,12.46,12.08,12.44,15193,19535.575,1.0
2018-08-14,12.33,12.46,12.3,12.44,11511,14929.111,1.0
2018-08-15,12.59,12.59,12.0,12.08,14486,18676.485,1.0
2018-08-16,11.92,12.18,11.91,11.93,10942,13826.96,1.0
2018-08-17,12.11,12.18,11.55,11.66,12177,15207.125,1.0
2018-08-20,11.61,11.92,11.47,11.81,13647,16783.345,1.0
2018-08-21,11.82,11.95,11.73,11.86,14841,18414.05,1.0
2018-08-22,11.81,11.94,11.72,11.73,8621,10686.089,1.0
2018-08-23,11.7,11.89,11.57,11.76,11079,13686.171,1.0
2018-08-24,11.75,11.78,11.52,11.58,9990,12248.278,1.0
2018-08-27,11.58,12.03,11.58,12.01,15273,19031.5,1.0
2018-08-28,11.98,12.59,11.77,11.82,25000,31553.634,1.0
2018-08-29,12.01,12.46,11.91,12.28,37474,47892.521,1.0
2018-08-30,12.21,12.31,11.79,11.81,22668,28577.585,1.0
2018-08-31,11.74,11.92,11.57,11.64,15870,19514.438,1.0
2018-09-03,11.64,11.89,11.6,11.83,11013,13561.978,1.0
2018-09-04,11.79,12.01,11.73,11.96,15372,19212.173,1.0
2018-09-05,11.94,11.99,11.68,11.69,12610,15704.074,1.0
2018-09-06,12.08,12.92,11.96,12.34,60399,78262.611,1.0
2018-09-07,12.41,12.76,12.14,12.36,46151,60244.202,1.0
2018-09-10,12.34,12.39,11.81,11.86,26734,33795.803,1.0
2018-09-11,11.59,11.86,11.56,11.72,21572,26472.082,1.0
2018-09-12,11.74,11.84,11.61,11.71,12532,15468.049,1.0
2018-09-13,11.75,11.91,11.62,11.88,19491,24069.06,1.0
2018-09-14,11.86,12.01,11.76,11.81,15995,19920.844,1.0
2018-09-17,11.64,11.79,11.47,11.5,14301,17415.47,1.0
2018-09-18,11.41,11.75,11.41,11.75,10679,13054.094,1.0
2018-09-19,11.71,11.96,11.68,11.88,18064,22448.703,1.0
2018-09-20,11.89,12.07,11.76,11.77,15220,18995.278,1.0
2018-09-21,11.8,11.95,11.76,11.9,16348,20312.986,1.0
2018-09-25,11.82,11.91,11.76,11.82,10087,12519.052,1.0
2018-09-26,11.82,11.87,11.72,11.76,12914,16011.329,1.0
2018-09-27,11.77,11.77,11.49,11.51,16135,19684.955,1.0
2018-09-28,11.61,11.61,11.48,11.56,10796,13094.705,1.0
2018-10-08,11.43,11.46,10.93,11.03,15781,18643.249,1.0
2018-10-09,11.31,11.36,11.1,11.19,8122,9590.664,1.0
2018-10-10,11.19,11.26,11.12,11.22,6389,7531.104,1.0
2018-10-11,10.73,10.88,10.04,10.04,21311,23339.499,1.0
2018-10-12,9.66,9.9,8.98,9.57,23558,23594.651,1.0
2018-10-15,9.63,9.74,9.46,9.51,9955,10171.4,1.0
2018-10-16,9.51,9.88,9.47,9.54,12895,13223.27,1.0
2018-10-17,9.7,9.78,9.47,9.68,10888,11123.357,1.0
2018-10-18,9.53,9.6,9.29,9.39,10030,10058.831,1.0
2018-10-19,9.0,9.63,9.0,9.6,13319,13318.449,1.0
2018-10-22,9.6,10.18,9.57,10.16,19720,20801.484,1.0
2018-10-23,10.11,10.6,9.92,10.0,24277,26264.208,1.0
2018-10-24,10.02,10.18,9.96,10.1,12842,13714.311,1.0
2018-10-25,9.63,9.91,9.55,9.84,16951,17445.468,1.0
2018-10-26,9.96,10.1,9.89,9.94,10298,10896.964,1.0
2018-10-29,9.98,10.37,9.83,10.1,12716,13578.656,1.0
2018-10-30,9.96,10.18,9.84,10.16,16481,17477.741,1.0
2018-11-09,10.79,11.0,10.31,10.31,52882,59518.248,1.0
2018-11-12,10.21,10.69,10.13,10.62,27942,30922.259,1.0
2018-11-13,10.43,10.82,10.36,10.76,32356,36360.44,1.0
2018-11-14,10.78,10.94,10.69,10.75,25695,29307.286,1.0
2018-11-15,10.63,11.09,10.62,11.09,26696,30768.828,1.0
2018-11-16,11.07,11.37,10.96,11.32,34287,40456.112,1.0
2018-11-19,11.39,11.39,11.1,11.33,26787,31613.875,1.0
2018-11-20,11.18,11.53,10.92,11.0,25448,30048.255,1.0
2018-11-21,10.6,11.01,10.6,10.98,15450,17707.517,1.0
2018-11-22,10.92,11.24,10.92,11.11,16761,19604.221,1.0
2018-11-23,11.16,11.19,10.41,10.42,25778,28951.683,1.0
2018-11-26,10.55,10.66,10.33,10.49,11954,13240.151,1.0
2018-11-27,10.5,10.74,10.5,10.61,15807,17754.311,1.0
2018-11-28,10.61,10.85,10.46,10.85,17808,20078.181,1.0
2018-11-29,10.91,10.94,10.35,10.41,18235,20501.838,1.0
2018-11-30,10.26,10.47,10.19,10.39,14102,15456.968,1.0
2018-12-03,10.59,11.21,10.59,10.96,33842,38966.374,1.0
2018-12-04,10.97,11.18,10.9,11.06,21343,24823.146,1.0
2018-12-05,10.79,11.17,10.78,11.04,20038,23250.592,1.0
2018-12-06,11.02,11.31,10.93,10.96,23560,27572.744,1.0
2018-12-07,11.12,11.23,10.92,11.23,17051,19902.017,1.0
2018-12-10,11.02,11.16,10.66,10.74,24327,27764.398,1.0
2018-12-11,10.67,10.82,10.65,10.77,11812,13379.868,1.0
2018-12-12,10.78,11.7,10.78,11.51,45352,53489.218,1.0
2018-12-13,11.41,11.66,11.21,11.27,52540,62952.275,1.0
2018-12-14,11.3,11.41,10.81,10.81,27888,32621.364,1.0
2018-12-17,10.63,11.49,10.63,11.33,51438,60954.632,1.0
2018-12-18,11.33,11.56,11.25,11.37,38758,46495.316,1.0
2018-12-19,11.41,11.43,10.93,10.99,30044,35049.329,1.0
2018-12-20,11.13,12.01,10.99,11.71,68962,84092.803,1.0
2018-12-21,11.7,11.91,11.46,11.91,60657,74507.927,1.0
2018-12-24,11.76,12.39,11.72,12.21,64116,80774.077,1.0
2018-12-25,12.03,12.59,11.73,12.58,63578,81353.838,1.0
2018-12-26,12.54,12.61,12.2,12.2,52526,68127.435,1.0
2018-12-27,12.36,12.44,11.86,11.95,47628,60592.652,1.0
2018-12-28,12.01,12.11,11.65,11.86,34045,42458.53,1.0
2019-01-02,12.01,12.16,11.74,11.79,26577,33329.668,1.0
2019-01-03,11.73,12.76,11.73,12.45,90291,117168.115,1.0
2019-01-04,12.28,12.6,12.09,12.5,59611,77148.617,1.0
2019-01-07,12.6,12.7,12.32,12.53,53073,69392.584,1.0
2019-01-08,12.5,12.51,12.07,12.13,40232,51632.016,1.0
2019-01-09,12.06,12.3,11.98,12.04,29525,37666.943,1.0
2019-01-10,12.03,12.28,11.91,12.12,22530,28619.452,1.0
2019-01-11,12.1,12.38,12.04,12.29,24254,31119.258,1.0
2019-01-14,12.2,12.25,11.72,11.79,25271,31705.663,1.0
2019-01-15,11.79,12.2,11.71,12.2,23949,30111.537,1.0
2019-01-16,12.17,12.17,11.81,11.84,20546,25813.222,1.0
2019-01-17,11.76,11.94,11.45,11.49,18028,22176.802,1.0
2019-01-18,11.48,11.66,11.29,11.53,17542,21126.792,1.0
2019-01-21,11.54,11.69,11.4,11.65,14443,17606.404,1.0
2019-01-22,11.65,11.71,11.32,11.39,12439,15048.066,1.0
2019-01-23,11.41,11.61,11.31,11.61,12318,14845.115,1.0
2019-01-24,11.61,11.73,11.51,11.6,12705,15516.518,1.0
2019-01-25,11.58,11.69,11.55,11.55,10300,12568.562,1.0
2019-01-28,11.63,11.99,11.61,11.86,21997,27251.236,1.0
2019-01-29,11.86,11.86,10.63,10.93,29384,34468.457,1.0
2019-01-30,10.91,11.13,10.76,10.8,15069,17369.812,1.0
2019-01-31,11.94,11.94,11.94,11.94,16284,20403.852,1.0
2019-02-01,12.44,13.19,12.36,13.19,135972,181108.439,1.0
2019-02-11,13.41,14.57,13.01,14.57,178986,261338.695,1.0
2019-02-12,14.41,15.48,14.29,14.71,216946,336142.192,1.0
2019-02-13,14.45,15.19,14.27,14.99,173178,266184.355,1.0
2019-02-14,14.88,15.31,14.62,15.24,143668,224281.755,1.0
2019-02-15,15.04,15.14,14.68,15.01,115667,179678.566,1.0
2019-02-18,15.03,15.61,14.81,15.46,137551,217750.584,1.0
2019-02-19,15.36,15.41,14.86,15.11,105513,165707.58,1.0
2019-02-20,15.01,15.45,14.81,15.05,98821,155603.739,1.0
2019-02-21,14.92,15.18,14.53,14.64,106448,164306.891,1.0
2019-02-22,14.61,16.09,14.61,15.61,155097,247830.682,1.0
2019-02-25,15.71,16.41,15.71,16.0,139707,231622.963,1.0
2019-02-26,15.81,16.51,15.45,15.81,114539,189252.56,1.0
2019-02-27,15.81,17.16,15.81,16.57,112663,194339.172,1.0
2019-02-28,16.26,16.84,16.07,16.25,64463,109301.952,1.0
2019-03-01,16.34,17.93,16.34,17.93,137312,244805.472,1.0
2019-03-04,19.1,19.78,18.42,19.78,183487,366178.336,1.0
2019-03-05,20.39,21.82,19.91,21.82,174798,384178.576,1.0
2019-03-06,22.99,23.66,20.61,21.87,252934,573713.28,1.0
2019-03-07,21.63,22.62,21.21,21.96,186046,419683.664,1.0
2019-03-08,20.91,21.79,19.71,19.71,201156,426539.776,1.0
2019-03-11,19.61,21.59,19.51,21.24,165832,352307.456,1.0
2019-03-12,21.24,22.56,20.81,22.34,181890,406831.696,1.0
2019-03-13,22.21,24.61,21.61,22.79,219706,519054.384,1.0
2019-03-14,22.26,23.6,21.68,22.41,106631,246959.443,1.0
2019-03-15,23.09,23.61,20.86,21.51,114617,261563.431,1.0
2019-03-18,21.29,21.7,20.61,21.41,94068,203361.846,1.0
2019-03-19,21.21,22.58,20.87,21.99,95420,214830.127,1.0
2019-03-20,21.71,22.41,21.41,22.3,76241,171644.14,1.0
2019-03-21,23.59,24.59,23.57,24.59,147756,366968.24,1.0
2019-03-22,25.41,27.03,23.91,25.41,192046,497835.472,1.0
2019-03-25,24.94,27.03,24.9,26.09,137447,360554.656,1.0
2019-03-26,27.81,28.59,26.22,26.3,146333,406992.192,1.0
2019-03-27,27.21,27.41,25.41,27.29,100696,274181.472,1.0
2019-03-28,26.91,28.26,26.47,27.29,93873,263875.073,1.0
2019-03-29,26.85,27.3,25.4,26.49,93545,252495.165,1.0
2019-04-01,25.41,28.41,25.27,28.3,172487,475166.032,1.0
2019-04-02,28.01,29.29,27.62,27.89,104005,301121.808,1.0
2019-04-03,27.73,28.91,27.32,27.96,94677,271777.28,1.0
2019-04-04,27.81,28.34,27.21,27.49,64915,183503.589,1.0
2019-04-08,27.76,27.91,25.41,26.07,103195,278800.288,1.0
2019-04-09,25.42,28.01,25.42,28.01,114490,318484.32,1.0
2019-04-10,28.0,28.03,26.81,27.22,77319,215463.227,1.0
2019-04-11,26.91,26.91,25.77,26.06,67925,182657.017,1.0
2019-04-12,26.27,26.99,25.41,26.14,63814,170402.687,1.0
2019-04-15,26.97,27.26,25.41,25.53,82512,221326.014,1.0
2019-04-16,25.11,25.61,24.2,25.4,94566,239971.774,1.0
2019-04-17,25.34,26.63,25.34,25.94,77947,208213.894,1.0
2019-04-18,25.28,26.46,25.28,25.7,55282,146615.706,1.0
2019-04-19,25.69,26.3,25.31,25.99,58748,155569.861,1.0
2019-04-22,25.99,26.18,24.79,25.01,65018,168799.146,1.0
2019-04-23,25.36,25.36,24.41,24.41,44201,112155.857,1.0
2019-04-24,24.41,25.62,24.33,25.42,54740,140236.221,1.0
2019-04-25,25.28,26.31,24.59,24.81,64625,169819.279,1.0
2019-04-26,24.76,25.19,24.21,24.27,42909,108389.725,1.0
2019-04-29,24.39,24.41,21.96,22.21,104094,245014.199,1.0
2019-04-30,22.41,24.39,22.3,24.37,110040,265692.348,1.0
2019-05-06,23.41,24.86,22.59,23.02,98861,238467.793,1.0
2019-05-07,23.67,23.71,21.07,21.64,103562,235932.941,1.0
2019-05-08,20.73,22.18,20.49,21.1,73787,162299.973,1.0
2019-05-09,21.11,22.26,21.11,21.66,76802,172753.575,1.0
2019-05-10,22.31,23.0,21.6,22.99,80560,186354.992,1.0
2019-05-13,22.72,23.71,22.31,22.6,71293,167852.885,1.0
2019-05-14,22.87,23.2,21.59,21.96,78139,178179.448,1.0
2019-05-15,21.95,22.69,21.61,22.59,76248,174350.485,1.0
2019-05-16,22.57,22.7,21.67,22.0,87737,198544.711,1.0
2019-05-17,22.3,22.62,20.93,21.16,71686,160050.372,1.0
2019-05-20,21.16,21.38,20.21,21.21,54385,116783.684,1.0
2019-05-21,21.32,22.67,21.32,22.33,72160,163961.072,1.0
2019-05-22,22.43,23.06,22.01,22.37,68441,157918.701,1.0
2019-05-23,22.38,22.38,21.32,21.61,49381,110387.395,1.0
2019-05-24,21.41,21.97,21.02,21.42,39243,86467.18,1.0
2019-05-27,21.51,22.38,21.11,22.21,50795,114558.219,1.0
2019-05-28,22.21,22.55,22.12,22.31,43209,98935.267,1.0
2019-05-29,22.11,22.36,21.79,21.94,44765,101134.031,1.0
2019-05-30,21.7,21.79,20.92,21.4,47832,104568.315,1.0
2019-05-31,21.4,21.65,21.12,21.21,28606,62797.825,1.0
2019-06-03,21.4,21.4,20.0,20.41,49182,103853.977,1.0
2019-06-04,20.49,20.63,19.72,20.08,31975,66465.46,1.0
2019-06-05,20.33,20.46,19.58,19.81,32445,66735.541,1.0
2019-06-06,19.86,20.01,18.76,19.17,39862,79270.602,1.0
2019-06-10,19.17,19.56,19.08,19.42,28511,56826.099,1.0
2019-06-11,19.44,21.42,19.21,21.42,90048,193360.463,1.0
2019-06-12,21.45,21.51,20.41,20.41,74856,161097.262,1.0
2019-06-13,20.08,20.83,20.08,20.51,40898,86533.064,1.0
2019-06-14,20.67,20.79,19.73,20.07,42113,87866.376,1.0
2019-06-17,20.1,20.1,19.51,19.73,22077,44867.862,1.0
2019-06-18,19.73,20.07,19.41,19.99,26121,53185.573,1.0
2019-06-19,20.76,21.03,20.49,20.49,46743,99654.53,1.0
2019-06-20,20.36,21.29,20.27,21.1,58791,126685.306,1.0
2019-06-21,21.41,22.52,21.41,22.2,79531,180153.567,1.0
2019-06-24,22.02,22.65,21.88,22.23,52921,120790.013,1.0
2019-06-25,22.14,22.37,21.5,22.07,44237,98779.883,1.0
2019-06-26,22.07,22.12,21.58,21.87,35354,78859.874,1.0
2019-06-27,21.93,22.77,21.93,22.56,68136,157057.149,1.0
2019-06-28,22.74,22.94,21.81,22.21,63621,145575.964,1.0
2019-07-01,22.97,24.3,22.97,23.15,76313,183125.557,1.0
2019-07-02,23.14,23.47,22.8,22.94,53591,126461.568,1.0
2019-07-03,22.54,22.79,22.27,22.42,37075,85230.883,1.0
2019-07-04,22.49,23.1,22.42,22.56,53240,123767.111,1.0
2019-07-05,22.75,23.15,22.56,23.02,40240,94545.383,1.0
2019-07-08,22.91,22.95,21.47,21.78,52126,117309.445,1.0
2019-07-09,21.35,22.33,21.35,21.93,41018,92087.994,1.0
2019-07-10,22.3,22.43,21.37,21.47,33256,74009.398,1.0
2019-07-11,21.46,21.92,20.96,21.25,38030,83738.401,1.0
2019-07-12,21.2,21.74,21.14,21.55,26801,59039.991,1.0
2019-07-15,21.56,22.77,21.27,22.52,64439,146576.21,1.0
2019-07-16,22.51,22.9,22.37,22.57,43373,100179.417,1.0
2019-07-17,22.65,22.86,22.34,22.35,33814,78034.99,1.0
2019-07-18,22.1,22.12,21.56,21.6,36426,81416.531,1.0
2019-07-19,21.77,21.91,21.17,21.28,39972,88045.669,1.0
2019-07-22,21.44,21.5,19.73,19.87,60079,125018.132,1.0
2019-07-23,19.95,20.74,19.91,20.69,38256,80121.74,1.0
2019-07-24,20.74,22.65,20.74,22.19,87812,197407.293,1.0
2019-07-25,22.33,22.87,22.08,22.44,64899,148697.706,1.0
2019-07-26,21.87,22.82,21.87,22.38,49116,112921.504,1.0
2019-07-29,22.46,23.04,22.12,22.21,56685,130903.53,1.0
2019-07-30,22.21,23.04,22.21,22.75,78546,182212.967,1.0
2019-07-31,22.78,22.78,22.05,22.4,68142,155790.08,1.0
2019-08-01,22.15,22.2,21.54,21.88,52311,117094.159,1.0
2019-08-02,21.19,21.48,20.53,20.93,69396,149054.92,1.0
2019-08-05,20.81,21.05,20.21,20.33,53835,114125.368,1.0
2019-08-06,19.73,19.92,18.98,19.78,55078,110499.184,1.0
2019-08-07,19.97,20.11,19.25,19.27,45504,91396.137,1.0
2019-08-08,19.3,19.51,19.07,19.17,41027,81213.728,1.0
2019-08-09,19.32,19.45,18.58,19.08,54072,105479.532,1.0
2019-08-12,19.16,19.45,18.59,19.44,52038,101848.321,1.0
2019-08-13,19.17,19.2,18.72,18.84,36883,71847.103,1.0
2019-08-14,19.27,19.42,18.97,19.0,45487,89674.112,1.0
2019-08-15,18.27,19.27,18.05,19.07,38998,74826.926,1.0
2019-08-16,19.12,20.2,19.04,19.83,75115,152510.036,1.0
2019-08-19,20.03,20.87,19.84,20.78,82392,172348.958,1.0
2019-08-20,20.92,20.92,20.46,20.57,58459,123775.856,1.0
2019-08-21,20.6,20.75,20.24,20.47,45480,95534.492,1.0
2019-08-22,20.77,20.8,20.23,20.25,52445,109887.442,1.0
2019-08-23,20.2,20.55,19.91,20.12,49749,103181.808,1.0
2019-08-26,19.63,20.22,19.29,19.94,52121,106083.647,1.0
2019-08-27,20.15,20.51,20.06,20.12,48691,101200.384,1.0
2019-08-28,20.12,20.13,19.75,19.86,34247,70020.296,1.0
2019-08-29,19.91,20.11,19.78,19.82,30812,63021.788,1.0
2019-08-30,19.91,20.07,18.98,19.23,55240,110563.821,1.0
2019-09-02,19.27,20.52,19.27,20.52,94444,194277.966,1.0
2019-09-03,20.78,21.38,20.17,21.24,119279,253687.307,1.0
2019-09-04,21.04,21.73,20.98,21.49,90211,197772.425,1.0
2019-09-05,21.8,22.03,21.36,21.47,90148,200501.741,1.0
2019-09-06,21.45,22.16,21.45,21.8,90700,202880.052,1.0
2019-09-09,21.99,22.36,21.62,22.35,90368,204294.879,1.0
2019-09-10,22.41,22.82,21.89,22.08,72525,165717.509,1.0
2019-09-11,22.36,22.98,21.95,22.25,87941,203006.356,1.0
2019-09-12,22.29,24.07,22.07,23.49,131837,311148.48,1.0
2019-09-16,23.65,24.38,23.26,23.67,117737,284521.584,1.0
2019-09-17,23.47,23.47,22.24,22.76,90803,211632.234,1.0
2019-09-18,22.84,22.84,21.78,22.29,64635,147276.188,1.0
2019-09-19,22.38,24.57,22.37,24.57,162581,395100.288,1.0
2019-09-20,24.92,24.97,23.96,24.26,171775,428892.976,1.0
2019-09-23,24.25,24.67,23.35,23.97,102796,251074.431,1.0
2019-09-24,23.87,23.97,23.36,23.73,95368,230724.961,1.0
2019-09-25,23.57,23.58,21.78,22.17,138511,319420.4,1.0
2019-09-26,22.27,22.35,20.28,20.43,107285,231810.387,1.0
2019-09-27,20.62,21.32,20.37,20.96,68532,146967.352,1.0
2019-09-30,20.96,21.06,19.98,20.31,51704,108611.597,1.0
2019-10-08,20.47,20.75,19.87,20.07,46586,96926.654,1.0
2019-10-09,20.07,20.25,19.7,20.16,38619,79215.052,1.0
2019-10-10,20.17,20.75,20.07,20.75,55264,115990.422,1.0
2019-10-11,20.74,20.75,20.28,20.43,41770,87935.707,1.0
2019-10-14,20.65,22.03,20.59,21.46,86619,191013.783,1.0
2019-10-15,21.18,21.83,20.87,21.53,66645,145465.659,1.0
2019-10-16,21.37,21.67,20.98,20.98,41394,90267.172,1.0
2019-10-17,20.88,21.1,20.57,20.62,34785,74220.231,1.0
2019-10-18,20.67,20.94,20.0,20.18,42621,89451.237,1.0
2019-10-21,18.97,18.97,18.18,18.67,81544,155522.653,1.0
2019-10-22,18.81,20.0,18.77,19.8,88637,177590.618,1.0
2019-10-23,20.07,20.07,19.51,19.72,46816,95254.932,1.0
2019-10-24,19.71,19.88,19.3,19.63,39907,80321.326,1.0
2019-10-25,19.54,19.79,19.43,19.64,29850,60063.227,1.0
2019-10-28,19.62,20.08,19.49,19.66,53223,107444.099,1.0
2019-10-29,19.67,19.67,18.73,18.88,64982,127269.342,1.0
2019-10-30,18.77,19.02,18.35,18.48,37585,71877.632,1.0
2019-10-31,18.5,18.85,18.25,18.34,36053,68477.232,1.0
2019-11-01,18.3,18.56,18.08,18.44,28415,53629.205,1.0
2019-11-04,18.55,18.71,18.36,18.47,26606,50667.735,1.0
2019-11-05,18.47,18.59,18.15,18.36,30958,58338.891,1.0
2019-11-06,18.33,18.66,18.11,18.23,27745,52399.366,1.0
2019-11-07,18.16,18.38,18.0,18.17,29802,55763.931,1.0
2019-11-08,18.36,18.36,18.1,18.1,24637,46143.283,1.0
2019-11-11,17.94,17.94,17.17,17.42,34456,62144.512,1.0
2019-11-12,17.35,17.42,16.63,17.42,41841,73384.28,1.0
2019-11-13,17.3,17.42,16.98,17.04,23430,41430.522,1.0
2019-11-14,17.14,17.57,17.03,17.39,28846,51503.347,1.0
2019-11-15,17.4,17.55,17.04,17.04,22279,39597.068,1.0
2019-11-18,17.43,17.43,17.07,17.1,19930,35294.91,1.0
2019-11-19,17.11,17.49,17.07,17.47,27486,49102.729,1.0
2019-11-20,17.49,17.99,17.49,17.69,47138,86204.284,1.0
2019-11-21,17.35,17.61,17.29,17.41,24957,44768.026,1.0
2019-11-22,17.42,17.74,17.09,17.26,23921,42862.028,1.0
2019-11-25,17.27,17.7,16.87,17.66,35152,63195.31,1.0
2019-11-26,17.66,17.76,17.3,17.6,21142,38025.031,1.0
2019-11-27,17.51,17.64,17.33,17.64,18536,33447.527,1.0
2019-11-28,17.76,19.46,17.73,19.28,160838,314520.416,1.0
2019-11-29,18.75,18.93,18.24,18.52,100575,192697.777,1.0
2019-12-02,18.55,19.25,18.39,18.97,71125,137972.439,1.0
2019-12-03,18.77,19.79,18.63,19.32,85455,169605.534,1.0
2019-12-04,19.22,19.6,18.73,19.18,74044,145486.485,1.0
2019-12-05,19.07,20.17,18.89,19.96,117156,235260.394,1.0
2019-12-06,19.77,20.17,19.55,19.89,96602,196731.341,1.0
2019-12-09,20.05,20.14,19.32,19.33,74643,150281.487,1.0
2019-12-10,19.33,20.14,18.98,19.98,100019,202692.322,1.0
2019-12-11,20.04,20.68,19.74,20.01,93587,194180.027,1.0
2019-12-12,19.94,20.65,19.72,20.26,98375,204589.431,1.0
2019-12-13,20.27,20.87,20.09,20.72,102275,215305.434,1.0
2019-12-16,20.87,21.93,20.6,21.62,138307,302118.112,1.0
2019-12-17,21.67,21.8,21.19,21.6,116552,256394.064,1.0
2019-12-18,21.65,21.82,21.28,21.66,87392,192837.348,1.0
2019-12-19,21.66,22.76,21.53,21.96,142432,322810.144,1.0
2019-12-20,21.57,21.57,20.83,20.89,96338,208489.545,1.0
2019-12-23,20.59,20.64,19.77,19.81,72034,149090.064,1.0
2019-12-24,19.85,20.31,19.67,20.22,40726,83901.377,1.0
2019-12-25,20.08,20.6,19.99,20.45,52202,108984.187,1.0
2019-12-26,20.36,20.45,20.01,20.21,42781,88599.168,1.0
2019-12-27,20.25,20.39,19.53,19.6,55178,113016.638,1.0
2019-12-30,19.42,19.79,18.73,19.56,51453,102645.425,1.0
2019-12-31,19.67,19.96,19.53,19.75,34456,69905.223,1.0
2020-01-02,19.91,20.29,19.85,20.13,59290,122338.172,1.0
2020-01-03,20.16,20.29,19.84,20.05,47692,98308.324,1.0
2020-01-06,20.05,20.53,19.75,20.23,60040,124644.861,1.0
2020-01-07,20.23,20.53,20.17,20.26,57258,119301.201,1.0
2020-01-08,20.18,20.45,19.55,19.65,64593,132973.846,1.0
2020-01-09,19.87,20.32,19.76,20.21,65075,134504.336,1.0
2020-01-10,20.22,20.8,20.22,20.64,77920,164302.162,1.0
2020-01-13,20.64,21.38,20.46,21.32,105151,227398.454,1.0
2020-01-14,21.42,21.61,20.89,20.96,74166,160545.686,1.0
2020-01-15,20.95,21.27,20.61,21.21,56656,121735.116,1.0
2020-01-16,21.22,21.22,20.73,20.81,43119,92444.887,1.0
2020-01-17,20.84,20.96,20.63,20.65,34516,73495.214,1.0
2020-01-20,20.62,20.98,20.35,20.97,47028,99759.874,1.0
2020-01-21,20.92,21.27,20.68,20.81,54218,116465.646,1.0
2020-01-22,20.7,20.83,19.84,20.55,59842,124656.443,1.0
2020-01-23,20.66,20.66,18.47,19.19,63096,127400.217,1.0
2020-02-03,17.22,17.22,17.22,17.22,4224,7497.6,1.0
2020-02-04,15.45,16.97,15.45,16.48,75509,128062.631,1.0
2020-02-05,16.77,17.25,16.5,16.67,50417,87708.246,1.0
2020-02-06,16.69,17.14,16.37,17.12,48225,83584.24,1.0
2020-02-07,17.08,17.56,16.9,17.55,61299,108643.955,1.0
2020-02-10,17.43,17.8,17.25,17.73,46110,83309.301,1.0
2020-02-11,17.71,18.11,17.57,17.85,43652,80052.202,1.0
2020-02-12,17.73,18.12,17.66,18.1,45570,84218.122,1.0
2020-02-13,18.12,18.26,17.77,17.78,39569,73195.28,1.0
2020-02-14,17.71,18.12,17.66,17.8,32872,60478.932,1.0
2020-02-17,17.86,19.12,17.86,19.0,66618,127077.356,1.0
2020-02-18,18.87,20.95,18.81,20.95,179588,379694.704,1.0
2020-02-19,21.27,22.28,20.87,22.17,274525,610974.56,1.0
2020-02-20,21.77,22.0,20.92,21.93,183816,406628.064,1.0
2020-02-21,21.62,22.7,21.49,22.13,178238,403761.584,1.0
2020-02-24,22.13,23.57,22.06,23.35,185092,432926.368,1.0
2020-02-25,22.42,24.47,22.28,24.37,233673,565474.16,1.0
2020-02-26,23.85,26.07,23.71,23.87,187106,475137.904,1.0
2020-02-27,24.47,26.31,24.47,26.0,211305,551458.288,1.0
2020-02-28,24.35,24.85,23.35,23.35,146287,352929.68,1.0
2020-03-02,22.17,22.84,20.96,22.3,228780,508023.488,1.0
2020-03-03,22.24,23.85,21.64,22.87,203656,478715.2,1.0
2020-03-04,23.16,24.57,22.68,23.97,158528,384115.696,1.0
2020-03-05,24.13,24.47,23.0,23.5,122170,294258.624,1.0
2020-03-06,22.95,23.26,22.55,22.79,73204,171426.89,1.0
2020-03-09,21.85,22.62,20.84,20.84,111099,246210.632,1.0
2020-03-10,20.73,21.83,20.12,21.77,108753,234368.891,1.0
2020-03-11,21.8,22.24,20.97,20.97,80452,178263.443,1.0
2020-03-12,20.48,21.35,20.27,20.78,58144,123761.842,1.0
2020-03-13,19.17,20.76,19.12,20.5,74254,152298.615,1.0
2020-03-16,20.67,20.68,18.65,18.7,78165,158421.596,1.0
2020-03-17,19.17,19.27,17.27,18.31,89515,167498.985,1.0
2020-03-18,18.6,18.77,17.65,17.68,67746,127334.25,1.0
2020-03-19,17.7,18.34,17.37,18.24,53600,98568.209,1.0
2020-03-20,18.47,18.71,18.12,18.5,53581,101698.124,1.0
2020-03-23,17.95,18.34,17.37,17.55,44088,81077.141,1.0
2020-03-24,18.05,18.07,17.39,18.01,48121,88243.286,1.0
2020-03-25,18.42,18.73,18.23,18.72,60176,114802.163,1.0
2020-03-26,18.72,19.58,18.55,19.07,89487,175724.698,1.0
2020-03-27,19.27,19.28,17.49,17.77,103777,195194.626,1.0
2020-03-30,17.15,17.17,16.34,16.47,70013,119862.902,1.0
2020-03-31,16.68,16.74,16.27,16.38,35281,59986.718,1.0
2020-04-01,16.22,16.62,15.97,16.06,47836,80474.783,1.0
2020-04-02,16.05,16.77,15.79,16.77,49417,83508.016,1.0
2020-04-03,16.68,16.72,16.23,16.29,36908,62695.802,1.0
2020-04-07,16.7,17.25,16.69,17.17,64151,112061.74,1.0
2020-04-08,17.05,17.46,16.86,17.32,47144,83633.36,1.0
2020-04-09,17.42,17.46,17.13,17.2,38950,69363.061,1.0
2020-04-10,17.14,17.24,16.48,16.52,36054,62186.285,1.0
2020-04-13,16.46,16.46,15.95,16.08,41691,69246.58,1.0
2020-04-14,16.02,16.33,16.0,16.33,34431,57562.669,1.0
2020-04-15,16.4,16.67,16.25,16.34,37558,63760.702,1.0
2020-04-16,16.14,16.36,16.12,16.16,36383,60941.679,1.0
2020-04-17,16.27,16.46,15.92,16.03,64315,107525.785,1.0
2020-04-20,16.09,16.45,16.09,16.39,41237,69355.398,1.0
2020-04-21,16.38,16.41,16.05,16.35,42799,71599.586,1.0
2020-04-22,16.2,16.44,16.07,16.38,37605,63195.847,1.0
2020-04-23,16.29,16.29,15.97,16.02,43027,71442.857,1.0
2020-04-24,15.95,15.97,15.37,15.44,44706,72112.96,1.0
2020-04-27,15.43,15.44,15.09,15.17,23414,36829.918,1.0
2020-04-28,15.27,15.35,13.97,14.57,34449,51974.004,1.0
2020-04-29,14.55,14.91,14.39,14.56,23148,35152.891,1.0
2020-04-30,14.75,15.11,14.59,15.0,29952,46239.577,1.0
2020-05-06,14.89,15.42,14.81,15.42,29673,46602.5,1.0
2020-05-07,15.48,15.88,15.48,15.51,39565,63997.495,1.0
2020-05-08,15.66,15.84,15.59,15.72,34211,55610.343,1.0
2020-05-11,15.83,15.99,15.36,15.49,39140,63179.664,1.0
2020-05-12,15.55,15.56,15.09,15.41,27839,44011.104,1.0
2020-05-13,15.27,15.55,15.18,15.52,21902,34922.6,1.0
2020-05-14,15.46,15.65,15.31,15.36,23414,37422.277,1.0
2020-05-15,15.46,15.61,15.36,15.43,27298,43776.975,1.0
2020-05-18,15.48,15.77,15.24,15.33,45593,73352.045,1.0
2020-05-19,15.49,15.61,15.39,15.61,29852,47914.725,1.0
2020-05-20,15.67,15.75,15.17,15.21,39258,62664.858,1.0
2020-05-21,15.3,15.39,14.55,14.6,45137,69329.047,1.0
2020-05-22,14.57,14.81,14.41,14.51,25578,38722.136,1.0
2020-05-25,14.49,14.81,14.38,14.78,23154,35119.851,1.0
2020-05-26,14.95,16.31,14.94,16.31,117144,192616.972,1.0
2020-05-27,16.87,17.79,16.5,16.73,201888,355071.28,1.0
2020-05-28,16.73,16.95,15.82,16.02,108725,181782.969,1.0
2020-05-29,16.01,17.68,15.88,17.68,206038,365240.464,1.0
2020-06-01,17.46,18.37,16.98,18.02,216611,395130.192,1.0
2020-06-02,17.64,18.1,17.37,18.08,130534,238749.375,1.0
2020-06-03,17.87,19.32,17.65,17.71,149783,281790.688,1.0
2020-06-04,17.51,18.02,17.16,17.23,96044,172528.49,1.0
2020-06-05,17.23,17.44,17.0,17.26,64784,114862.686,1.0
2020-06-08,17.34,17.53,17.09,17.46,69655,124558.269,1.0
2020-06-09,17.42,17.42,16.87,16.98,57023,100292.12,1.0
2020-06-10,16.85,16.86,16.53,16.79,48310,83242.662,1.0
2020-06-11,16.79,17.33,16.72,16.88,60713,106697.707,1.0
2020-06-12,16.31,16.77,16.23,16.53,46165,78898.865,1.0
2020-06-15,16.5,16.72,16.27,16.47,46508,79418.684,1.0
2020-06-16,16.62,16.99,16.57,16.93,49022,85204.684,1.0
2020-06-17,16.92,17.25,16.73,17.03,52556,91959.725,1.0
2020-06-18,16.82,16.97,16.65,16.87,34741,60278.883,1.0
2020-06-19,16.88,17.52,16.68,17.22,74824,132007.966,1.0
2020-06-22,17.13,17.44,17.05,17.23,51859,92160.943,1.0
2020-06-23,17.17,17.34,16.86,16.86,39241,68921.176,1.0
2020-06-24,16.8,16.93,16.51,16.56,33291,57182.686,1.0
2020-06-29,16.57,16.77,16.36,16.38,26550,45392.86,1.0
2020-06-30,16.47,16.97,16.47,16.8,40436,69949.871,1.0
2020-07-01,16.86,17.63,16.67,16.96,76768,135467.746,1.0
2020-07-02,16.96,17.28,16.73,17.12,57319,99819.704,1.0
2020-07-03,17.18,17.48,17.01,17.09,55492,97323.91,1.0
2020-07-06,17.18,18.24,17.15,17.87,115477,210085.337,1.0
2020-07-07,18.1,18.62,18.09,18.45,134878,253688.216,1.0
2020-07-08,19.14,19.26,18.49,18.92,128315,247154.005,1.0
2020-07-09,19.0,20.54,19.0,19.53,167831,339230.944,1.0
2020-07-10,19.52,20.39,19.26,19.88,146689,299025.76,1.0
2020-07-13,20.37,20.88,19.87,20.5,124204,257828.644,1.0
2020-07-14,21.01,21.28,19.88,20.18,142030,297956.384,1.0
2020-07-15,20.08,20.41,19.01,19.03,124433,248810.279,1.0
2020-07-16,19.06,19.19,17.79,17.87,90257,171482.833,1.0
2020-07-17,17.88,18.17,17.68,18.0,60334,110971.632,1.0
2020-07-20,18.22,19.16,18.16,19.14,89865,172106.805,1.0
2020-07-21,19.24,19.97,18.9,19.64,119651,238613.511,1.0
2020-07-22,19.68,19.97,19.4,19.68,79053,158980.622,1.0
2020-07-23,19.58,20.58,19.34,20.31,160825,328523.712,1.0
2020-07-24,20.29,20.29,18.9,19.03,116275,231754.059,1.0
2020-07-27,19.03,19.49,18.23,18.53,73757,142111.328,1.0
2020-07-28,18.77,18.97,18.06,18.32,65742,124103.696,1.0
2020-07-29,18.32,19.13,18.07,19.13,74723,142652.125,1.0
2020-07-30,19.16,20.08,19.03,19.37,96733,193466.895,1.0
2020-07-31,19.48,20.0,19.16,19.58,67548,134754.712,1.0
2020-08-03,19.78,21.47,19.67,21.44,173775,367028.048,1.0
2020-08-04,21.29,22.04,21.03,21.41,140817,310168.0,1.0
2020-08-05,21.38,23.53,21.28,22.99,198790,454359.52,1.0
2020-08-06,22.74,24.21,22.48,23.08,196503,468652.384,1.0
2020-08-07,23.14,24.17,22.53,23.61,191132,453982.096,1.0
2020-08-10,23.46,24.33,22.59,23.04,159699,382252.864,1.0
2020-08-11,23.04,23.32,21.46,21.72,141717,323479.408,1.0
2020-08-12,21.51,21.94,20.06,20.69,142941,301147.968,1.0
2020-08-13,20.68,20.88,20.09,20.26,76778,160311.56,1.0
2020-08-14,20.29,22.33,20.26,21.58,232016,517102.976,1.0
2020-08-17,21.42,22.02,21.28,21.46,178719,392120.432,1.0
2020-08-18,21.46,21.9,21.09,21.88,124229,271794.608,1.0
2020-08-19,21.58,21.67,19.97,20.0,175561,369511.376,1.0
2020-08-20,19.7,19.96,19.42,19.58,88339,176966.895,1.0
2020-08-21,19.58,19.88,19.39,19.78,81895,164131.338,1.0
2020-08-24,19.71,20.07,19.15,19.81,74382,149128.021,1.0
2020-08-25,19.78,20.01,19.48,19.67,57650,116142.943,1.0
2020-08-26,19.95,20.17,19.46,20.08,101781,206424.166,1.0
2020-08-27,20.03,20.03,19.64,19.86,48064,97343.675,1.0
2020-08-28,19.91,20.09,19.69,20.01,49821,101239.985,1.0
2020-08-31,20.0,20.56,19.96,20.38,71420,148129.423,1.0
2020-09-01,20.3,21.26,20.16,21.11,94636,201806.234,1.0
2020-09-02,21.08,21.11,20.43,20.5,78955,166188.548,1.0
2020-09-03,20.58,20.58,19.74,20.2,57306,117530.896,1.0
2020-09-04,19.76,20.09,19.6,20.01,41738,84621.727,1.0
2020-09-07,19.98,20.17,19.26,19.36,60368,121281.754,1.0
2020-09-08,19.39,19.78,19.08,19.49,46450,92332.307,1.0
2020-09-09,19.26,19.37,18.36,18.58,74724,143021.855,1.0
2020-09-10,18.68,18.96,18.23,18.28,45636,86553.813,1.0
2020-09-11,18.23,18.55,18.09,18.51,30824,57805.421,1.0
2020-09-14,18.6,18.83,18.54,18.68,26777,51184.912,1.0
2020-09-15,18.77,18.99,18.51,18.92,29381,56507.398,1.0
2020-09-16,18.92,19.03,18.49,18.6,21081,40283.281,1.0
2020-09-17,18.62,18.89,18.33,18.72,24364,46497.665,1.0
2020-09-18,18.68,19.05,18.61,19.05,26886,52013.033,1.0
2020-09-21,19.08,19.64,18.88,19.44,43108,85459.345,1.0
2020-09-22,19.2,19.37,18.83,18.93,30580,59703.972,1.0
2020-09-23,18.96,19.07,18.73,18.88,20103,38797.966,1.0
2020-09-24,18.7,18.76,18.2,18.26,23606,44555.488,1.0
2020-09-25,18.39,18.64,18.02,18.32,21092,39423.484,1.0
2020-09-28,18.29,18.4,17.8,17.88,17087,31495.246,1.0
2020-09-29,17.91,18.63,17.91,18.45,26853,50509.181,1.0
2020-09-30,18.56,18.83,18.18,18.46,26729,50546.358,1.0
2020-10-09,18.75,19.13,18.75,19.1,24763,48072.177,1.0
2020-10-12,19.1,19.54,19.03,19.48,38825,76871.537,1.0
2020-10-13,19.46,19.46,19.19,19.27,26958,53114.906,1.0
2020-10-14,19.26,19.7,19.15,19.69,48621,96637.104,1.0
2020-10-15,19.59,19.69,18.08,18.18,106934,204652.283,1.0
2020-10-16,18.37,18.61,18.21,18.46,29150,54995.938,1.0
2020-10-19,18.53,18.85,18.33,18.37,20000,37830.839,1.0
2020-10-20,18.37,18.57,18.08,18.37,24271,45230.479,1.0
2020-10-21,18.36,18.36,17.94,18.05,22263,41153.422,1.0
2020-10-22,17.91,18.07,17.51,17.99,16139,29533.257,1.0
2020-10-23,18.0,18.18,17.61,17.74,20257,36921.175,1.0
2020-10-26,17.73,17.86,17.41,17.63,11949,21621.817,1.0
2020-10-27,17.56,17.83,17.56,17.65,12982,23515.226,1.0
2020-10-28,17.75,17.76,17.28,17.51,26115,46944.911,1.0
2020-10-29,17.38,17.38,16.97,17.02,45652,80042.901,1.0
2020-10-30,17.04,17.18,16.32,16.44,43281,73962.184,1.0
2020-11-02,16.46,16.47,15.93,16.13,32388,53650.302,1.0
2020-11-03,16.16,16.82,16.16,16.77,27293,46510.477,1.0
2020-11-04,16.83,17.04,16.59,16.94,21972,37957.067,1.0
2020-11-05,17.09,17.16,16.8,16.96,28822,50087.994,1.0
2020-11-06,16.96,17.03,16.65,16.78,16757,28850.721,1.0
2020-11-09,16.86,17.45,16.85,17.36,36660,64792.261,1.0
2020-11-10,17.47,17.56,17.09,17.24,29391,52136.433,1.0
2020-11-11,17.26,17.26,16.77,16.84,19998,34755.136,1.0
2020-11-12,16.89,17.04,16.82,16.86,11382,19725.939,1.0
2020-11-13,16.95,16.99,16.59,16.98,16395,28247.755,1.0
2020-11-16,16.87,17.21,16.73,16.93,16910,29264.914,1.0
2020-11-17,16.93,16.93,16.59,16.85,17438,29908.982,1.0
2020-11-18,16.84,17.08,16.69,16.9,16292,28330.582,1.0
2020-11-19,16.9,17.4,16.79,17.35,33167,58403.585,1.0
2020-11-20,17.33,17.37,17.13,17.22,20923,36906.345,1.0
2020-11-23,17.23,17.34,17.14,17.24,22190,39203.365,1.0
2020-11-24,17.24,17.33,17.12,17.15,20248,35740.496,1.0
2020-11-25,17.13,17.32,17.03,17.03,19652,34562.905,1.0
2020-11-26,17.07,17.1,16.88,16.93,18985,32994.508,1.0
2020-11-27,16.93,17.04,16.68,16.8,16082,27684.607,1.0
2020-11-30,16.79,16.96,16.58,16.69,20925,35981.505,1.0
2020-12-01,16.68,16.96,16.68,16.92,16718,28846.065,1.0
2020-12-02,17.0,17.31,16.82,17.21,38574,67697.354,1.0
2020-12-03,17.09,17.33,17.08,17.19,28041,49475.191,1.0
2020-12-04,17.2,17.33,17.18,17.2,19108,33755.757,1.0
2020-12-07,17.28,17.53,17.13,17.37,28361,50440.003,1.0
2020-12-08,17.38,17.64,17.33,17.64,33187,59644.885,1.0
2020-12-09,17.54,17.62,16.83,16.97,30388,53674.26,1.0
2020-12-10,16.96,17.18,16.66,16.67,26701,46209.604,1.0
2020-12-11,16.97,16.97,15.64,15.89,44933,74288.442,1.0
2020-12-14,15.58,15.9,15.48,15.84,18754,30215.776,1.0
2020-12-15,15.86,17.47,15.69,17.47,71154,124276.196,1.0
2020-12-16,18.12,18.78,17.65,17.74,179621,334845.2,1.0
2020-12-17,17.71,18.48,17.41,18.15,113071,208955.567,1.0
2020-12-18,17.78,18.81,17.67,18.64,113962,215005.273,1.0
2020-12-21,18.9,20.55,18.46,20.55,201882,408053.216,1.0
2020-12-22,20.38,21.07,19.84,19.98,151388,316218.608,1.0
2020-12-23,20.48,20.74,19.69,20.66,109745,227183.047,1.0
2020-12-24,20.55,22.66,20.53,21.75,161204,357516.48,1.0
2020-12-25,21.88,21.89,20.96,21.53,94732,205670.901,1.0
2020-12-28,21.58,21.58,19.88,20.26,131999,275540.272,1.0
2020-12-29,20.24,20.55,19.3,19.65,109259,220767.847,1.0
2020-12-30,19.71,20.65,19.45,20.08,95382,195482.678,1.0
2020-12-31,19.85,20.48,19.5,20.15,83124,169113.414,1.0
2021-01-04,20.08,21.41,19.88,20.84,136602,286714.336,1.0
2021-01-05,20.51,21.58,19.98,20.91,118929,252079.811,1.0
2021-01-06,20.85,20.87,20.01,20.18,63612,132344.906,1.0
2021-01-07,20.08,20.28,18.88,19.58,105051,209978.472,1.0
2021-01-08,19.58,19.86,18.48,18.69,100363,194262.339,1.0
2021-01-11,18.97,19.63,18.58,18.72,69035,134880.725,1.0
2021-01-12,18.83,19.91,18.55,19.84,72322,143875.609,1.0
2021-01-13,19.83,19.83,18.86,18.97,51286,101068.545,1.0
2021-01-14,19.35,20.91,19.08,20.91,171451,361563.264,1.0
2021-01-15,20.76,21.11,19.65,20.16,182966,379676.016,1.0
2021-01-18,19.77,21.13,19.3,21.13,137268,284594.624,1.0
2021-01-19,20.78,21.05,20.33,20.98,106263,223933.295,1.0
2021-01-20,20.87,21.05,20.36,20.66,81148,171174.543,1.0
2021-01-21,20.53,20.68,19.74,20.28,80060,165550.739,1.0
2021-01-22,20.21,20.21,18.21,18.23,149981,289176.16,1.0
2021-01-25,17.98,17.98,17.07,17.38,82114,146579.834,1.0
2021-01-26,17.39,17.57,16.38,16.67,71913,123879.181,1.0
2021-01-27,16.58,16.93,16.49,16.88,37330,64009.303,1.0
2021-01-28,16.67,16.88,16.38,16.59,29804,50750.099,1.0
2021-01-29,16.6,16.75,15.69,15.92,43532,72039.231,1.0
2021-02-01,16.18,16.56,16.1,16.45,33873,56815.581,1.0
2021-02-02,16.51,17.06,16.38,16.97,41100,70892.814,1.0
2021-02-03,16.83,16.95,16.37,16.38,31889,54403.212,1.0
2021-02-04,15.68,16.02,14.88,15.25,76977,121360.474,1.0
2021-02-05,15.27,15.43,14.58,14.58,41015,62950.624,1.0
2021-02-08,14.59,15.01,14.45,14.88,27749,42294.737,1.0
2021-02-09,14.82,15.2,14.68,15.19,31024,47813.895,1.0
2021-02-10,15.14,15.25,14.95,15.11,24808,38455.671,1.0
2021-02-18,15.23,15.9,15.23,15.76,31202,50162.189,1.0
2021-02-19,15.76,16.01,15.58,15.97,25855,42150.636,1.0
2021-02-22,15.98,16.38,15.89,15.91,39538,65569.96,1.0
2021-02-23,15.97,16.08,15.46,15.96,24036,39092.314,1.0
2021-02-24,15.92,16.2,15.77,16.05,25666,42177.889,1.0
2021-02-25,16.09,16.14,15.64,15.69,22975,37270.033,1.0
2021-02-26,15.51,15.84,15.43,15.71,14391,23253.303,1.0
2021-03-01,15.94,16.51,15.94,16.5,32274,53914.939,1.0
2021-03-02,16.51,16.58,16.08,16.24,21625,36020.607,1.0
2021-03-03,16.18,16.53,16.18,16.37,30226,50822.968,1.0
2021-03-04,16.36,16.68,16.19,16.52,36641,61877.592,1.0
2021-03-05,16.43,16.54,16.2,16.43,18482,31077.126,1.0
2021-03-08,16.56,16.56,15.9,15.93,32234,53531.286,1.0
2021-03-09,15.93,15.94,15.1,15.44,32618,52035.303,1.0
2021-03-10,15.68,15.68,15.21,15.29,19936,31396.425,1.0
2021-03-11,15.28,15.6,15.15,15.59,15693,24888.661,1.0
2021-03-12,15.64,15.64,15.21,15.45,13210,20873.097,1.0
2021-03-15,15.45,15.45,15.24,15.31,14945,23532.98,1.0
2021-03-16,15.36,15.64,15.32,15.51,13028,20714.448,1.0
2021-03-17,15.48,15.76,15.31,15.54,13734,21862.583,1.0
2021-03-18,15.76,15.76,15.32,15.38,17589,27865.855,1.0
2021-03-19,15.34,15.62,15.23,15.53,17937,28432.113,1.0
2021-03-22,15.48,15.7,15.42,15.68,22405,35859.551,1.0
2021-03-23,15.71,15.71,15.44,15.59,17731,28281.251,1.0
2021-03-24,15.53,15.63,15.42,15.44,14100,22462.804,1.0
2021-03-25,15.39,15.66,15.33,15.49,15921,25415.107,1.0
2021-03-26,15.55,15.81,15.54,15.68,18592,29972.76,1.0
2021-03-29,15.68,16.05,15.68,15.98,23888,38989.715,1.0
2021-03-30,15.93,16.18,15.84,15.87,22098,36265.896,1.0
2021-03-31,15.87,17.5,15.7,16.37,44948,76176.347,1.0
2021-04-01,16.37,16.48,16.0,16.26,27029,44792.35,1.0
2021-04-02,16.25,16.46,16.08,16.21,21283,35457.969,1.0
2021-04-06,16.16,16.42,16.03,16.33,22594,37716.947,1.0
2021-04-07,16.3,16.32,16.06,16.14,15954,26406.23,1.0
2021-04-08,16.14,16.14,15.84,15.91,16775,27462.509,1.0
2021-04-09,15.91,16.22,15.88,16.01,16753,27563.217,1.0
2021-04-12,15.91,16.22,15.78,16.03,16448,26979.051,1.0
2021-04-13,16.03,16.35,15.95,16.28,20876,34642.217,1.0
2021-04-14,16.13,16.13,15.44,15.58,45500,73239.776,1.0
2021-04-15,15.41,15.8,15.41,15.68,19000,30414.432,1.0
2021-04-16,15.67,16.24,15.57,16.13,29282,47822.864,1.0
2021-04-19,16.34,17.05,16.34,16.7,74429,127834.744,1.0
2021-04-20,16.71,16.79,16.33,16.33,42920,72726.37,1.0
2021-04-21,16.22,16.43,16.13,16.17,31377,52210.317,1.0
2021-04-22,16.19,17.5,16.19,17.06,87098,151598.502,1.0
2021-04-23,17.46,17.58,16.74,16.88,68288,120077.961,1.0
2021-04-26,16.87,17.05,16.41,16.48,45224,77503.363,1.0
2021-04-27,16.48,16.56,15.88,16.05,33168,54900.74,1.0
2021-04-28,16.05,16.11,15.8,15.95,23451,38372.114,1.0
2021-04-29,15.95,16.1,15.71,15.78,26686,43470.468,1.0
2021-04-30,15.73,15.83,15.48,15.68,26199,42068.411,1.0
2021-05-06,15.7,15.88,15.58,15.68,19442,31462.822,1.0
2021-05-07,15.68,15.76,15.42,15.46,29051,46303.959,1.0
2021-05-10,15.46,15.57,15.19,15.31,27429,43095.263,1.0
2021-05-11,15.22,15.7,15.18,15.65,20753,32926.083,1.0
2021-05-12,15.58,15.73,15.42,15.61,15394,24611.137,1.0
2021-05-13,15.52,15.85,15.46,15.68,22008,35492.343,1.0
2021-05-14,15.68,15.82,15.55,15.8,22765,36769.528,1.0
2021-05-17,15.98,16.04,15.68,15.69,27860,45265.782,1.0
2021-05-18,15.73,15.93,15.54,15.84,19092,30905.196,1.0
2021-05-19,15.79,16.38,15.68,16.14,49755,82641.112,1.0
2021-05-20,16.05,16.14,15.8,15.95,27260,44554.728,1.0
2021-05-21,15.94,16.01,15.59,15.7,24088,38994.11,1.0
2021-05-24,15.81,16.22,15.64,16.16,34264,56204.596,1.0
2021-05-25,16.1,16.18,15.95,16.11,24322,40135.055,1.0
2021-05-26,16.13,16.16,15.92,15.98,25873,42500.195,1.0
2021-05-27,15.89,16.28,15.85,16.13,32671,54089.188,1.0
2021-05-28,16.23,16.24,15.71,15.81,33355,54472.576,1.0
2021-05-31,15.81,16.33,15.77,16.23,38395,63376.371,1.0
2021-06-01,16.23,16.53,16.21,16.49,43650,73421.193,1.0
2021-06-02,16.5,16.55,16.03,16.18,29172,48626.47,1.0
2021-06-03,16.18,16.28,15.86,15.89,23853,39348.494,1.0
2021-06-04,15.89,16.06,15.74,15.92,20691,33764.952,1.0
2021-06-07,15.95,16.33,15.95,16.33,29372,48922.046,1.0
2021-06-08,16.29,16.29,16.11,16.2,23563,39100.681,1.0
2021-06-09,16.19,16.38,16.12,16.21,21104,35141.008,1.0
2021-06-10,16.29,16.59,16.17,16.52,36826,61861.638,1.0
2021-06-11,16.43,16.54,16.12,16.12,31968,53328.855,1.0
2021-06-15,16.28,17.0,16.24,16.43,64985,110448.874,1.0
2021-06-16,16.43,16.72,16.14,16.39,45505,76582.621,1.0
2021-06-17,16.46,16.81,16.35,16.73,51663,88011.375,1.0
2021-06-18,16.81,16.82,16.46,16.63,38893,66148.245,1.0
2021-06-21,16.53,16.92,16.49,16.82,43954,75616.166,1.0
2021-06-22,16.82,17.46,16.69,17.04,60981,106519.404,1.0
2021-06-23,16.87,17.02,16.68,16.86,41986,72456.331,1.0
2021-06-24,16.79,16.86,16.46,16.48,38537,65514.17,1.0
2021-06-25,16.44,16.73,16.33,16.39,46114,77928.324,1.0
2021-06-28,16.32,16.54,16.19,16.32,44877,75202.174,1.0
2021-06-29,16.39,16.39,15.58,15.76,59583,97766.847,1.0
2021-06-30,15.75,15.93,15.68,15.83,32311,52408.365,1.0
2021-07-01,15.83,15.86,15.45,15.45,33998,54445.216,1.0
2021-07-02,15.43,15.6,15.41,15.55,22071,35117.657,1.0
2021-07-05,15.56,15.77,15.53,15.73,22062,35495.367,1.0
2021-07-06,15.73,15.73,15.53,15.66,18751,30041.699,1.0
2021-07-07,15.64,15.8,15.57,15.79,20519,33090.968,1.0
2021-07-08,16.17,16.21,15.85,15.95,38234,62122.711,1.0
2021-07-09,15.79,16.28,15.72,16.12,39055,63293.543,1.0
2021-07-12,16.16,16.88,16.02,16.52,76413,127735.29,1.0
2021-07-13,16.48,16.65,16.38,16.52,35682,59613.232,1.0
2021-07-14,16.53,16.6,16.2,16.23,32803,54292.435,1.0
2021-07-15,16.3,16.3,15.8,16.01,37985,61538.287,1.0
2021-07-16,16.0,16.46,15.93,16.18,35981,59229.463,1.0
2021-07-19,16.27,16.33,15.99,16.28,24984,41051.776,1.0
2021-07-20,16.11,16.27,16.04,16.27,20699,33925.303,1.0
2021-07-21,16.33,16.63,16.25,16.36,42615,71129.14,1.0
2021-07-22,16.37,16.63,16.19,16.56,40089,66934.058,1.0
2021-07-23,16.58,16.58,16.12,16.28,40554,66968.136,1.0
2021-07-26,16.28,16.58,16.09,16.45,54556,90604.018,1.0
2021-07-27,16.38,16.8,16.16,16.47,73024,122216.985,1.0
2021-07-28,16.31,16.33,15.39,15.54,66062,105777.74,1.0
2021-07-29,15.67,15.97,15.61,15.75,37363,59757.083,1.0
2021-07-30,15.69,16.71,15.69,16.64,67490,111342.227,1.0
2021-08-02,16.54,16.89,16.4,16.82,62452,105708.228,1.0
2021-08-03,16.75,16.96,16.51,16.58,44133,74718.511,1.0
2021-08-04,16.64,17.12,16.5,17.05,62729,107685.646,1.0
2021-08-05,16.9,17.32,16.85,17.08,60355,104223.416,1.0
2021-08-06,16.99,17.17,16.69,17.07,52157,89360.733,1.0
2021-08-09,17.01,18.8,16.79,18.8,125423,228174.4,1.0
2021-08-10,19.36,20.7,19.19,20.7,239635,490482.112,1.0
2021-08-11,20.42,20.69,18.92,19.28,312350,620066.688,1.0
2021-08-12,18.81,18.96,18.29,18.35,188689,354243.072,1.0
2021-08-13,18.22,18.51,18.11,18.33,117101,216836.719,1.0
2021-08-16,18.28,18.88,18.24,18.65,118926,223901.306,1.0
2021-08-17,18.63,18.63,17.67,17.77,94695,172082.154,1.0
2021-08-18,17.66,18.17,17.5,18.07,64121,115806.088,1.0
2021-08-19,17.93,18.49,17.83,18.02,70299,129360.278,1.0
2021-08-20,17.98,18.34,17.64,18.18,52150,95113.966,1.0
2021-08-23,18.41,18.94,18.31,18.53,101085,190316.765,1.0
2021-08-24,18.37,18.88,18.07,18.72,91102,170315.926,1.0
2021-08-25,18.56,18.85,18.32,18.48,67208,125614.575,1.0
2021-08-26,18.28,18.56,17.78,17.96,67446,124278.544,1.0
2021-08-27,17.93,19.41,17.8,19.21,160318,305257.664,1.0
2021-08-30,19.63,19.65,18.73,18.94,105746,205112.18,1.0
2021-08-31,18.94,19.06,18.19,18.44,74266,139367.949,1.0
2021-09-01,18.38,19.49,17.89,19.11,97854,185128.706,1.0
2021-09-02,19.07,19.34,18.8,19.24,80800,156419.082,1.0
2021-09-03,19.26,19.48,18.91,19.05,66927,129609.94,1.0
2021-09-06,19.18,19.21,18.39,19.03,66203,126155.236,1.0
2021-09-07,19.01,19.16,18.66,19.02,62651,120273.307,1.0
2021-09-08,19.04,19.78,18.97,19.78,105028,206157.826,1.0
2021-09-09,19.69,20.23,19.23,19.4,76976,151960.663,1.0
2021-09-10,19.34,19.56,18.76,19.01,58305,112667.443,1.0
2021-09-13,18.88,19.13,18.77,18.92,42572,81505.394,1.0
2021-09-14,18.88,19.29,18.66,19.23,57172,109775.947,1.0
2021-09-15,19.32,19.74,19.19,19.33,77863,153478.774,1.0
2021-09-16,19.13,19.14,18.08,18.12,76861,144917.335,1.0
2021-09-17,17.98,18.58,17.56,18.35,51221,93394.486,1.0
2021-09-22,17.99,18.55,17.99,18.47,33711,62520.469,1.0
2021-09-23,18.47,18.61,18.17,18.24,33736,62633.657,1.0
2021-09-24,18.34,18.45,17.89,17.91,32262,59170.191,1.0
2021-09-27,17.73,18.42,17.08,17.98,57767,103373.539,1.0
2021-09-28,17.78,18.2,17.74,17.91,24303,44202.082,1.0
2021-09-29,17.76,17.78,16.99,17.07,32256,56850.686,1.0
2021-09-30,17.14,17.64,17.14,17.58,33472,58765.05,1.0
2021-10-08,17.6,17.75,17.51,17.6,21696,38738.728,1.0
2021-10-11,17.6,17.9,17.51,17.73,24155,43288.199,1.0
2021-10-12,17.61,17.74,17.0,17.18,23936,41943.882,1.0
2021-10-13,17.18,17.41,17.08,17.34,11938,20835.443,1.0
2021-10-14,17.19,17.58,17.16,17.52,13805,24415.954,1.0
2021-10-15,17.41,17.65,17.11,17.14,26040,45748.716,1.0
2021-10-18,17.15,17.31,16.71,17.31,25873,44434.933,1.0
2021-10-19,17.22,18.27,17.22,18.08,55474,100683.748,1.0
2021-10-20,18.05,18.3,17.93,17.98,32159,58951.153,1.0
2021-10-21,17.97,18.58,17.9,18.03,38717,71379.376,1.0
2021-10-22,17.96,18.58,17.96,18.51,50838,94445.102,1.0
2021-10-25,18.18,18.23,17.73,18.19,43953,79993.069,1.0
2021-10-26,18.18,18.91,18.15,18.62,66887,125781.42,1.0
2021-10-27,18.68,18.88,18.04,18.37,44403,82444.928,1.0
2021-10-28,18.17,18.44,17.45,17.49,42952,77420.942,1.0
2021-10-29,17.37,19.26,17.33,18.93,125588,240054.85,1.0
2021-11-01,18.71,19.45,18.6,19.22,111871,216629.922,1.0
2021-11-02,19.23,19.6,18.84,19.26,102606,199657.241,1.0
2021-11-03,19.19,19.63,18.68,19.07,65340,126055.158,1.0
2021-11-04,19.18,19.66,19.0,19.65,96335,189712.206,1.0
2021-11-05,19.46,21.43,19.32,20.12,166203,339985.696,1.0
2021-11-08,20.08,20.11,19.46,19.64,89025,177530.703,1.0
2021-11-09,19.63,19.91,19.28,19.73,64777,128731.229,1.0
2021-11-10,19.6,20.61,19.28,20.42,110088,224919.115,1.0
2021-11-11,20.23,21.41,20.0,20.89,147621,311431.248,1.0
2021-11-12,20.63,21.58,20.55,20.87,121598,258863.063,1.0
2021-11-15,20.78,21.28,20.39,20.48,114945,239613.236,1.0
2021-11-16,20.33,22.55,20.31,21.88,255102,562261.712,1.0
2021-11-17,21.56,22.08,21.28,21.61,136435,297366.768,1.0
2021-11-18,21.66,21.72,20.36,20.52,156115,328284.096,1.0
2021-11-19,20.54,20.96,20.17,20.28,136401,283238.384,1.0
2021-11-22,20.43,21.83,20.3,21.51,184665,394987.728,1.0
2021-11-23,21.49,21.72,20.97,20.99,113510,243604.179,1.0
2021-11-24,21.04,22.53,20.55,22.08,186488,406998.848,1.0
2021-11-25,22.02,22.02,20.89,20.96,133083,288041.488,1.0
2021-11-26,20.95,21.13,20.18,20.36,119835,248799.645,1.0
2021-11-29,19.99,20.68,19.9,20.43,71197,146646.461,1.0
2021-11-30,20.43,22.38,20.4,21.51,179927,389700.256,1.0
2021-12-01,21.7,22.08,21.23,21.65,110106,240869.855,1.0
2021-12-02,21.76,21.85,20.57,20.58,90595,192058.516,1.0
2021-12-03,20.76,21.23,20.56,20.65,66730,140228.974,1.0
2021-12-06,20.73,22.58,20.73,21.5,171718,376985.008,1.0
2021-12-07,21.46,21.85,20.41,20.9,121443,257005.432,1.0
2021-12-08,21.07,23.01,21.05,23.01,154797,353801.104,1.0
2021-12-09,23.73,24.48,23.28,23.48,340207,817300.496,1.0
2021-12-10,23.74,23.97,22.77,23.05,176928,415180.768,1.0
2021-12-13,23.01,23.36,22.38,23.07,145437,337761.296,1.0
2021-12-14,22.8,23.52,22.68,23.22,124390,291591.392,1.0
2021-12-15,23.07,23.61,22.7,22.76,99201,230464.611,1.0
2021-12-16,22.93,23.84,22.8,23.44,138473,328622.448,1.0
2021-12-17,23.45,23.46,22.28,22.29,127528,291732.272,1.0
2021-12-20,22.21,22.92,21.99,22.39,79674,180417.68,1.0
2021-12-21,22.35,22.75,22.13,22.52,56283,127223.933,1.0
2021-12-22,22.68,22.92,22.19,22.73,96514,220775.703,1.0
2021-12-23,22.6,22.67,21.84,22.45,88005,197609.701,1.0
2021-12-24,22.42,22.94,20.98,21.08,127701,281362.512,1.0
2021-12-27,21.06,21.41,20.48,20.86,71430,151082.359,1.0
2021-12-28,21.28,21.28,20.79,21.04,46217,98008.811,1.0
2021-12-29,21.07,21.48,20.82,21.28,70964,151916.276,1.0
2021-12-30,21.22,23.0,21.18,22.25,135134,303818.784,1.0
2021-12-31,22.29,22.68,21.79,21.92,76767,171898.878,1.0
2022-01-04,21.83,22.78,21.83,22.72,97989,221106.171,1.0
2022-01-05,22.71,22.79,21.83,22.09,83369,187360.351,1.0
2022-01-06,21.68,21.93,21.1,21.78,73220,158909.263,1.0
2022-01-07,21.6,21.79,20.88,20.99,63443,136471.097,1.0
2022-01-10,20.78,21.06,20.18,20.6,59869,124641.536,1.0
2022-01-11,20.61,21.06,20.09,20.3,59373,122782.371,1.0
2022-01-12,20.34,20.67,20.34,20.59,44136,91676.176,1.0
2022-01-13,20.58,20.58,19.84,19.92,60000,121869.542,1.0
2022-01-14,20.07,20.26,19.73,20.05,45787,92956.718,1.0
2022-01-17,20.07,20.79,20.06,20.66,57397,119168.121,1.0
2022-01-18,20.65,20.66,20.02,20.17,44824,91892.94,1.0
2022-01-19,20.14,20.38,19.47,19.75,63513,127506.965,1.0
2022-01-20,19.76,19.85,18.94,18.98,61722,120170.595,1.0
2022-01-21,18.98,19.16,18.69,19.05,36633,70194.822,1.0
2022-01-24,18.9,19.11,18.8,18.9,28833,55243.647,1.0
2022-01-25,18.9,19.08,18.08,18.08,48617,91136.481,1.0
2022-01-26,18.08,18.47,18.0,18.23,32592,60209.752,1.0
2022-01-27,18.18,18.38,17.7,17.76,38575,70366.067,1.0
2022-01-28,17.81,18.3,17.71,18.02,33995,61971.467,1.0
2022-02-07,18.34,18.52,18.03,18.27,34457,63535.628,1.0
2022-02-08,18.23,18.36,17.91,18.34,38543,70806.535,1.0
2022-02-09,18.3,18.88,18.23,18.71,47919,89968.421,1.0
2022-02-10,18.7,18.78,18.43,18.53,35597,66859.407,1.0
2022-02-11,18.52,18.52,17.91,17.96,38407,70405.5,1.0
2022-02-14,17.7,18.2,17.58,18.11,34742,63372.118,1.0
2022-02-15,18.25,18.51,18.13,18.35,31367,58115.715,1.0
2022-02-16,18.33,18.59,18.25,18.51,35955,67056.286,1.0
2022-02-17,18.51,18.66,18.32,18.39,31964,59690.509,1.0
2022-02-18,18.28,18.5,18.12,18.48,22771,42283.687,1.0
2022-02-21,18.5,19.03,18.41,19.02,51111,97308.562,1.0
2022-02-22,18.94,19.23,18.66,18.99,45722,87586.613,1.0
2022-02-23,19.0,19.44,18.94,19.32,51800,100809.972,1.0
2022-02-24,19.31,19.91,19.08,19.41,100194,197365.821,1.0
2022-02-25,19.27,19.86,19.04,19.43,88353,173819.034,1.0
2022-02-28,19.47,19.73,19.09,19.26,79296,155702.096,1.0
2022-03-01,19.38,19.51,19.17,19.42,38244,74830.433,1.0
2022-03-02,19.42,19.45,19.12,19.19,46340,90207.945,1.0
2022-03-03,19.38,19.38,18.75,18.83,48701,93696.435,1.0
2022-03-04,19.0,19.0,18.45,18.58,34379,64938.808,1.0
2022-03-07,18.53,18.66,17.99,18.07,34756,64067.859,1.0
2022-03-08,18.01,18.18,17.45,17.5,43154,77645.445,1.0
2022-03-09,17.5,17.63,15.87,16.77,67307,114501.409,1.0
2022-03-10,17.04,17.28,16.88,16.94,39409,68235.434,1.0
2022-03-11,16.63,16.96,16.28,16.94,47097,79223.958,1.0
2022-03-14,16.81,16.91,16.33,16.33,33379,56205.373,1.0
2022-03-15,16.26,16.37,15.38,15.38,46894,75486.168,1.0
2022-03-16,15.51,16.04,15.19,16.0,39073,62179.864,1.0
2022-03-17,16.04,16.44,16.01,16.16,33441,55130.555,1.0
2022-03-18,16.14,16.31,16.05,16.28,21668,35624.685,1.0
2022-03-21,16.31,17.08,16.19,16.68,45254,76536.283,1.0
2022-03-22,16.86,16.86,16.37,16.5,30128,50299.005,1.0
2022-03-23,16.59,16.82,16.39,16.64,25200,42386.712,1.0
2022-03-24,16.48,16.54,16.22,16.24,24592,40735.38,1.0
2022-03-25,16.48,16.57,16.2,16.25,19639,32621.921,1.0
2022-03-28,16.13,16.27,15.8,16.18,22496,36654.362,1.0
2022-03-29,16.18,16.45,15.84,15.87,23181,37791.784,1.0
2022-03-30,16.0,16.31,15.93,16.24,16778,27442.025,1.0
2022-03-31,16.13,16.35,15.88,16.04,33532,54650.202,1.0
2022-04-01,15.9,16.02,15.68,15.93,21529,34680.591,1.0
2022-04-06,15.93,16.18,15.93,16.05,18537,30195.839,1.0
2022-04-07,15.93,16.17,15.69,15.73,22153,35652.701,1.0
2022-04-08,15.69,15.79,15.4,15.58,23213,36650.686,1.0
2022-04-11,15.52,15.52,14.88,14.98,31310,48024.535,1.0
2022-04-12,14.98,15.26,14.81,15.22,19738,30091.234,1.0
2022-04-13,15.13,15.16,14.95,14.97,13186,20122.616,1.0
2022-04-14,14.99,15.13,14.84,15.08,18635,28407.457,1.0
2022-04-15,15.06,15.06,14.55,14.71,23535,35255.716,1.0
2022-04-18,14.7,14.98,14.46,14.91,15199,22786.15,1.0
2022-04-19,14.92,15.13,14.88,15.07,14468,22077.571,1.0
2022-04-20,15.18,15.21,14.95,15.03,18637,28503.421,1.0
2022-04-21,14.92,15.15,14.51,14.57,22701,34010.292,1.0
2022-04-22,14.56,14.57,14.06,14.11,27013,38991.015,1.0
2022-04-25,13.92,13.92,12.74,12.89,38546,51792.603,1.0
2022-04-26,12.94,13.07,12.3,12.36,24460,31590.875,1.0
2022-04-27,11.37,11.9,11.1,11.85,87715,101562.18,1.0
2022-04-28,11.48,11.93,11.4,11.53,42836,50722.854,1.0
2022-04-29,11.78,12.56,11.58,12.33,37094,46033.716,1.0
2022-05-05,12.44,12.87,12.12,12.6,32866,42128.843,1.0
2022-05-06,12.38,12.63,12.22,12.4,23012,29126.738,1.0
2022-05-09,12.52,12.67,12.18,12.51,17197,21927.9,1.0
2022-05-10,12.32,12.63,12.21,12.56,17651,22490.561,1.0
2022-05-11,12.56,12.95,12.51,12.61,27593,35911.791,1.0
2022-05-12,12.51,12.82,12.44,12.72,18474,23844.053,1.0
2022-05-13,12.82,12.85,12.62,12.72,16620,21535.502,1.0
2022-05-16,12.81,12.97,12.75,12.87,20394,26681.589,1.0
2022-05-17,12.78,12.92,12.62,12.76,15614,20285.9,1.0
2022-05-18,12.79,13.24,12.79,13.15,30535,40510.831,1.0
2022-05-19,12.93,13.33,12.91,13.27,24333,32525.135,1.0
2022-05-20,13.46,13.52,13.22,13.34,20699,28063.309,1.0
2022-05-23,13.46,13.56,13.32,13.52,15271,20865.633,1.0
2022-05-24,13.57,13.66,13.0,13.0,31773,43081.993,1.0
2022-05-25,12.98,13.57,12.98,13.48,28270,38289.36,1.0
2022-05-26,13.55,13.86,13.24,13.38,36897,50767.942,1.0
2022-05-27,13.64,13.98,13.44,13.83,52396,73093.926,1.0
2022-05-30,14.16,15.24,13.98,15.24,109998,165600.522,1.0
2022-05-31,15.45,16.79,15.1,16.79,200616,329084.432,1.0
2022-06-01,17.53,18.49,16.25,16.78,346750,626329.344,1.0
2022-06-02,15.09,18.43,15.09,17.55,314855,522539.728,1.0
2022-06-06,16.67,17.18,15.98,16.73,220889,372669.392,1.0
2022-06-07,16.78,16.86,15.71,15.91,167875,273802.256,1.0
2022-06-08,15.98,16.03,15.16,15.53,109600,172936.881,1.0
2022-06-09,15.26,15.57,14.72,14.83,88565,134780.789,1.0
2022-06-10,14.87,15.51,14.69,15.33,90485,139783.182,1.0
2022-06-13,15.15,15.41,14.96,15.19,66581,102436.666,1.0
2022-06-14,14.94,15.14,14.58,14.99,62529,94206.676,1.0
2022-06-15,14.99,15.2,14.8,14.81,64814,98891.035,1.0
2022-06-16,14.75,15.24,14.75,15.17,57542,87769.423,1.0
2022-06-17,15.16,15.66,14.83,15.48,83584,129763.807,1.0
2022-06-20,15.48,15.57,15.18,15.34,59590,92537.326,1.0
2022-06-21,15.26,15.34,14.85,14.96,53800,81808.331,1.0
2022-06-22,15.08,15.08,14.65,14.67,42192,63371.425,1.0
2022-06-23,14.64,15.05,14.64,15.05,45738,69123.241,1.0
2022-06-24,15.09,15.29,14.99,15.16,47200,72763.082,1.0
2022-06-27,15.17,15.38,15.01,15.07,35595,54601.479,1.0
2022-06-28,15.11,15.42,14.9,15.35,51161,79139.75,1.0
2022-06-29,15.31,15.33,14.76,14.78,48185,73149.094,1.0
2022-06-30,14.78,14.94,14.68,14.81,32358,48599.729,1.0
2022-07-01,14.82,15.18,14.76,14.76,32779,49724.888,1.0
2022-07-04,14.66,14.88,14.54,14.82,27002,40405.359,1.0
2022-07-05,14.73,14.97,14.48,14.57,34355,51012.431,1.0
2022-07-06,14.64,14.79,14.44,14.57,22773,33818.11,1.0
2022-07-07,14.59,15.57,14.58,14.98,50226,76948.15,1.0
2022-07-08,14.99,15.11,14.88,14.92,23405,35521.015,1.0
2022-07-11,14.87,14.87,14.58,14.62,21017,31290.431,1.0
2022-07-12,14.62,14.7,14.41,14.41,21112,31086.804809999998,1.0
2022-07-13,14.51,14.7,14.45,14.7,16131,23546.51651,1.0
2022-07-14,14.47,14.86,14.45,14.72,27461,40403.33128,1.0
2022-07-15,14.71,14.72,13.96,13.99,42000,59854.78564,1.0
2022-07-18,13.99,14.28,13.99,14.25,21237,30052.817,1.0
2022-07-19,14.37,14.53,14.25,14.53,21516,30987.62318,1.0
2022-07-20,14.55,15.29,14.55,14.96,43828,65449.93829,1.0
2022-07-21,14.87,14.99,14.78,14.8,26683,39676.33384000001,1.0
2022-07-22,14.81,15.35,14.78,15.16,50187,75751.59938,1.0
2022-07-25,15.27,15.5,15.02,15.12,32740,49798.007399999995,1.0
2022-07-26,15.04,15.16,14.78,15.06,23408,34968.179939999995,1.0
2022-07-27,15.05,15.27,14.98,15.13,25737,38958.824,1.0
2022-07-28,15.13,15.35,15.13,15.32,37244,56861.59596,1.0
2022-07-29,15.28,15.28,15.0,15.01,25968,39231.865990000006,1.0
2022-08-01,15.02,15.49,15.02,15.43,42964,65811.4172,1.0
2022-08-02,15.28,15.68,14.79,14.95,51388,77807.27903,1.0
2022-08-03,14.64,15.95,14.64,15.64,108245,168649.60275,1.0
2022-08-04,15.55,15.77,15.3,15.55,58617,90754.73969,1.0
2022-08-05,15.55,16.23,15.36,16.16,95888,152062.24943,1.0
2022-08-08,16.09,16.67,15.78,16.16,78078,126306.7741,1.0
2022-08-09,16.1,16.11,15.7,16.0,65151,103497.287,1.0
2022-08-10,15.95,16.08,15.74,15.84,40178,63834.28028,1.0
2022-08-11,15.95,16.4,15.9,16.25,65506,106223.02234000001,1.0
2022-08-12,16.24,16.35,15.78,15.85,48435,77528.25994,1.0
2022-08-15,15.85,15.85,15.61,15.73,28644,44978.5501,1.0
2022-08-16,15.83,16.38,15.7,15.98,45925,73917.87723,1.0
2022-08-17,15.86,17.2,15.85,16.67,90588,149888.95729,1.0
2022-08-18,16.6,18.34,16.27,17.72,225982,398494.71826999995,1.0
2022-08-19,18.0,19.45,17.82,18.1,273866,504301.83797000005,1.0
2022-08-22,17.83,19.22,17.52,17.52,192869,349637.28956999996,1.0
2022-08-23,17.55,18.05,17.0,17.12,143645,250028.46059,1.0
2022-08-24,17.19,17.25,16.17,16.3,111347,183814.35684999998,1.0
2022-08-25,16.16,16.65,15.66,15.76,86482,138306.79868,1.0
2022-08-26,15.91,15.99,15.16,15.23,71291,110817.87838,1.0
2022-08-29,14.99,15.49,14.83,15.32,41232,63077.377,1.0
2022-08-30,15.3,15.75,15.2,15.35,41549,64256.15644,1.0
2022-08-31,15.39,15.53,14.8,14.9,51727,77864.61226000001,1.0
2022-09-01,14.7,15.45,14.7,15.1,37475,56730.25346,1.0
2022-09-02,15.15,15.47,15.05,15.27,29545,45046.41587,1.0
2022-09-05,15.25,15.28,15.0,15.11,25009,37838.72496,1.0
2022-09-06,15.1,15.26,15.03,15.18,27517,41631.0826,1.0
2022-09-07,15.17,15.3,15.05,15.12,29780,45173.608,1.0
2022-09-08,15.1,15.37,15.07,15.12,34949,53107.61562,1.0
2022-09-09,15.1,15.23,14.81,14.95,34499,51689.750850000004,1.0
2022-09-13,14.95,15.13,14.81,14.86,31150,46431.226740000006,1.0
2022-09-14,14.7,15.15,14.51,15.13,40355,60342.34715,1.0
2022-09-15,15.2,15.64,14.85,15.18,53131,81147.83076000001,1.0
2022-09-16,15.13,15.6,15.0,15.24,54870,84301.78468000001,1.0
2022-09-19,15.1,15.99,14.9,15.75,81041,126476.42615,1.0
2022-09-20,15.7,15.85,15.27,15.78,65608,101785.70759,1.0
2022-09-21,15.52,15.64,15.29,15.54,37661,58259.53,1.0
2022-09-22,15.31,15.75,15.31,15.36,38635,59903.47061,1.0
2022-09-23,15.33,15.53,14.24,14.25,72519,106935.9785,1.0
2022-09-26,14.11,14.21,13.66,13.68,44135,61341.48192,1.0
2022-09-27,13.73,14.5,13.7,14.48,41623,59117.94878,1.0
2022-09-28,14.59,14.59,13.93,13.95,28899,41181.329,1.0
2022-09-29,13.94,14.3,13.5,13.66,27024,37302.065310000005,1.0
2022-09-30,13.71,13.74,13.28,13.28,26125,35159.91515,1.0
2022-10-10,13.31,13.51,13.0,13.13,15523,20615.744010000002,1.0
2022-10-11,13.14,13.3,13.04,13.15,11703,15397.189,1.0
2022-10-12,13.14,13.56,12.99,13.56,23004,30542.92025,1.0
2022-10-13,13.56,13.72,13.44,13.56,17765,24097.18964,1.0
2022-10-14,13.65,13.93,13.62,13.88,19863,27469.1263,1.0
2022-10-17,13.85,15.27,13.73,15.27,57471,83980.06581,1.0
2022-10-18,15.6,15.74,14.96,15.3,89790,137572.01828,1.0
2022-10-19,15.19,15.22,14.95,14.98,43549,65559.46626,1.0
2022-10-20,14.8,15.09,14.72,14.85,32596,48469.684,1.0
2022-10-21,15.13,15.13,14.6,14.73,28650,42437.45292,1.0
2022-10-24,14.69,15.09,14.63,14.8,31744,47266.1665,1.0
2022-10-25,14.66,14.83,14.06,14.53,25635,37307.56304,1.0
2022-10-26,14.61,15.08,14.57,14.84,30361,45175.70576,1.0
2022-10-27,14.65,14.77,14.21,14.57,33965,49447.87225,1.0
2022-10-28,14.44,14.53,13.72,13.76,37389,52579.39611,1.0
2022-10-31,13.77,14.28,13.77,14.16,21729,30661.34412,1.0
2022-11-01,14.29,14.56,14.22,14.49,25859,37267.664560000005,1.0
2022-11-02,15.02,15.94,15.0,15.94,77306,121514.53409,1.0
2022-11-03,16.2,16.88,15.6,15.62,188828,306602.89459,1.0
2022-11-04,15.64,15.84,15.45,15.67,96295,150461.31081,1.0
2022-11-07,15.67,16.18,15.58,16.07,96259,152904.37628,1.0
2022-11-08,16.19,16.2,15.6,15.84,58537,92230.93467,1.0
2022-11-09,15.8,15.99,15.51,15.84,58399,91943.35461,1.0
2022-11-10,15.9,15.91,15.59,15.64,39598,62224.2619,1.0
2022-11-11,15.79,15.99,15.51,15.52,51193,80363.28444,1.0
2022-11-14,15.47,15.74,15.32,15.59,32248,50235.6804,1.0
2022-11-15,15.55,15.8,15.5,15.8,48540,76220.67973999999,1.0
2022-11-16,15.85,16.2,15.77,15.81,62599,99826.71304999999,1.0
2022-11-17,15.63,16.1,15.41,16.1,53328,84206.99403,1.0
2022-11-18,16.04,16.1,15.6,15.8,40578,64466.89652,1.0
2022-11-21,15.75,15.96,15.58,15.95,28852,45386.73378,1.0
2022-11-22,15.84,16.5,15.71,16.1,76625,123768.84885,1.0
2022-11-23,16.34,17.71,16.28,17.5,279423,486314.3293,1.0
2022-11-24,16.6,16.87,16.2,16.69,198023,327650.16535,1.0
2022-11-25,16.43,16.64,15.68,15.7,115143,185554.61438999997,1.0
2022-11-28,15.25,16.45,14.91,15.81,93609,144740.96035,1.0
2022-11-29,15.63,15.81,15.45,15.71,58220,91131.41476,1.0
2022-11-30,15.8,15.82,15.46,15.47,45445,70947.96501999999,1.0
2022-12-01,15.62,15.75,15.5,15.7,41910,65555.20295,1.0
2022-12-02,15.73,15.86,15.56,15.79,48834,76790.59202,1.0
2022-12-05,15.9,16.39,15.74,16.37,91673,148307.04868,1.0
2022-12-06,16.34,16.42,16.14,16.25,45005,73028.3644,1.0
2022-12-07,16.36,16.37,16.0,16.0,42424,68323.9503,1.0
2022-12-08,15.9,16.1,15.52,15.53,50419,79429.71839,1.0
2022-12-09,15.55,16.5,15.45,16.12,86388,139361.20311,1.0
2022-12-12,16.0,16.41,15.73,16.27,71085,114943.51517,1.0
2022-12-13,16.13,16.57,16.05,16.4,69333,113341.04364,1.0
2022-12-14,16.5,16.58,15.88,15.98,57782,93681.25787,1.0
2022-12-15,15.96,16.19,15.88,15.93,38825,62180.118310000005,1.0
2022-12-16,15.77,15.91,15.41,15.44,42372,65846.92685,1.0
2022-12-19,15.43,15.47,15.03,15.09,28680,43589.13318,1.0
2022-12-20,15.2,15.3,15.04,15.15,16011,24294.9462,1.0
2022-12-21,15.21,15.46,14.73,14.81,28211,42418.89164,1.0
2022-12-22,14.84,15.06,14.66,14.73,23075,34217.05296,1.0
2022-12-23,14.62,14.74,14.4,14.56,17513,25513.78416,1.0
2022-12-26,14.56,14.84,14.54,14.8,17718,26079.883260000002,1.0
2022-12-27,14.81,14.95,14.61,14.92,20515,30314.2868,1.0
2022-12-28,14.83,14.92,14.4,14.45,22403,32743.01404,1.0
2022-12-29,14.4,14.57,14.39,14.4,11355,16430.54968,1.0
2022-12-30,14.43,14.6,14.42,14.56,10338,15017.62713,1.0
2023-01-03,14.57,14.98,14.5,14.94,21197,31428.101,1.0
2023-01-04,14.94,15.07,14.85,15.02,19456,29111.513,1.0
2023-01-05,15.02,15.22,14.91,15.22,24351,36798.561,1.0
2023-01-06,15.2,15.23,14.98,15.01,19880,30007.99853,1.0
2023-01-09,15.01,15.17,14.9,15.0,14611,21912.07099,1.0
2023-01-10,15.14,15.14,14.88,14.9,12234,18255.74479,1.0
2023-01-11,14.91,15.04,14.72,14.72,12319,18340.374,1.0
2023-01-12,15.16,15.32,14.86,14.87,24071,36195.0098,1.0
2023-01-13,14.82,15.05,14.77,14.88,17453,26021.324579999997,1.0
2023-01-16,14.9,15.28,14.84,15.21,25310,38263.154200000004,1.0
2023-01-17,15.21,15.34,15.1,15.24,17002,25904.81748,1.0
2023-01-18,15.24,15.65,15.16,15.55,40851,63319.8686,1.0
2023-01-19,15.56,15.65,15.45,15.59,30385,47261.78258,1.0
2023-01-20,15.57,15.65,15.49,15.61,29447,45896.829600000005,1.0
2023-01-30,15.33,16.3,15.28,15.99,78839,125105.50483,1.0
2023-01-31,15.85,16.6,15.85,16.16,72046,117004.49879000001,1.0
2023-02-01,16.15,16.58,15.97,16.58,84583,138827.33129,1.0
2023-02-02,16.6,17.0,16.35,16.57,84247,140463.9566,1.0
2023-02-03,16.59,17.11,16.47,16.97,79608,133894.39138,1.0
2023-02-06,17.1,17.12,16.66,16.72,51476,86593.448,1.0
2023-02-07,16.72,17.38,16.65,16.99,75195,128223.83313,1.0
2023-02-08,16.95,17.33,16.84,16.86,52035,88648.66059999999,1.0
2023-02-09,16.87,17.02,16.78,16.9,45808,77514.53116,1.0
2023-02-10,16.85,17.22,16.8,16.85,36911,62638.598560000006,1.0
2023-02-13,16.9,17.11,16.8,16.92,36422,61601.37284,1.0
2023-02-14,16.92,16.95,16.64,16.68,36011,60290.95932,1.0
2023-02-15,16.68,17.04,16.5,16.97,48140,81170.23754,1.0
2023-02-16,16.97,17.45,16.52,16.64,57748,98228.29848,1.0
2023-02-17,16.65,16.95,16.2,16.3,63252,104068.89257,1.0
2023-02-20,16.3,16.55,16.25,16.43,25845,42369.969,1.0
2023-02-21,16.45,16.74,16.3,16.47,29736,49098.247409999996,1.0
2023-02-22,16.4,17.15,16.29,16.89,42625,71558.47873,1.0
2023-02-23,16.85,16.96,16.67,16.75,27594,46287.91212,1.0
2023-02-24,16.75,17.0,16.67,16.75,25463,42811.94034,1.0
2023-02-27,16.73,17.1,16.73,16.86,48018,81170.87451000001,1.0
2023-02-28,16.81,16.9,16.38,16.66,41497,68937.60048000001,1.0
2023-03-01,16.69,16.98,16.6,16.93,42229,71208.95176000001,1.0
2023-03-02,16.94,16.98,16.68,16.86,34999,58858.357,1.0
2023-03-03,16.84,17.41,16.79,17.17,84280,144293.93161000003,1.0
2023-03-06,17.17,18.89,17.16,18.89,231082,429551.08848000003,1.0
2023-03-07,18.53,18.53,17.66,17.7,311453,562704.08797,1.0
2023-03-08,17.68,18.09,17.45,17.94,186105,331308.53297,1.0
2023-03-09,18.1,18.18,17.45,17.62,136127,241048.71856,1.0
2023-03-10,17.38,17.41,16.7,16.74,130641,222373.18211000002,1.0
2023-03-13,16.66,16.86,16.37,16.61,88642,146757.62841,1.0
2023-03-14,16.61,16.89,16.24,16.73,86688,144368.19522999998,1.0
2023-03-15,16.75,16.94,16.58,16.88,67966,114201.84884,1.0
2023-03-16,16.68,16.78,16.18,16.21,62883,103291.13542,1.0
2023-03-17,16.31,16.77,16.29,16.61,62129,102893.04536,1.0
2023-03-20,16.61,17.08,16.6,16.88,65593,110498.07578,1.0
2023-03-21,17.37,17.97,17.34,17.56,150137,263795.9475,1.0
2023-03-22,17.5,17.76,17.35,17.65,98692,173373.45897,1.0
2023-03-23,17.47,17.95,17.46,17.72,61827,109382.909,1.0
2023-03-24,17.82,17.82,17.52,17.7,47006,83004.86705,1.0
2023-03-27,17.69,17.77,17.38,17.72,50911,89495.23608,1.0
2023-03-28,17.75,18.05,17.51,17.55,68108,121014.49282,1.0
2023-03-29,17.54,17.77,17.37,17.63,47369,83152.17928,1.0
2023-03-30,17.55,17.84,17.26,17.33,49161,85964.35612000001,1.0
2023-03-31,17.13,17.29,16.97,17.18,49727,85284.32906999999,1.0
2023-04-03,17.12,17.35,17.03,17.28,40428,69615.04340000001,1.0
2023-04-04,17.41,17.41,16.86,16.97,47804,81565.91391,1.0
2023-04-06,16.97,17.69,16.88,17.6,81066,141718.06983000002,1.0
2023-04-07,17.55,17.66,17.29,17.58,45861,80179.8567,1.0
2023-04-10,17.59,18.04,17.3,17.39,75725,134369.6729,1.0
2023-04-11,17.39,17.5,16.95,17.14,52980,90949.53761,1.0
2023-04-12,17.59,17.77,17.26,17.76,74688,131720.1159,1.0
2023-04-13,17.79,17.79,17.26,17.3,54097,94564.15648,1.0
2023-04-14,17.23,17.39,16.93,17.25,38965,66755.97128,1.0
2023-04-17,17.06,17.25,16.5,16.73,53579,90084.95099,1.0
2023-04-18,16.73,16.77,16.2,16.43,44050,72146.542,1.0
2023-04-19,16.3,16.65,16.29,16.47,30928,50982.45502,1.0
2023-04-20,16.48,16.57,16.12,16.41,35227,57459.93324,1.0
2023-04-21,16.41,16.63,15.68,15.69,60454,97289.5155,1.0
2023-04-24,15.6,15.6,15.2,15.26,45488,69761.07098,1.0
2023-04-25,15.3,15.47,14.83,15.02,38839,58708.04408,1.0
2023-04-26,15.0,15.23,14.87,14.9,31229,46890.33416,1.0
2023-04-27,14.58,14.85,14.57,14.7,42908,63016.220799999996,1.0
2023-04-28,14.69,15.06,14.69,15.02,30297,45349.31075,1.0
2023-05-04,14.91,15.24,14.9,15.22,31896,48154.5572,1.0
2023-05-05,15.22,15.3,14.98,15.13,22279,33618.0545,1.0
2023-05-08,15.15,16.0,15.14,15.84,53468,83493.27442,1.0
2023-05-09,15.96,16.98,15.68,16.16,104516,171034.98247,1.0
2023-05-10,16.01,16.16,15.7,15.83,53903,85692.66574,1.0
2023-05-11,15.73,17.06,15.62,16.49,102235,168378.79159,1.0
2023-05-12,16.34,16.62,16.0,16.04,62130,100655.57738,1.0
2023-05-15,15.93,16.22,15.57,16.22,49468,78400.58614,1.0
2023-05-16,16.29,17.0,15.93,16.68,110633,183701.64968,1.0
2023-05-17,17.07,17.44,16.47,16.95,125759,213301.75426,1.0
2023-05-18,16.79,17.2,16.63,16.88,68191,115214.84341,1.0
2023-05-19,16.95,17.55,16.77,17.1,76817,132189.33974,1.0
2023-05-22,16.94,17.22,16.85,16.85,64838,110164.61448999999,1.0
2023-05-23,16.85,17.19,16.58,16.61,71152,119739.72834,1.0
2023-05-24,16.59,17.08,16.44,16.8,59832,100845.71579,1.0
2023-05-25,16.77,17.2,16.71,17.08,52349,88939.26698999999,1.0
2023-05-26,17.04,17.06,16.75,16.95,35420,59957.56764,1.0
2023-05-29,17.01,17.28,16.83,16.99,40858,69624.17684999999,1.0
2023-05-30,16.9,17.23,16.77,17.19,40562,69391.80529999999,1.0
2023-05-31,17.3,17.88,17.15,17.55,67071,117773.03083,1.0
2023-06-01,17.48,18.79,17.25,18.19,133548,242272.56824000002,1.0
2023-06-02,18.36,19.1,17.64,17.73,141230,256388.97897,1.0
2023-06-05,17.74,17.89,17.4,17.45,77516,136606.89778,1.0
2023-06-06,17.36,17.44,16.83,16.85,67323,115089.2153,1.0
2023-06-07,16.8,17.3,16.76,17.13,48468,82911.03893000001,1.0
2023-06-08,16.83,17.0,16.58,16.86,44096,74286.79452,1.0
2023-06-09,16.8,16.97,16.55,16.9,34715,58196.10336,1.0
2023-06-12,16.87,17.04,16.76,16.93,26751,45303.50773,1.0
2023-06-13,16.93,16.93,16.61,16.74,32893,55089.884399999995,1.0
2023-06-14,16.75,16.85,16.57,16.76,32418,54165.3116,1.0
2023-06-15,16.76,17.0,16.72,16.75,30051,50543.83057,1.0
2023-06-16,16.75,17.54,16.62,17.49,78531,135896.04955000003,1.0
2023-06-19,17.43,17.58,17.28,17.5,48003,83649.16459,1.0
2023-06-20,17.49,17.75,17.28,17.62,42721,74832.948,1.0
2023-06-21,17.64,17.64,17.14,17.16,36726,63528.89969,1.0
2023-06-26,17.01,17.29,16.45,16.46,33976,57060.926,1.0
2023-06-27,16.5,16.9,16.48,16.86,26583,44584.8989,1.0
2023-06-28,16.87,16.95,16.09,16.55,40072,65667.53503,1.0
2023-06-29,16.47,17.45,16.47,17.31,47913,82001.3225,1.0
2023-06-30,17.33,17.66,17.21,17.53,45328,79011.71686,1.0
2023-07-03,17.52,17.83,17.38,17.4,34026,59697.1664,1.0
2023-07-04,17.35,17.69,17.3,17.65,37140,65227.726259999996,1.0
2023-07-05,17.61,17.75,17.42,17.5,29691,52171.50536,1.0
2023-07-06,17.45,17.69,17.3,17.32,30626,53560.97236,1.0
2023-07-07,17.34,17.43,16.92,16.98,29074,49688.575450000004,1.0
2023-07-10,17.04,17.12,16.76,16.82,24565,41386.941960000004,1.0
2023-07-11,16.78,17.07,16.78,16.99,18713,31740.49874,1.0
2023-07-12,16.93,17.31,16.82,16.85,29833,50843.63646,1.0
2023-07-13,16.85,17.07,16.79,16.97,21631,36640.61028,1.0
2023-07-14,16.98,16.99,16.02,16.29,64734,105542.96445999999,1.0
2023-07-17,16.21,16.45,16.14,16.42,31634,51775.50543,1.0
2023-07-18,16.38,16.77,16.37,16.63,32625,54342.754,1.0
2023-07-19,16.59,16.68,16.36,16.43,23755,39208.08,1.0
2023-07-20,16.48,16.49,15.95,15.95,33824,54562.56867,1.0
2023-07-21,15.91,16.1,15.64,15.65,28164,44486.822159999996,1.0
2023-07-24,15.59,16.06,15.59,15.86,20656,32830.25,1.0
2023-07-25,15.96,16.07,15.84,16.04,16589,26480.02087,1.0
2023-07-26,16.04,16.13,15.85,15.96,15526,24754.77891,1.0
2023-07-27,15.97,16.08,15.77,15.81,18122,28817.048899999998,1.0
2023-07-28,15.67,16.12,15.62,16.06,20534,32669.325,1.0
2023-07-31,16.15,16.15,15.99,16.14,18591,29884.123,1.0
2023-08-01,16.15,16.29,16.03,16.26,22927,36984.602,1.0
2023-08-02,16.19,16.22,16.07,16.12,17054,27514.55702,1.0
2023-08-03,16.05,16.15,16.01,16.1,14829,23822.50133,1.0
2023-08-04,16.03,16.15,16.03,16.13,17001,27370.27809,1.0
2023-08-07,16.13,16.22,16.0,16.17,17577,28317.51455,1.0
2023-08-08,16.2,16.2,15.95,16.03,20233,32437.526,1.0
2023-08-09,16.03,16.03,15.78,15.84,16925,26844.77261,1.0
2023-08-10,15.85,15.9,15.64,15.67,17463,27437.00473,1.0
2023-08-11,15.67,15.78,15.47,15.51,19715,30720.07936,1.0
2023-08-14,15.49,15.58,15.12,15.56,20090,30813.97827,1.0
2023-08-15,15.61,15.61,15.28,15.39,11667,17961.39865,1.0
2023-08-16,15.37,15.38,15.0,15.08,17280,26279.588,1.0
2023-08-17,15.16,15.54,14.97,15.5,20027,30749.216170000003,1.0
2023-08-18,15.4,15.64,15.24,15.25,18702,28944.192629999998,1.0
2023-08-21,15.23,15.49,15.07,15.07,15958,24361.287579999997,1.0
2023-08-22,15.1,15.27,14.86,15.21,22159,33334.38216,1.0
2023-08-23,15.2,15.28,14.89,14.9,13586,20385.715,1.0
2023-08-24,14.88,15.18,14.75,14.9,16804,25132.591,1.0
2023-08-25,14.82,15.09,14.4,14.55,25242,36979.019,1.0
2023-08-28,15.29,15.29,14.56,14.62,24492,36547.244210000004,1.0
2023-08-29,14.8,15.2,14.53,15.12,22012,33049.634399999995,1.0
2023-08-30,15.27,15.56,15.27,15.4,21620,33357.3546,1.0
2023-08-31,15.3,15.5,15.14,15.33,23986,36685.986469999996,1.0
2023-09-01,15.46,15.48,15.16,15.35,14064,21488.70822,1.0
2023-09-04,15.36,15.89,15.36,15.85,34841,54698.29726,1.0
2023-09-05,15.74,16.02,15.65,15.93,39778,63038.26012,1.0
2023-09-06,15.67,16.32,15.67,16.3,48542,78218.15023999999,1.0
2023-09-07,16.26,16.63,16.1,16.25,53247,87100.40681999999,1.0
2023-09-08,16.03,16.6,16.03,16.57,48248,79257.51442,1.0
2023-09-11,16.58,16.63,16.3,16.54,34091,56150.57579,1.0
2023-09-12,16.4,16.55,16.33,16.44,18948,31175.517,1.0
2023-09-13,16.37,16.42,16.05,16.07,25507,41287.43,1.0
2023-09-14,16.07,16.6,15.96,16.17,41034,66627.484,1.0
2023-09-15,16.15,16.24,15.83,15.89,32843,52506.71856,1.0
2023-09-18,16.18,16.29,15.72,15.75,20209,32018.928350000002,1.0
2023-09-19,15.74,15.85,15.51,15.55,19831,30962.95516,1.0
2023-09-20,15.45,15.61,15.3,15.3,18691,28879.94,1.0
2023-09-21,15.3,15.57,15.27,15.44,20319,31321.67157,1.0
2023-09-22,15.49,15.83,15.32,15.8,20129,31525.021679999998,1.0
2023-09-25,15.84,16.0,15.6,15.72,17636,27743.98365,1.0
2023-09-26,15.71,15.8,15.51,15.53,10801,16835.938,1.0
2023-09-27,15.53,15.64,15.41,15.45,13767,21374.335,1.0
2023-09-28,15.45,15.96,15.44,15.91,21847,34594.76447,1.0
2023-10-09,15.87,16.0,15.8,15.96,19858,31590.966,1.0
2023-10-10,15.97,16.26,15.94,16.19,23622,38061.984,1.0
2023-10-11,16.38,17.81,16.38,17.44,256710,447885.92218,1.0
2023-10-12,16.81,17.65,16.8,17.33,187425,323495.26526,1.0
2023-10-13,17.33,18.1,17.15,17.76,144487,256267.27125,1.0
2023-10-16,17.8,17.9,17.45,17.8,95272,167973.4714,1.0
2023-10-17,17.7,18.31,17.36,17.48,91811,162218.22103000002,1.0
2023-10-18,17.41,17.51,16.8,16.85,72677,124279.67994,1.0
2023-10-19,16.75,17.09,16.61,16.66,51301,86267.88209,1.0
2023-10-20,16.66,16.81,16.27,16.3,42253,69435.32214,1.0
2023-10-23,16.3,16.77,16.01,16.37,57545,94281.62932,1.0
2023-10-24,16.37,16.66,16.04,16.51,53083,86987.964,1.0
2023-10-25,16.68,16.68,16.25,16.45,50351,82563.94215999999,1.0
2023-10-26,16.46,16.85,16.27,16.76,62042,103238.04939,1.0
2023-10-27,16.62,16.66,16.16,16.57,49257,80954.45986,1.0
2023-10-30,16.57,17.18,16.4,17.0,60800,102802.65938,1.0
2023-10-31,16.95,17.29,16.73,16.92,40244,68182.40004000001,1.0
2023-11-01,16.92,17.09,16.77,16.83,28927,48935.402,1.0
2023-11-02,16.8,17.09,16.66,16.74,36371,61402.23907,1.0
2023-11-03,16.72,17.96,16.66,17.5,103153,179221.57046000002,1.0
2023-11-06,17.36,17.94,17.35,17.87,89821,159419.93694999997,1.0
2023-11-07,17.82,18.36,17.79,18.13,91279,165454.27472,1.0
2023-11-08,18.1,18.23,17.72,18.06,52590,94469.14909,1.0
2023-11-09,18.0,18.21,17.9,17.98,42393,76513.61127,1.0
2023-11-10,17.96,18.1,17.61,17.75,41511,73896.025,1.0
2023-11-13,17.95,18.01,17.72,17.99,44925,80383.61592,1.0
2023-11-14,17.95,18.39,17.75,18.27,54160,98478.24359999999,1.0
2023-11-15,18.5,19.95,18.3,19.4,183534,354564.01417000004,1.0
2023-11-16,19.13,19.58,18.65,18.8,124027,235821.61945,1.0
2023-11-17,18.65,18.96,18.3,18.52,63048,116787.61362999999,1.0
2023-11-20,18.53,19.4,18.4,19.2,94597,179541.00623,1.0
2023-11-21,19.2,19.39,18.78,19.01,72842,138840.56812,1.0
2023-11-22,18.9,19.19,18.6,18.74,45362,85410.25959999999,1.0
2023-11-23,18.65,20.61,18.52,20.03,226710,454779.41835000005,1.0
2023-11-24,19.72,20.0,18.98,19.2,146837,284337.46181999997,1.0
2023-11-27,20.11,20.5,18.86,19.58,175960,344211.45267,1.0
2023-11-28,19.52,20.14,19.22,19.9,149320,294243.69967,1.0
2023-11-29,20.75,21.0,18.66,18.96,202344,398766.54708999995,1.0
2023-11-30,18.57,19.9,18.4,19.32,145195,277460.16998,1.0
2023-12-01,19.14,20.67,18.82,20.2,180180,358547.71263,1.0
2023-12-04,21.33,22.22,20.7,22.22,182107,396082.41022,1.0
2023-12-05,22.83,23.0,20.5,20.89,302997,647533.6440399999,1.0
2023-12-06,20.77,20.77,18.95,19.31,273101,539983.0021599999,1.0
2023-12-07,19.3,19.31,18.26,18.37,187757,351074.02299,1.0
2023-12-08,18.4,19.45,18.34,18.9,163151,310292.15668,1.0
2023-12-11,18.4,18.97,18.26,18.9,90380,168567.1234,1.0
2023-12-12,18.9,20.18,18.87,19.98,140381,278456.94238,1.0
2023-12-13,19.65,21.47,19.31,20.27,172081,347273.20785,1.0
2023-12-14,20.27,21.55,20.25,20.33,144301,300139.97288,1.0
2023-12-15,20.11,21.66,19.7,20.82,173867,359453.59200999996,1.0
2023-12-18,20.43,20.59,19.5,19.67,135415,270609.27564,1.0
2023-12-19,19.87,21.63,19.86,20.3,133655,272019.61894,1.0
2023-12-20,20.29,21.84,19.93,20.91,188363,395870.22101,1.0
2023-12-21,20.3,20.73,19.34,19.91,186087,368590.75897,1.0
2023-12-22,19.66,21.9,19.55,21.13,406429,872863.30439,1.0
2023-12-25,22.19,23.24,22.19,23.24,292770,671179.3537000001,1.0
2023-12-26,23.95,24.7,22.2,22.53,635148,1499912.6146,1.0
2023-12-27,21.91,22.52,20.89,21.55,389623,842943.6739299999,1.0
2023-12-28,21.3,23.22,21.24,22.55,385775,866608.1998,1.0
2023-12-29,21.91,23.61,21.8,23.31,385179,884383.18453,1.0
2024-01-02,22.83,23.43,22.25,22.49,251182,571810.5661599999,1.0
2024-01-03,21.91,22.16,20.24,20.24,301214,627834.9395,1.0
2024-01-04,19.57,20.2,19.23,19.35,210669,412692.52117,1.0
2024-01-05,19.22,19.33,18.02,18.2,217967,402656.81133,1.0
2024-01-08,18.08,18.38,17.76,18.15,124328,225515.33888,1.0
2024-01-09,18.13,18.45,17.43,17.55,143235,255156.4859,1.0
2024-01-10,17.3,17.34,16.79,16.88,121426,205931.66244,1.0
2024-01-11,16.8,17.22,16.8,17.06,98381,167610.81484,1.0
2024-01-12,17.02,17.02,16.56,16.78,99388,166226.93367,1.0
2024-01-15,16.62,16.74,16.25,16.35,88169,144975.22402000002,1.0
2024-01-16,16.34,16.45,15.9,16.15,76527,123458.96586,1.0
2024-01-17,16.15,16.38,15.84,15.86,75426,121661.00868000001,1.0
2024-01-18,15.68,16.02,15.4,16.0,85315,133615.9891,1.0
2024-01-19,15.89,16.11,15.63,15.65,58542,92722.41183,1.0
2024-01-22,15.78,15.97,14.71,15.0,82467,127383.6875,1.0
2024-01-23,15.0,15.06,14.6,14.87,68102,101245.82016,1.0
2024-01-24,14.9,16.0,14.5,15.61,171531,262693.04032,1.0
2024-01-25,15.48,16.87,15.3,16.75,211325,342609.31137,1.0
2024-01-26,16.45,16.77,16.3,16.36,143482,236303.12307,1.0
2024-01-29,16.41,17.12,16.2,16.52,197435,331231.38498000003,1.0
2024-01-30,16.23,16.58,15.69,15.74,116062,186261.62322,1.0
2024-01-31,15.5,16.5,15.3,15.88,148649,236243.48452,1.0
2024-02-01,15.3,15.31,14.29,14.29,157297,228399.72972,1.0
2024-02-02,13.84,14.63,12.86,13.46,137906,191985.3175,1.0
2024-02-05,13.3,13.31,12.11,12.11,92266,113406.65920000001,1.0
2024-02-06,11.56,12.39,10.9,11.8,128522,148440.65836,1.0
2024-02-07,11.8,12.3,11.17,11.41,128058,150496.2483,1.0
2024-02-08,11.45,12.53,10.97,12.43,135687,160073.13332,1.0
2024-02-19,12.59,13.1,12.25,13.08,117777,150567.15347,1.0
2024-02-20,13.0,13.22,12.73,13.09,89873,116713.54970999999,1.0
2024-02-21,12.91,14.16,12.82,13.47,125689,170805.09663,1.0
2024-02-22,13.5,14.0,13.32,13.98,98998,136423.60305,1.0
2024-02-23,14.1,14.55,13.81,14.52,115198,164053.25293000002,1.0
2024-02-26,14.47,14.82,14.11,14.46,124615,180100.26153,1.0
2024-02-27,14.38,15.15,14.21,15.12,102968,151826.22219,1.0
2024-02-28,15.2,15.45,13.76,13.88,143626,212010.67225,1.0
2024-02-29,13.51,14.63,13.5,14.6,90571,128827.24601999999,1.0
2024-03-01,14.6,15.17,14.6,15.04,96598,144479.76179,1.0
2024-03-04,15.05,15.18,14.61,14.96,71430,106662.44129999999,1.0
2024-03-05,14.96,15.87,14.81,15.17,114673,174877.15780000002,1.0
2024-03-06,15.0,15.35,14.84,15.15,74470,112272.43072,1.0
2024-03-07,15.27,15.27,14.7,14.72,67694,101241.66617,1.0
2024-03-08,14.7,14.94,14.61,14.92,50122,74372.51526,1.0
2024-03-11,14.92,15.5,14.85,15.47,89318,136870.76768000002,1.0
2024-03-12,15.6,16.18,15.42,16.02,122368,194680.52258000002,1.0
2024-03-13,15.96,16.5,15.9,16.23,114538,186402.75044,1.0
2024-03-14,16.22,16.47,15.82,16.1,92608,148563.33325999998,1.0
2024-03-15,16.8,17.71,16.75,17.71,169915,298346.46123,1.0
2024-03-18,18.2,19.48,18.02,19.48,192452,368838.56394,1.0
2024-03-19,20.26,20.86,18.51,18.78,420733,818329.6709299999,1.0
2024-03-20,18.4,19.18,18.18,18.83,243644,453108.83064,1.0
2024-03-21,18.66,19.6,18.39,19.39,266128,510981.32739999995,1.0
2024-03-22,19.51,19.83,18.7,18.8,206865,396663.61806999997,1.0
2024-03-25,18.93,19.23,17.89,17.93,137436,254256.60504,1.0
2024-03-26,17.7,18.0,16.95,17.38,133535,232082.52516999998,1.0
2024-03-27,17.38,17.55,16.53,16.53,86163,145278.61507,1.0
2024-03-28,16.74,18.18,16.65,17.45,159640,278923.1147,1.0
2024-03-29,17.48,18.44,17.01,18.42,159540,282464.04972,1.0
2024-04-01,18.4,18.78,17.9,18.24,135654,246732.30868000002,1.0
2024-04-02,18.1,18.18,17.5,17.65,89437,159093.41419,1.0
2024-04-03,17.71,18.18,17.29,17.47,102399,181812.54291,1.0
2024-04-08,17.2,17.3,16.72,16.82,93235,157857.21565,1.0
2024-04-09,16.73,16.98,16.46,16.87,55701,93071.223,1.0
2024-04-10,16.69,16.86,15.93,16.07,66843,108468.21751,1.0
2024-04-11,16.04,16.38,15.7,15.76,72825,116657.97175,1.0
2024-04-12,15.77,16.04,15.64,15.64,42846,67738.20304000001,1.0
2024-04-15,15.65,15.78,14.48,14.98,80356,121177.76986,1.0
2024-04-16,14.7,14.88,13.48,13.48,127817,176960.85202000002,1.0
2024-04-17,13.47,14.36,13.45,14.31,111309,156787.53908000002,1.0
2024-04-18,14.35,15.74,14.22,14.88,189631,287543.77162,1.0
2024-04-19,14.4,14.79,14.39,14.47,111498,162117.41815,1.0
2024-04-22,14.38,14.85,13.98,14.52,82148,118813.18275,1.0
2024-04-23,14.5,14.69,14.36,14.37,57970,84238.14057999999,1.0
2024-04-24,14.34,14.67,14.33,14.67,60988,88801.40491,1.0
2024-04-25,14.67,14.88,14.42,14.52,53984,79132.75348999999,1.0
2024-04-26,14.7,15.38,14.69,15.22,98888,149020.37822,1.0
2024-04-29,15.27,15.75,15.23,15.69,69581,108303.0752,1.0
2024-04-30,15.65,15.9,15.26,15.5,62493,97248.54468,1.0
2024-05-06,15.69,15.95,15.62,15.71,51763,81644.391,1.0
2024-05-07,15.74,16.14,15.64,16.07,58967,94095.33514,1.0
2024-05-08,16.02,16.04,15.48,15.52,56229,88303.52137999999,1.0
2024-05-09,15.52,15.97,15.48,15.89,49476,78310.70487,1.0
2024-05-10,15.85,15.94,15.58,15.63,46338,72847.794,1.0
2024-05-13,15.48,15.49,15.02,15.08,49297,75044.55153,1.0
2024-05-14,15.11,15.59,15.09,15.13,38115,58076.40983,1.0
2024-05-15,15.15,15.35,14.93,14.99,34826,52753.89397999999,1.0
2024-05-16,14.99,15.35,14.99,15.2,34357,52306.9108,1.0
2024-05-17,15.24,15.6,15.12,15.6,47872,73752.49773,1.0
2024-05-20,15.1,15.63,15.05,15.53,46674,72013.716,1.0
2024-05-21,15.53,15.83,15.38,15.54,68146,106309.897,1.0
2024-05-22,15.65,15.86,15.41,15.73,56316,87998.16422,1.0
2024-05-23,15.7,15.7,15.33,15.43,48083,74419.77456,1.0
2024-05-24,15.47,15.47,14.79,14.87,70386,105635.6258,1.0
2024-05-27,14.65,14.82,14.25,14.82,58197,84355.376,1.0
2024-05-28,14.82,14.97,14.59,14.62,38066,56270.064,1.0
2024-05-29,14.6,14.82,14.49,14.58,34569,50563.534,1.0
2024-05-30,14.4,14.85,14.33,14.72,37978,55814.58,1.0
2024-05-31,14.76,15.25,14.76,15.15,45608,68889.917,1.0
2024-06-03,15.2,15.33,14.74,14.88,45523,68267.5748,1.0
2024-06-04,14.71,15.25,14.4,14.56,52865,77148.702,1.0
2024-06-05,14.55,14.63,14.32,14.38,35563,51502.384,1.0
2024-06-06,14.38,14.58,13.64,13.78,61915,86480.25143,1.0
2024-06-07,13.98,14.18,13.83,14.14,42965,60178.169,1.0
2024-06-11,14.07,14.44,13.82,14.34,36000,50803.056,1.0
2024-06-12,14.4,14.8,14.35,14.64,39476,57715.17,1.0
2024-06-13,14.6,14.75,14.41,14.45,29638,43203.427,1.0
2024-06-14,14.41,14.48,14.31,14.43,29439,42356.242,1.0
2024-06-17,14.31,14.68,14.26,14.43,37027,53748.813,1.0
2024-06-18,14.58,14.77,14.45,14.74,38280,56059.17996,1.0
2024-06-19,14.7,14.88,14.6,14.72,24499,36058.988,1.0
2024-06-20,14.6,14.77,14.18,14.21,31446,45395.21128,1.0
2024-06-21,14.19,14.21,13.82,14.08,28597,40152.67116,1.0
2024-06-24,14.26,14.26,13.41,13.43,40650,55503.207,1.0
2024-06-25,13.42,13.61,13.15,13.33,32397,43396.5327,1.0
2024-06-26,13.34,13.83,13.1,13.81,30441,41114.707,1.0
2024-06-27,13.8,13.95,13.6,13.63,26922,37222.403,1.0
2024-06-28,13.69,14.14,13.59,13.94,44909,62776.45998,1.0
2024-07-01,13.87,14.0,13.6,13.9,34414,47413.38770000001,1.0
2024-07-02,13.85,14.08,13.71,13.75,25259,35036.764,1.0
2024-07-03,13.73,13.82,13.38,13.52,31861,43171.56372,1.0
2024-07-04,13.42,13.61,13.04,13.08,30340,40117.51989,1.0
2024-07-05,13.1,13.16,12.85,13.11,23520,30581.49729,1.0
2024-07-08,13.09,13.09,12.71,12.72,22230,28568.16,1.0
2024-07-09,13.33,13.86,12.93,13.78,85800,115495.38712,1.0
2024-07-10,13.65,14.25,13.58,13.98,75645,106254.056,1.0
2024-07-11,14.2,14.53,14.07,14.39,62312,89115.13434,1.0
2024-07-12,14.26,14.42,14.15,14.22,41863,59751.768,1.0
2024-07-15,14.2,14.33,14.12,14.14,28719,40800.533,1.0
2024-07-16,14.02,14.6,14.01,14.56,48783,70217.22148000001,1.0
2024-07-17,14.54,14.92,14.42,14.42,64564,94744.86329000001,1.0
2024-07-18,14.12,14.39,13.93,14.24,42227,59705.604799999994,1.0
2024-07-19,14.15,15.05,14.1,14.68,85306,125461.333,1.0
2024-07-22,14.58,14.89,14.5,14.73,62171,91339.07694,1.0
2024-07-23,14.73,14.9,14.21,14.25,46967,68260.32055,1.0
2024-07-24,14.2,14.52,14.03,14.06,37253,53126.35818,1.0
2024-07-25,13.92,14.12,13.7,13.93,35755,49725.31136,1.0
2024-07-26,14.01,14.66,14.01,14.46,49246,70961.443,1.0
2024-07-29,14.46,14.73,14.4,14.58,43430,63327.275,1.0
2024-07-30,14.58,14.73,14.44,14.7,38139,55784.12504,1.0
2024-07-31,14.69,15.03,14.62,15.03,57114,85185.71687999999,1.0
2024-08-01,15.05,15.36,15.0,15.04,54892,83229.2551,1.0
2024-08-02,14.9,15.31,14.82,14.86,48756,73390.915,1.0
2024-08-05,14.66,14.9,14.15,14.17,52734,76400.232,1.0
2024-08-06,14.36,14.5,14.18,14.43,39509,56735.05648,1.0
2024-08-07,14.43,14.77,14.38,14.59,36519,53285.559,1.0
2024-08-08,14.48,14.55,14.18,14.28,32580,46632.022,1.0
2024-08-09,14.28,14.54,14.16,14.3,27633,39515.845,1.0
2024-08-12,14.3,14.31,14.0,14.08,28781,40605.194,1.0
2024-08-13,14.1,14.52,14.0,14.4,38582,55204.31544,1.0
2024-08-14,14.4,14.85,14.3,14.71,49953,72929.0848,1.0
2024-08-15,14.81,16.0,14.71,15.6,213662,330751.60919,1.0
2024-08-16,15.21,16.56,15.21,16.33,277088,442387.55366000003,1.0
2024-08-19,15.88,16.08,15.03,15.7,229872,354136.63883,1.0
2024-08-20,15.41,16.0,15.15,15.45,158872,246202.27781,1.0
2024-08-21,15.14,15.49,15.08,15.25,110787,169582.62238999997,1.0
2024-08-22,15.16,15.54,15.03,15.5,124546,191663.36585,1.0
2024-08-23,15.4,15.4,14.4,14.81,142681,212464.31135,1.0
2024-08-26,14.58,15.09,14.45,14.88,86044,127334.92665000001,1.0
2024-08-27,14.81,14.85,14.17,14.22,90449,130645.8757,1.0
2024-08-28,14.09,14.48,14.03,14.35,52647,75314.25170000001,1.0
2024-08-29,14.26,14.83,14.2,14.72,62916,92211.93407999999,1.0
2024-08-30,14.64,15.32,14.64,15.13,85787,129461.80629000001,1.0
2024-09-02,15.07,16.51,14.95,15.8,221339,348505.79861,1.0
2024-09-03,16.18,17.38,15.98,17.07,439174,740725.8360199999,1.0
2024-09-04,16.1,16.66,15.46,16.21,318286,511371.70499,1.0
2024-09-05,15.9,17.83,15.51,17.83,373817,625953.6713099999,1.0
2024-09-06,18.07,19.2,17.52,17.93,517547,954673.96782,1.0
2024-09-09,17.84,19.09,16.74,18.47,427184,761091.3483,1.0
2024-09-10,17.79,18.28,16.89,17.23,329128,575561.7378,1.0
2024-09-11,16.61,16.82,16.16,16.31,240135,393126.2881,1.0
2024-09-12,16.24,16.38,15.61,15.65,205106,326374.53706,1.0
2024-09-13,15.6,15.95,15.35,15.37,149770,233544.416,1.0
2024-09-18,15.32,15.55,14.93,15.25,118389,180364.90675999998,1.0
2024-09-19,15.28,15.68,15.07,15.6,137073,211938.09371000002,1.0
2024-09-20,15.56,16.35,15.55,16.22,204623,327041.67298000003,1.0
2024-09-23,16.24,16.33,15.76,15.98,165642,265359.73052,1.0
2024-09-24,15.99,16.18,15.46,16.1,201335,320429.57523,1.0
2024-09-25,16.17,16.66,16.02,16.66,233227,381642.18411000003,1.0
2024-09-26,16.58,17.12,16.37,17.12,236881,398941.88236,1.0
2024-09-27,17.06,18.0,16.85,17.63,269487,467359.75293,1.0
2024-09-30,18.1,19.24,17.57,19.21,324713,599284.91317,1.0
2024-10-08,21.13,21.13,19.51,21.13,338692,702269.72691,1.0
2024-10-09,21.13,23.2,20.14,22.02,375761,830983.31403,1.0
2024-10-10,22.02,24.12,20.0,23.0,338190,743752.8987100001,1.0
2024-10-11,22.1,23.79,21.5,21.71,305007,692937.3401799999,1.0
2024-10-14,21.99,21.99,20.46,21.95,220545,471344.8751,1.0
2024-10-15,21.86,23.45,21.51,22.83,280177,635524.14671,1.0
2024-10-16,22.18,22.51,21.6,21.61,187475,411969.85125,1.0
2024-10-17,21.69,22.59,21.68,21.97,188006,416239.90798,1.0
2024-10-18,22.09,22.8,21.7,22.21,248042,554323.63337,1.0
2024-10-21,22.28,24.26,22.28,23.79,287497,673309.0578200001,1.0
2024-10-22,24.35,24.65,22.75,22.91,252067,590179.28174,1.0
2024-10-23,22.75,25.2,22.6,25.2,200056,488480.26919,1.0
2024-10-24,26.0,26.14,24.15,24.27,310448,776550.06491,1.0
2024-10-25,24.75,25.89,23.42,24.41,322955,796452.3094400001,1.0
2024-10-28,25.01,25.38,24.0,24.64,238992,591868.79595,1.0
2024-10-29,24.9,26.61,24.18,25.81,301969,763902.44456,1.0
2024-10-30,25.4,27.5,25.21,26.63,273304,727786.70404,1.0
2024-10-31,26.0,26.98,25.48,26.42,221427,578505.93308,1.0
2024-11-01,25.9,26.23,23.78,23.78,202594,497866.08497,1.0
2024-11-04,22.5,23.44,22.3,23.02,145529,334524.09431,1.0
2024-11-05,23.0,24.3,22.98,23.7,147125,349074.96145,1.0
2024-11-06,23.87,24.13,22.96,23.12,144101,337840.15544999996,1.0
2024-11-07,23.0,23.02,22.48,23.02,118936,270319.69455,1.0
2024-11-08,23.15,24.65,23.09,24.0,236512,565146.18322,1.0
2024-11-11,23.94,24.9,23.49,24.58,183605,448354.93620999996,1.0
2024-11-12,24.58,25.13,24.24,24.75,167797,413455.96346,1.0
2024-11-13,24.5,24.75,23.49,23.96,108071,259338.30465,1.0
2024-11-14,23.89,24.3,23.13,23.15,76253,180447.59751,1.0
2024-11-15,23.05,23.28,21.58,21.58,123738,276871.0964,1.0
2024-11-18,21.46,21.88,20.34,20.5,98962,206381.11228,1.0
2024-11-19,20.55,21.37,20.51,21.3,82640,173087.98011,1.0
2024-11-20,21.19,21.55,21.0,21.51,74896,159836.48,1.0
2024-11-21,21.49,21.89,21.22,21.53,70094,151350.738,1.0
2024-11-22,21.48,21.65,20.58,20.6,67689,143260.93843,1.0
2024-11-25,20.6,20.73,19.88,20.36,71736,144693.31878,1.0
2024-11-26,20.35,20.68,20.23,20.27,46754,95560.50141,1.0
2024-11-27,20.1,20.76,19.43,20.75,78319,157094.4928,1.0
2024-11-28,20.8,21.02,20.51,20.61,64417,133877.92,1.0
2024-11-29,20.38,21.0,20.22,20.79,59180,122288.93443000001,1.0
2024-12-02,20.64,21.3,20.64,21.27,63447,133912.29007,1.0
2024-12-03,21.28,21.57,21.01,21.3,60355,128538.379,1.0
2024-12-04,21.32,21.45,20.71,20.81,57283,120694.255,1.0
2024-12-05,20.82,22.89,20.77,22.89,136581,302918.83991000004,1.0
2024-12-06,23.88,23.88,22.51,22.59,229120,529166.14787,1.0
2024-12-09,22.45,22.89,22.0,22.34,112103,250962.76390000002,1.0
2024-12-10,23.0,23.0,22.26,22.34,93440,211089.268,1.0
2024-12-11,22.33,23.0,22.01,23.0,116878,266757.3122,1.0
2024-12-12,22.89,23.14,22.68,23.1,84215,193141.67333000002,1.0
2024-12-13,23.0,23.06,22.35,22.53,77031,174593.79755000002,1.0
2024-12-16,22.53,22.66,21.79,21.92,63448,140047.757,1.0
2024-12-17,21.9,22.0,20.59,20.65,74229,157240.139,1.0
2024-12-18,21.04,22.72,20.73,22.72,100209,219082.8996,1.0
2024-12-19,22.64,23.58,22.28,23.43,238706,551300.65692,1.0
2024-12-20,23.13,24.15,22.81,23.37,203704,479773.59436,1.0
2024-12-23,23.38,23.75,22.33,22.39,128546,293646.63912,1.0
2024-12-24,22.6,22.79,21.02,21.9,115963,250863.883,1.0
2024-12-25,21.74,22.67,21.4,21.45,114225,250516.84484,1.0
2024-12-26,21.39,22.13,21.35,21.86,89036,194215.94356,1.0
2024-12-27,21.86,22.5,21.61,21.78,95189,210174.11302000002,1.0
2024-12-30,21.66,22.18,20.86,21.39,70209,151081.05022,1.0
2024-12-31,21.48,21.68,20.52,20.58,73161,153426.8984,1.0
2025-01-02,20.88,20.88,19.13,19.32,85366,169424.562,1.0
2025-01-03,19.64,20.52,18.9,19.25,111508,217973.17333000002,1.0
2025-01-06,18.9,18.97,17.94,18.12,91935,168598.297,1.0
2025-01-07,18.03,18.64,18.01,18.62,56573,103606.15029,1.0
2025-01-08,18.48,18.74,17.7,18.52,63372,115900.611,1.0
2025-01-09,18.45,19.06,18.3,18.86,61393,115678.857,1.0
2025-01-10,18.85,18.99,18.17,18.2,44943,83580.902,1.0
2025-01-13,17.82,18.27,17.5,18.21,40654,73112.136,1.0
2025-01-14,18.3,19.24,18.2,19.21,64469,121373.102,1.0
2025-01-15,19.22,19.33,18.91,18.99,37394,71220.83425,1.0
2025-01-16,19.03,19.36,18.77,19.0,51924,99039.519,1.0
2025-01-17,18.87,19.1,18.74,18.93,35782,67705.50525,1.0
2025-01-20,18.7,18.79,17.98,18.44,74095,136189.67466999998,1.0
2025-01-21,18.45,18.65,18.13,18.22,38984,71273.61878,1.0
2025-01-22,18.22,18.31,17.8,17.8,37008,66482.301,1.0
2025-01-23,17.95,18.36,17.88,17.88,57987,105350.73595999999,1.0
2025-01-24,17.81,18.34,17.6,18.12,51824,92960.51781,1.0
2025-01-27,18.18,18.39,17.85,17.86,37237,67297.372,1.0
2025-02-05,18.05,18.34,17.87,18.23,37764,68630.94321,1.0
2025-02-06,18.19,19.1,18.13,18.98,73923,139077.547,1.0
2025-02-07,19.2,19.78,19.11,19.5,99120,193338.15711,1.0
2025-02-10,21.45,21.45,20.6,21.45,140029,296540.69126999995,1.0
2025-02-11,21.91,22.68,21.22,21.22,272224,597749.5440499999,1.0
2025-02-12,20.82,21.18,20.59,20.91,138791,289021.57515,1.0
2025-02-13,21.0,21.1,20.26,20.58,109063,225291.30240000002,1.0
2025-02-14,20.41,20.49,20.12,20.29,70676,143506.33634,1.0
2025-02-17,20.31,20.61,20.23,20.51,59379,121337.77623,1.0
2025-02-18,20.28,20.54,19.59,19.67,70284,140750.1372,1.0
2025-02-19,19.58,20.18,19.56,20.11,53542,106735.6721,1.0
2025-02-20,20.4,21.65,20.4,21.36,187559,396640.14427999995,1.0
2025-02-21,21.23,21.26,20.81,21.09,120289,252680.33332,1.0
2025-02-24,21.1,21.1,20.65,20.83,70125,145847.2621,1.0
2025-02-25,20.61,21.44,20.41,21.15,100320,211082.0064,1.0
2025-02-26,21.34,21.36,20.86,21.0,72484,152572.43389,1.0
2025-02-27,20.95,20.97,20.42,20.71,56673,117331.01744,1.0
2025-02-28,20.8,21.09,19.77,19.8,65276,133388.708,1.0
2025-03-03,19.7,20.25,19.6,19.92,40904,81604.08784000001,1.0
2025-03-04,19.81,21.38,19.74,20.96,93110,193012.063,1.0
2025-03-05,20.8,21.51,20.6,21.45,113797,240503.533,1.0
2025-03-06,21.8,22.87,21.46,21.59,197848,439374.88782,1.0
2025-03-07,21.57,21.7,20.72,21.25,112355,237932.83218,1.0
2025-03-10,21.24,21.56,20.96,21.2,68606,145686.36705,1.0
2025-03-11,20.81,21.6,20.56,21.37,68375,144749.09,1.0
2025-03-12,21.68,21.86,21.25,21.29,73092,157254.431,1.0
2025-03-13,21.26,21.26,20.45,20.75,66858,138785.952,1.0
2025-03-14,20.94,21.09,20.5,21.03,49595,103374.36104999999,1.0
2025-03-17,21.08,21.37,20.88,20.91,44064,92923.63941,1.0
2025-03-18,20.96,21.0,20.7,20.78,36781,76549.909,1.0
2025-03-19,20.6,21.36,20.41,20.9,79700,167385.01,1.0
2025-03-20,20.71,21.8,20.71,21.12,89693,190951.76683,1.0
2025-03-21,20.96,20.99,20.17,20.2,80308,164624.4752,1.0
2025-03-24,20.1,20.44,19.0,19.51,66598,130846.70633,1.0
2025-03-25,19.65,19.65,19.13,19.27,35959,69509.161,1.0
2025-03-26,19.26,19.53,19.26,19.41,30555,59216.235,1.0
2025-03-27,19.41,19.41,18.93,19.2,28196,54041.47518,1.0
2025-03-28,19.15,19.29,18.91,18.93,25658,48923.67791,1.0
2025-03-31,18.93,19.05,18.51,18.93,33334,62432.375,1.0
2025-04-01,19.02,19.33,19.0,19.24,27366,52511.504,1.0
2025-04-02,19.38,19.45,19.03,19.11,24721,47432.817,1.0
2025-04-03,18.85,19.2,18.75,18.88,25985,49279.79828,1.0
2025-04-07,17.77,17.8,16.99,16.99,41708,71515.96899,1.0
2025-04-08,16.52,17.15,16.0,16.39,60175,98650.35818000001,1.0
2025-04-09,16.21,18.03,15.21,17.39,95436,161116.35113999998,1.0
2025-04-10,17.55,18.01,17.41,17.55,76731,136065.93688,1.0
2025-04-11,17.3,17.9,17.21,17.68,40256,71072.82088,1.0
2025-04-14,18.0,18.15,17.75,17.82,34908,62527.325600000004,1.0
2025-04-15,17.78,17.89,17.54,17.66,22054,38954.217,1.0
2025-04-16,17.6,17.77,17.03,17.32,28633,49778.66,1.0
2025-04-17,17.16,17.53,17.13,17.28,19483,33881.089,1.0
2025-04-18,17.27,17.42,17.11,17.4,21218,36638.478,1.0
2025-04-21,17.28,17.76,17.28,17.73,28736,50630.542,1.0
2025-04-22,17.52,18.18,17.31,17.44,47379,83456.168,1.0
2025-04-23,17.64,17.8,17.51,17.76,31287,55215.656,1.0
2025-04-24,17.75,18.08,17.47,17.77,52115,92735.433,1.0
2025-04-25,17.85,17.89,17.62,17.74,25359,45075.952,1.0
2025-04-28,17.8,17.88,17.34,17.36,24755,43428.381,1.0
2025-04-29,17.36,17.67,17.19,17.51,21395,37445.427,1.0
2025-04-30,17.99,19.26,17.72,19.26,116777,219182.25815,1.0
2025-05-06,19.2,20.17,19.01,19.93,189112,371981.21761,1.0
2025-05-07,19.94,20.6,19.53,20.07,178484,357628.09638999996,1.0
2025-05-08,19.8,19.96,19.52,19.91,107537,211949.328,1.0
2025-05-09,19.91,20.02,19.44,19.57,78889,155312.061,1.0
2025-05-12,19.58,20.16,19.44,20.05,98736,196844.525,1.0
2025-05-13,20.21,20.21,19.64,19.66,58782,116456.64,1.0
2025-05-14,19.77,19.86,19.45,19.53,47111,92240.52767,1.0
2025-05-15,19.53,19.54,19.1,19.13,38638,74501.588,1.0
2025-05-16,19.12,19.35,19.03,19.16,30269,58175.1,1.0
2025-05-19,19.39,20.13,19.39,20.0,115334,229523.52383000002,1.0
2025-05-20,20.14,21.03,20.1,20.33,153370,315274.00110000005,1.0
2025-05-21,20.18,21.24,20.0,20.95,160962,333025.81927,1.0
2025-05-22,20.61,21.43,20.11,20.48,140866,292521.88185,1.0
2025-05-23,20.4,20.99,19.79,20.91,161645,331369.47079000005,1.0
2025-05-26,20.74,21.12,20.46,20.69,92501,191712.42632,1.0
2025-05-27,20.65,20.65,19.96,20.06,81069,163366.19156,1.0
2025-05-28,19.99,20.41,19.66,19.76,56008,111335.20616,1.0
2025-05-29,19.68,20.18,19.6,20.04,54170,108134.196,1.0
2025-05-30,20.08,20.17,19.55,19.91,61993,123039.36557,1.0
2025-06-03,19.72,20.33,19.69,20.1,64319,128685.599,1.0
2025-06-04,20.02,20.18,19.95,20.08,43153,86585.01,1.0
2025-06-05,20.51,22.09,20.5,21.26,252437,537692.44591,1.0
2025-06-06,20.81,21.33,20.56,20.63,137749,286486.16219999996,1.0
2025-06-09,20.63,20.8,20.32,20.77,98589,202985.09935,1.0
2025-06-10,20.76,20.76,19.83,20.01,86757,175339.27737999998,1.0
2025-06-11,20.0,20.2,19.87,20.12,45396,91074.94907999999,1.0
2025-06-12,20.12,20.24,19.91,19.97,44134,88382.06377,1.0
2025-06-13,19.81,20.27,19.63,20.02,68783,137125.32778999998,1.0
2025-06-16,19.94,20.73,19.8,20.56,82835,168499.228,1.0
2025-06-17,20.36,20.65,20.31,20.44,60566,124097.66707,1.0
2025-06-18,20.38,21.3,20.17,21.17,151301,317268.0955,1.0
2025-06-19,20.9,20.94,20.18,20.27,92604,189738.173,1.0
2025-06-20,20.02,21.3,19.86,21.21,148659,308879.77363999997,1.0
2025-06-23,21.71,22.44,21.71,21.92,252943,558396.2276399999,1.0
2025-06-24,22.34,22.7,21.67,22.19,219304,487341.00927,1.0
2025-06-25,22.68,24.41,22.3,24.41,184747,442671.50226,1.0
2025-06-26,26.85,26.85,26.85,26.85,68748,184587.11805000002,1.0
2025-06-27,29.54,29.54,27.01,28.0,759951,2176466.18104,1.0
2025-06-30,27.2,30.8,26.6,30.8,514552,1521211.87136,1.0
2025-07-01,31.01,33.8,30.0,31.52,739136,2346687.8670300003,1.0
2025-07-02,29.88,30.6,28.41,28.5,472543,1381674.08826,1.0
2025-07-03,28.02,28.52,26.66,27.25,400688,1095919.07332,1.0
2025-07-04,27.21,28.2,26.98,27.05,322258,890258.69517,1.0
2025-07-07,26.34,27.45,26.26,27.29,239108,641993.53122,1.0
2025-07-08,27.08,27.17,26.5,26.54,215203,572508.82324,1.0
2025-07-09,26.66,27.37,26.2,26.21,254375,682492.44676,1.0
2025-07-10,25.9,26.2,25.35,25.72,202672,519041.48512,1.0
2025-07-11,25.72,26.23,25.48,26.05,170704,442837.08157,1.0
2025-07-14,25.94,26.75,25.8,26.52,180965,476278.12915,1.0
2025-07-15,26.16,26.52,25.08,25.58,204757,525131.4685,1.0
2025-07-16,25.47,25.48,24.93,25.06,118674,298127.06869,1.0
2025-07-17,25.2,26.08,25.0,26.03,199250,512260.85458,1.0
2025-07-18,26.03,26.83,26.02,26.44,201621,532786.70345,1.0
2025-07-21,26.29,27.2,25.7,26.97,254046,673906.56073,1.0
2025-07-22,26.7,28.01,26.53,27.95,340278,935755.51236,1.0
2025-07-23,27.5,27.5,26.2,26.25,213205,568543.0888500001,1.0
2025-07-24,25.77,26.69,25.7,26.47,138805,363193.384,1.0
2025-07-25,26.3,26.33,25.81,25.95,126071,327778.58985000005,1.0
2025-07-28,25.89,26.95,25.82,26.72,182631,486443.08107,1.0
2025-07-29,26.42,26.95,26.41,26.71,130078,346401.49763,1.0
2025-07-30,26.94,27.36,25.83,26.18,194010,516402.30207,1.0
2025-07-31,25.87,26.59,25.87,25.96,125677,329545.64382,1.0
2025-08-01,25.96,26.52,24.95,25.61,151125,387403.87661000004,1.0
2025-08-04,25.39,27.0,25.3,26.89,225673,598160.3025499999,1.0
2025-08-05,27.11,29.08,27.06,27.99,381228,1058861.70692,1.0
2025-08-06,28.01,29.2,27.46,28.89,360908,1038382.10699,1.0
2025-08-07,28.81,28.85,27.52,27.72,270400,753880.09661,1.0
2025-08-08,27.38,30.49,27.28,28.87,383062,1123896.47371,1.0
2025-08-11,28.51,29.59,28.51,29.11,281470,818688.8697899999,1.0
2025-08-12,29.12,29.65,28.0,28.28,224208,641738.55547,1.0
2025-08-13,28.1,29.8,28.1,29.29,303787,887812.67629,1.0
2025-08-14,29.01,29.01,27.32,27.37,285478,794822.2786900001,1.0
2025-08-15,27.15,27.15,26.61,27.12,172939,465247.48135,1.0
2025-08-18,27.12,27.6,27.0,27.43,165853,453239.41193,1.0
2025-08-19,27.4,27.4,26.72,26.74,157043,421840.47189,1.0
2025-08-20,26.74,27.22,26.56,27.06,131908,355062.9042,1.0
2025-08-21,27.22,27.6,27.0,27.18,135228,368607.75409,1.0
2025-08-22,27.06,27.35,26.7,27.35,134129,362774.70792,1.0
2025-08-25,27.36,27.54,27.1,27.52,163675,448160.87162,1.0
2025-08-26,27.52,27.54,27.05,27.13,116253,316461.65338,1.0
2025-08-27,26.98,26.98,26.0,26.02,166726,440838.26418,1.0
2025-08-28,25.8,26.23,24.78,26.1,128773,330400.31237,1.0
2025-08-29,26.0,26.46,25.69,26.39,105347,275211.91388,1.0
2025-09-01,26.39,26.63,25.85,26.27,84928,221680.69765000002,1.0
2025-09-02,26.26,26.26,25.3,25.48,79453,203001.38543999998,1.0
2025-09-03,25.53,25.63,23.2,23.33,130166,315568.90588,1.0
2025-09-04,23.25,23.87,22.62,23.15,83778,195151.15315,1.0
2025-09-05,23.1,23.54,22.92,23.52,53748,125210.61556,1.0
2025-09-08,23.45,24.08,23.45,23.9,64796,154090.06093,1.0
2025-09-09,23.9,23.9,23.21,23.31,45405,106770.99458,1.0
2025-09-10,23.57,23.57,23.22,23.31,29603,69306.82763,1.0
2025-09-11,23.31,23.66,23.12,23.6,49099,115371.56455,1.0
2025-09-12,23.65,24.07,23.46,23.87,57665,137406.21087,1.0
2025-09-15,23.76,23.78,23.32,23.48,47516,111513.825,1.0
2025-09-16,23.39,23.65,23.27,23.63,40265,94395.02314,1.0
2025-09-17,23.95,24.7,23.92,24.12,104292,253697.87840000002,1.0
2025-09-18,24.13,24.44,23.5,23.67,84405,202028.55398,1.0
2025-09-19,23.75,24.12,23.6,23.8,50640,120694.96683,1.0
2025-09-22,23.62,23.73,23.16,23.3,47822,111620.20114,1.0
2025-09-23,23.36,23.48,22.3,22.9,67342,152735.76025999998,1.0
2025-09-24,22.7,23.37,22.66,23.32,40790,94360.56219,1.0
2025-09-25,23.27,23.38,23.11,23.13,32704,76010.21126000001,1.0
2025-09-26,23.0,23.39,22.82,22.89,37711,87184.62664,1.0
2025-09-29,22.8,22.88,22.38,22.69,44494,100723.76634,1.0
2025-09-30,22.9,23.09,22.8,22.96,34287,78756.63081999999,1.0
2025-10-09,22.96,23.36,22.9,23.35,43367,100538.37259,1.0
2025-10-10,23.26,24.08,23.16,23.7,90343,214040.32894,1.0
2025-10-13,22.8,23.95,22.51,23.8,84226,198225.5999,1.0
2025-10-14,23.8,23.95,23.3,23.35,58274,137630.479,1.0
2025-10-15,23.36,23.46,22.9,23.25,37666,87132.865,1.0
2025-10-16,23.24,24.3,23.13,23.71,112547,268805.90527999995,1.0
2025-10-17,23.5,23.5,22.5,22.5,75600,173752.13141,1.0
2025-10-20,22.67,23.0,22.51,22.81,41127,93623.6572,1.0
2025-10-21,22.81,22.96,22.66,22.93,32578,74400.08012,1.0
2025-10-22,22.76,23.7,22.68,23.28,58225,135450.6988,1.0
2025-10-23,23.13,23.38,22.9,23.33,36044,83355.35511,1.0
2025-10-24,23.13,23.68,23.07,23.46,52142,122161.63724,1.0
2025-10-27,23.47,23.6,23.31,23.55,47175,110775.578,1.0
2025-10-28,23.4,24.3,23.39,24.17,98979,237572.14924,1.0
2025-10-29,24.05,24.1,23.55,23.79,66630,158072.956,1.0
2025-10-30,23.7,23.7,23.27,23.3,51889,121500.261,1.0
2025-10-31,23.45,23.62,23.11,23.49,34740,81265.38223,1.0
2025-11-03,23.4,23.44,23.0,23.23,37604,87142.1633,1.0
2025-11-04,23.24,23.59,22.96,23.48,56307,131137.62725,1.0
2025-11-05,23.15,23.87,23.03,23.69,53959,126590.813,1.0
2025-11-06,23.87,24.37,23.66,23.81,59223,141530.56956,1.0
2025-11-07,24.0,24.17,23.63,24.01,52389,125597.58209000001,1.0
2025-11-10,24.05,24.6,24.01,24.38,65070,158285.67634,1.0
2025-11-11,24.48,24.53,24.17,24.35,45602,110852.45,1.0
2025-11-12,24.35,24.38,23.78,24.03,40115,96516.64253,1.0
2025-11-13,24.03,24.22,23.83,24.15,31487,75731.45492,1.0
2025-11-14,23.99,24.78,23.95,24.38,75586,185276.59256,1.0
2025-11-17,24.68,25.44,24.48,25.4,160362,403404.54445,1.0
2025-11-18,25.27,25.27,24.5,24.65,96612,238789.02424,1.0
2025-11-19,24.65,25.15,24.13,24.86,84124,207838.98578,1.0
2025-11-20,24.78,24.81,24.03,24.13,59938,145290.77972999998,1.0
2025-11-21,23.98,24.13,23.0,23.1,78290,183106.68524000002,1.0
2025-11-24,23.1,24.01,23.1,23.87,57432,135439.185,1.0
2025-11-25,23.88,24.04,23.62,23.76,45498,108497.524,1.0
2025-11-26,23.7,23.75,22.8,23.1,72697,168380.32497,1.0
2025-11-27,22.97,23.25,22.9,23.01,27497,63522.00106,1.0
2025-11-28,23.01,23.47,22.98,23.47,35019,81618.74252,1.0
2025-12-01,23.45,24.1,23.25,24.07,55304,131688.4478,1.0
2025-12-02,24.05,24.83,23.9,24.3,81495,199313.56808000003,1.0
2025-12-03,24.3,24.69,23.73,24.05,61575,148068.90214,1.0
2025-12-04,23.63,24.0,23.52,23.73,31439,74586.05486,1.0
2025-12-05,23.8,24.13,23.44,24.0,43080,102585.81034,1.0
2025-12-08,24.0,24.38,23.85,23.87,44635,107919.95731999999,1.0
2025-12-09,23.7,24.19,23.5,23.51,38717,92346.19062000001,1.0
2025-12-10,23.49,23.58,23.05,23.28,36708,85317.1581,1.0
2025-12-11,23.17,23.75,23.11,23.12,33505,77948.9876,1.0
2025-12-12,23.0,23.38,22.83,23.16,29509,68275.45848,1.0
2025-12-15,23.0,23.1,22.58,22.63,36098,82153.65284000001,1.0
2025-12-16,22.6,22.6,21.78,22.11,40255,88755.30668000001,1.0
2025-12-17,21.95,22.4,21.85,22.36,28127,62161.04884,1.0
2025-12-18,22.28,22.69,22.19,22.49,29059,65184.94555,1.0
2025-12-19,22.49,22.67,22.33,22.43,27879,62705.62345000001,1.0
2025-12-22,22.49,22.6,22.38,22.44,25699,57781.94173,1.0
2025-12-23,22.44,22.45,21.95,22.05,29889,66034.00778,1.0
2025-12-24,21.94,22.41,21.94,22.34,28688,63670.12379,1.0
2025-12-25,22.28,23.1,22.2,22.8,56379,127756.18076999999,1.0
2025-12-26,22.78,23.05,22.61,22.83,43701,99564.5482,1.0
2025-12-29,22.8,23.18,22.69,22.99,37164,85448.74418000001,1.0
2025-12-30,22.98,22.99,22.65,22.67,34121,77810.862,1.0
2025-12-31,22.72,23.24,22.52,23.09,46991,107560.54036,1.0
2026-01-05,23.21,23.42,22.96,23.36,46272,107550.59792,1.0
2026-01-06,23.37,23.54,23.27,23.33,51663,120801.85270999999,1.0
2026-01-07,23.46,23.57,23.16,23.23,42941,100296.64624,1.0
2026-01-08,23.2,24.1,23.06,23.68,76056,179505.85455000002,1.0
2026-01-09,23.62,24.46,23.58,24.13,82120,197548.81546,1.0
2026-01-12,24.46,25.36,24.17,25.35,138764,346923.31991,1.0
2026-01-13,25.47,25.48,24.6,24.63,102957,256158.88805,1.0
2026-01-14,24.48,25.4,24.42,24.68,106495,266304.54893,1.0
2026-01-15,24.7,24.88,24.17,24.33,55195,134471.36444,1.0
2026-01-16,24.35,24.63,24.06,24.52,52560,127832.15116,1.0
