date,open,high,low,close,volume,amount,factor
2021-04-19,97.54,104.78,87.94,89.18,61504,1525242.016,1.0
2021-04-20,84.0,85.12,77.45,77.5,41763,875413.344,1.0
2021-04-21,75.64,79.0,73.77,77.94,25741,514752.608,1.0
2021-04-22,77.24,77.28,72.95,74.35,26638,519891.264,1.0
2021-04-23,73.65,74.77,70.97,70.97,22213,419951.68,1.0
2021-04-26,70.87,71.19,66.84,66.87,20974,376567.248,1.0
2021-04-27,66.1,67.95,65.54,65.73,12817,223087.002,1.0
2021-04-28,66.09,67.09,65.71,66.92,11579,201340.262,1.0
2021-04-29,69.07,73.73,68.98,69.96,20640,384034.944,1.0
2021-04-30,68.2,69.58,66.93,67.09,15092,267815.668,1.0
2021-05-06,66.81,68.59,65.72,67.15,8819,155134.099,1.0
2021-05-07,67.03,67.93,65.89,66.11,7737,135226.994,1.0
2021-05-10,66.11,66.36,64.15,64.5,10098,171767.579,1.0
2021-05-11,64.5,65.19,63.51,65.18,6917,116896.847,1.0
2021-05-12,64.85,64.86,63.91,64.56,5598,94394.144,1.0
2021-05-13,64.37,70.35,64.1,68.41,16232,286604.56,1.0
2021-05-14,68.08,69.1,66.89,67.29,10036,177203.434,1.0
2021-05-17,67.28,70.06,67.28,69.27,11317,204224.199,1.0
2021-05-18,69.53,71.4,68.88,71.27,12097,223438.191,1.0
2021-05-19,70.87,75.76,70.11,71.78,17238,329900.56,1.0
2021-05-20,70.85,71.03,68.88,69.47,13480,245783.567,1.0
2021-05-21,69.08,70.06,68.9,69.16,5656,102460.495,1.0
2021-05-24,68.97,70.77,68.95,69.68,6365,116288.904,1.0
2021-05-25,69.28,69.89,67.34,68.27,8731,155702.661,1.0
2021-05-26,68.28,68.82,68.08,68.34,4977,88902.715,1.0
2021-05-27,69.58,72.26,69.28,70.53,13073,242148.175,1.0
2021-05-28,70.2,71.31,69.0,69.29,9167,167938.442,1.0
2021-05-31,69.24,71.42,68.97,71.17,9012,165995.716,1.0
2021-06-01,70.95,71.53,70.14,70.9,8653,159962.913,1.0
2021-06-02,70.84,70.89,68.61,69.14,14363,143397.201,1.0
2021-06-03,69.12,69.29,67.18,67.2,15615,153058.832,1.0
2021-06-04,67.33,67.91,64.91,64.97,16928,161428.07,1.0
2021-06-07,65.06,65.68,64.2,65.58,11347,106730.441,1.0
2021-06-08,65.36,66.24,64.75,64.78,8702,82217.478,1.0
2021-06-09,64.34,65.36,64.27,64.32,7815,73066.937,1.0
2021-06-10,64.72,64.72,63.91,64.02,10645,99013.665,1.0
2021-06-11,64.25,64.25,61.26,61.3,18130,163914.721,1.0
2021-06-15,61.44,63.99,61.36,62.04,12367,112305.305,1.0
2021-06-16,61.5,61.78,59.29,59.37,13672,118851.06,1.0
2021-06-17,59.61,60.86,59.16,60.35,10407,90676.798,1.0
2021-06-18,60.66,63.32,59.43,62.69,16128,144430.37,1.0
2021-06-21,62.32,63.89,61.77,63.38,11782,107691.211,1.0
2021-06-22,63.9,63.94,62.24,62.47,10064,91356.473,1.0
2021-06-23,62.83,64.03,62.55,63.74,15390,141743.714,1.0
2021-06-24,63.4,63.4,61.91,61.91,12745,115307.035,1.0
2021-06-25,61.75,62.37,60.34,60.68,11198,98776.125,1.0
2021-06-28,60.68,62.36,60.55,61.79,8476,75750.129,1.0
2021-06-29,61.52,61.79,60.16,60.17,8480,74660.843,1.0
2021-06-30,60.33,62.02,60.33,61.13,9571,85251.719,1.0
2021-07-01,61.39,61.79,60.2,60.23,9679,85581.5,1.0
2021-07-02,60.2,60.81,58.31,58.43,12238,104875.692,1.0
2021-07-05,58.53,58.99,58.15,58.73,5580,47464.108,1.0
2021-07-06,58.67,59.53,58.56,59.32,7226,61980.966,1.0
2021-07-07,59.31,60.5,58.94,59.99,7676,66669.646,1.0
2021-07-08,59.99,60.09,58.53,58.6,8695,74565.842,1.0
2021-07-09,58.96,59.37,58.53,59.04,6035,51664.356,1.0
2021-07-12,59.14,59.59,58.2,59.38,8486,72812.109,1.0
2021-07-13,59.75,60.31,58.53,58.73,10148,87268.39,1.0
2021-07-14,58.55,61.75,58.25,61.31,19337,169247.935,1.0
2021-07-15,61.89,62.62,60.6,60.74,13613,121270.141,1.0
2021-07-16,60.04,62.17,59.1,60.76,13335,116916.906,1.0
2021-07-19,59.97,60.02,58.96,59.01,8664,74551.459,1.0
2021-07-20,58.91,59.16,58.3,58.84,5672,48328.0,1.0
2021-07-21,59.03,59.37,58.43,58.85,7034,60159.963,1.0
2021-07-22,58.81,58.81,58.2,58.24,8776,74368.683,1.0
2021-07-23,58.46,58.46,56.52,56.52,11867,98595.385,1.0
2021-07-26,56.37,56.37,54.27,54.67,9093,72879.247,1.0
2021-07-27,54.69,57.33,54.69,55.23,10278,83952.474,1.0
2021-07-28,54.94,55.21,53.3,53.33,8476,66416.228,1.0
2021-07-29,53.71,55.24,53.69,54.82,7570,60089.549,1.0
2021-07-30,54.69,56.55,54.68,54.92,14305,115447.578,1.0
2021-08-02,54.66,56.02,53.55,55.84,13836,110005.482,1.0
2021-08-03,55.55,56.77,55.02,56.66,13393,109399.846,1.0
2021-08-04,57.09,57.57,56.09,57.04,11164,92491.372,1.0
2021-08-05,57.04,57.13,55.56,55.66,9517,77721.67,1.0
2021-08-06,55.66,55.95,54.86,54.92,6901,55322.58,1.0
2021-08-09,54.92,55.92,54.35,55.86,6372,51471.073,1.0
2021-08-10,55.8,57.09,55.3,56.71,8706,71309.93,1.0
2021-08-11,56.38,59.73,55.8,58.22,20191,170462.855,1.0
2021-08-12,57.7,58.8,57.46,57.59,10008,84222.737,1.0
2021-08-13,57.11,58.08,56.68,56.98,8631,71737.016,1.0
2021-08-16,56.95,58.53,56.38,57.94,11452,96123.575,1.0
2021-08-17,57.83,57.94,56.02,56.03,10366,85782.355,1.0
2021-08-18,56.37,56.38,55.44,55.73,6638,53934.676,1.0
2021-08-19,55.59,56.37,55.3,55.48,5833,47333.067,1.0
2021-08-20,55.52,55.73,53.87,54.06,7781,61617.253,1.0
2021-08-23,54.34,55.88,54.34,55.78,7424,59844.051,1.0
2021-08-24,55.81,59.37,55.73,58.15,21271,179082.795,1.0
2021-08-25,57.74,57.74,56.74,56.97,8791,72949.676,1.0
2021-08-26,57.24,57.62,56.16,56.3,7815,64583.543,1.0
2021-08-27,56.3,60.41,55.22,59.8,24216,206124.605,1.0
2021-08-30,62.55,66.17,61.97,61.97,44791,415416.48,1.0
2021-08-31,61.83,62.67,59.16,59.93,26875,234851.953,1.0
2021-09-01,60.06,60.39,57.82,57.82,17941,152590.542,1.0
2021-09-02,57.84,60.96,57.84,60.78,18109,156631.909,1.0
2021-09-03,59.96,60.1,58.83,59.01,12501,107703.025,1.0
2021-09-06,59.56,59.57,58.62,59.19,8688,74638.14,1.0
2021-09-07,59.19,62.22,58.9,60.66,20845,184804.67,1.0
2021-09-08,60.58,64.83,59.75,64.52,30249,272339.872,1.0
2021-09-09,62.75,62.75,61.13,61.41,22060,197549.289,1.0
2021-09-10,61.03,61.95,60.33,60.73,10626,93765.992,1.0
2021-09-13,61.11,61.11,59.6,59.69,8744,76149.446,1.0
2021-09-14,59.32,60.25,58.91,59.13,8076,69712.794,1.0
2021-09-15,59.21,59.75,58.97,59.66,6350,54727.08,1.0
2021-09-16,59.67,59.95,57.95,57.98,9020,76861.478,1.0
2021-09-17,57.95,58.37,56.76,56.95,7460,62076.452,1.0
2021-09-22,56.68,56.68,56.03,56.21,5038,41245.957,1.0
2021-09-23,56.47,56.95,56.38,56.57,3588,29543.043,1.0
2021-09-24,56.4,57.4,56.28,56.32,4413,36390.982,1.0
2021-09-27,57.07,57.07,54.84,54.95,5800,46887.412,1.0
2021-09-28,54.94,55.52,54.8,54.84,3055,24446.907,1.0
2021-09-29,54.44,54.77,53.57,53.57,4899,38553.868,1.0
2021-09-30,53.87,54.53,53.87,54.26,2516,19898.52,1.0
2021-10-08,54.59,55.59,54.59,55.02,3189,25590.563,1.0
2021-10-11,55.47,55.47,54.67,54.86,2233,17860.186,1.0
2021-10-12,55.16,55.24,53.91,54.15,3032,24049.025,1.0
2021-10-13,54.15,54.82,54.0,54.72,2695,21374.99,1.0
2021-10-14,54.8,55.26,54.3,55.0,2474,19805.474,1.0
2021-10-15,55.0,55.22,54.34,54.4,2660,21167.894,1.0
2021-10-18,54.41,54.67,53.71,54.22,2944,23128.15,1.0
2021-10-19,54.21,55.53,53.88,55.02,3701,29546.846,1.0
2021-10-20,54.87,55.04,54.36,54.53,2607,20732.634,1.0
2021-10-21,54.34,54.8,54.23,54.41,2725,21617.055,1.0
2021-10-22,54.23,54.69,54.13,54.23,2712,21505.38,1.0
2021-10-25,54.01,54.51,53.55,53.7,3730,29228.076,1.0
2021-10-26,53.58,56.29,53.58,55.5,7688,61873.962,1.0
2021-10-27,55.42,55.99,54.15,54.65,5093,40668.983,1.0
2021-10-28,54.51,54.51,51.37,51.67,8848,67429.601,1.0
2021-10-29,52.08,55.65,51.38,53.58,9075,70762.197,1.0
2021-11-01,53.3,56.6,52.84,56.46,13901,112108.095,1.0
2021-11-02,57.71,58.03,55.81,55.93,17752,147540.67,1.0
2021-11-03,55.32,57.95,55.32,56.28,10967,90498.622,1.0
2021-11-04,56.68,58.94,56.04,58.92,20493,172065.379,1.0
2021-11-05,59.26,62.61,58.29,58.48,38261,335435.936,1.0
2021-11-08,57.53,57.57,54.94,55.98,25158,204940.819,1.0
2021-11-09,56.26,57.07,55.49,56.67,12699,104308.591,1.0
2021-11-10,57.19,62.59,56.06,62.4,47097,410440.592,1.0
2021-11-11,60.89,64.07,59.72,61.86,42039,376688.016,1.0
2021-11-12,61.86,63.65,60.95,62.69,33180,300640.176,1.0
2021-11-15,63.34,64.64,61.39,64.19,34689,318450.176,1.0
2021-11-16,64.17,66.75,61.75,65.37,48909,457177.12,1.0
2021-11-17,63.92,64.17,61.04,62.34,29461,266840.482,1.0
2021-11-18,62.1,62.65,59.57,59.69,24826,218103.462,1.0
2021-11-19,59.75,61.82,59.7,61.21,17119,151387.511,1.0
2021-11-22,60.75,62.09,60.75,61.31,16862,150025.463,1.0
2021-11-23,60.73,62.53,59.96,62.48,20698,184340.467,1.0
2021-11-24,62.2,64.4,61.39,63.66,25516,233091.437,1.0
2021-11-25,64.04,64.05,60.91,61.03,21531,194053.089,1.0
2021-11-26,60.78,61.54,60.45,61.12,10945,96696.608,1.0
2021-11-29,59.68,60.38,58.94,59.14,12464,107950.855,1.0
2021-11-30,60.16,60.76,59.12,59.44,10147,88253.125,1.0
2021-12-01,59.41,60.58,58.96,60.1,9110,79291.798,1.0
2021-12-02,60.11,60.11,57.47,57.56,14676,124819.792,1.0
2021-12-03,57.81,58.16,57.49,57.88,6043,50818.886,1.0
2021-12-06,57.92,58.13,55.75,55.76,10957,89986.292,1.0
2021-12-07,56.51,56.51,55.3,55.71,4890,39728.542,1.0
2021-12-08,55.73,56.59,55.73,56.56,5098,41753.551,1.0
2021-12-09,56.62,57.6,56.56,57.09,7441,61890.223,1.0
2021-12-10,56.64,57.81,56.59,57.81,7010,58425.35,1.0
2021-12-13,58.87,60.6,58.33,60.38,21078,183159.803,1.0
2021-12-14,59.39,60.5,58.75,59.64,12732,110204.403,1.0
2021-12-15,60.12,60.28,58.55,58.58,10270,88250.691,1.0
2021-12-16,59.15,60.39,58.53,60.06,12876,111680.272,1.0
2021-12-17,61.11,62.2,59.84,59.87,16105,142351.023,1.0
2021-12-20,58.67,58.91,57.03,57.04,13172,110609.054,1.0
2021-12-21,56.85,57.47,56.81,57.24,5533,45959.786,1.0
2021-12-22,57.45,58.53,57.02,58.03,7439,62708.683,1.0
2021-12-23,58.02,58.38,56.98,57.03,6177,51409.046,1.0
2021-12-24,57.03,57.32,56.03,56.03,5962,48889.034,1.0
2021-12-27,56.03,56.78,55.6,56.31,3685,30093.822,1.0
2021-12-28,56.32,56.65,56.15,56.65,3438,28221.857,1.0
2021-12-29,56.89,56.89,56.1,56.21,3548,29078.464,1.0
2021-12-30,56.11,57.47,56.08,57.09,5612,46418.594,1.0
2021-12-31,57.09,57.24,56.73,56.76,3983,32921.918,1.0
2022-01-04,56.84,57.63,56.6,57.38,5817,48344.132,1.0
2022-01-05,57.8,57.8,56.41,56.71,6667,55271.172,1.0
2022-01-06,56.38,57.29,56.13,56.94,5731,47288.066,1.0
2022-01-07,57.09,57.56,56.39,56.43,5296,43845.885,1.0
2022-01-10,56.44,56.94,55.18,56.12,5114,41559.25,1.0
2022-01-11,56.16,56.35,55.55,55.63,5088,41371.0,1.0
2022-01-12,55.59,56.12,55.52,56.02,3741,30403.132,1.0
2022-01-13,56.09,56.38,55.52,55.54,4190,34027.833,1.0
2022-01-14,55.52,55.71,54.92,54.93,4283,34491.147,1.0
2022-01-17,54.94,55.97,54.93,55.8,4905,39621.677,1.0
2022-01-18,55.81,55.93,55.25,55.29,4092,33088.024,1.0
2022-01-19,55.3,55.91,55.08,55.36,2290,18475.404,1.0
2022-01-20,55.18,55.6,53.6,53.61,7938,62660.293,1.0
2022-01-21,53.86,53.86,52.79,52.99,3476,26972.997,1.0
2022-01-24,53.07,53.43,52.95,52.97,2247,17404.524,1.0
2022-01-25,52.79,52.95,51.01,51.05,5493,41402.368,1.0
2022-01-26,51.01,51.35,50.65,50.98,3071,22835.053,1.0
2022-01-27,51.11,51.69,49.28,49.38,3701,27086.895,1.0
2022-01-28,49.64,49.79,48.85,49.27,3462,24986.737,1.0
2022-02-07,50.29,50.29,49.79,49.98,2477,18121.631,1.0
2022-02-08,49.99,50.64,49.57,50.64,2726,20019.547,1.0
2022-02-09,50.68,51.12,50.45,51.01,2786,20684.988,1.0
2022-02-10,51.21,51.22,50.57,50.6,2321,17221.508,1.0
2022-02-11,50.59,50.59,49.25,49.43,2825,20533.432,1.0
2022-02-14,49.48,49.66,49.21,49.28,1527,11030.123,1.0
2022-02-15,49.43,49.87,49.22,49.66,1822,13215.414,1.0
2022-02-16,49.98,50.64,49.73,50.44,2857,20987.162,1.0
2022-02-17,50.44,50.44,50.04,50.08,1904,13970.861,1.0
2022-02-18,49.9,50.18,49.72,50.14,1924,14058.843,1.0
2022-02-21,50.15,50.67,50.01,50.5,2129,15696.928,1.0
2022-02-22,50.21,50.21,49.23,49.36,3401,24611.622,1.0
2022-02-23,49.36,50.57,49.36,50.27,3979,29176.69,1.0
2022-02-24,50.23,50.98,48.55,49.0,6033,43964.859,1.0
2022-02-25,49.21,49.99,49.21,49.33,3054,22132.652,1.0
2022-02-28,49.14,49.53,48.41,48.81,2731,19507.838,1.0
2022-03-01,48.85,49.19,48.7,49.14,2460,17627.948,1.0
2022-03-02,48.85,49.03,48.55,48.9,1998,14285.073,1.0
2022-03-03,49.23,49.47,48.62,48.7,2480,17720.266,1.0
2022-03-04,48.37,48.92,48.34,48.41,3024,21478.698,1.0
2022-03-07,48.41,48.41,47.37,47.43,3692,25774.015,1.0
2022-03-08,47.48,47.75,45.59,45.78,4199,28689.416,1.0
2022-03-09,46.2,46.27,42.9,44.8,4489,29517.461,1.0
2022-03-10,45.78,46.17,44.91,45.02,2459,16455.437,1.0
2022-03-11,44.3,45.45,43.51,45.42,3400,22177.937,1.0
2022-03-14,45.2,45.28,43.95,43.95,3119,20453.34,1.0
2022-03-15,43.57,43.81,42.05,42.05,4831,30508.274,1.0
2022-03-16,42.34,42.73,40.88,42.63,4323,26755.712,1.0
2022-03-17,43.07,43.91,42.91,43.33,4587,29385.292,1.0
2022-03-18,43.33,43.83,43.14,43.73,2645,16950.953,1.0
2022-03-21,43.72,44.16,43.42,43.8,2899,18674.694,1.0
2022-03-22,43.52,43.87,43.17,43.47,2095,13402.697,1.0
2022-03-23,43.48,44.11,43.32,43.76,1960,12580.903,1.0
2022-03-24,43.72,43.72,42.89,42.89,2281,14470.21,1.0
2022-03-25,42.89,43.48,42.55,42.58,2832,17874.524,1.0
2022-03-28,42.78,42.78,41.61,42.22,2310,14321.878,1.0
2022-03-29,42.49,42.49,41.4,41.52,2274,14037.983,1.0
2022-03-30,41.62,42.32,41.62,42.3,2405,14893.372,1.0
2022-03-31,42.11,43.07,42.05,42.31,2803,17561.612,1.0
2022-04-01,42.22,42.24,41.8,41.96,1924,11911.808,1.0
2022-04-06,42.03,42.12,41.7,41.99,1273,7873.187,1.0
2022-04-07,42.21,42.45,41.0,41.03,2893,17731.438,1.0
2022-04-08,41.04,41.17,39.54,39.58,4195,24848.104,1.0
2022-04-11,39.73,39.73,37.61,37.68,3510,19944.767,1.0
2022-04-12,38.46,38.46,37.64,38.38,2326,13130.739,1.0
2022-04-13,38.44,38.46,37.66,37.89,1954,11032.904,1.0
2022-04-14,37.9,38.37,37.78,37.98,2112,11919.235,1.0
2022-04-15,37.75,37.75,36.87,37.13,2520,13950.256,1.0
2022-04-18,37.24,37.73,36.45,37.47,3407,18844.723,1.0
2022-04-19,37.54,39.17,37.51,38.06,5959,33877.252,1.0
2022-04-20,38.05,38.81,37.89,38.28,5519,31345.982,1.0
2022-04-21,38.19,38.51,36.34,36.52,4797,26709.774,1.0
2022-04-22,36.12,37.48,35.82,36.34,3181,17154.38,1.0
2022-04-25,36.06,36.07,33.06,33.06,5119,26176.589,1.0
2022-04-26,33.16,33.72,31.74,31.98,4748,23096.094,1.0
2022-04-27,26.73,29.14,26.71,28.93,15379,64960.316,1.0
2022-04-28,28.18,28.65,27.22,27.22,9681,40733.246,1.0
2022-04-29,27.72,29.43,27.41,29.35,9604,41601.46,1.0
2022-05-05,29.87,30.33,28.83,30.0,5678,25572.704,1.0
2022-05-06,29.39,30.17,29.08,29.9,3985,17902.294,1.0
2022-05-09,29.74,30.5,29.54,30.01,3140,14243.46,1.0
2022-05-10,29.62,30.69,29.16,30.53,3786,17258.178,1.0
2022-05-11,30.73,31.72,30.45,30.98,4739,22276.283,1.0
2022-05-12,30.58,31.98,30.55,31.44,4038,19030.849,1.0
2022-05-13,31.82,31.82,30.87,31.01,3260,15255.047,1.0
2022-05-16,31.42,31.89,30.44,30.78,3280,15322.176,1.0
2022-05-17,30.61,31.14,30.31,30.66,2548,11737.399,1.0
2022-05-18,30.49,31.55,30.46,31.13,3183,14941.855,1.0
2022-05-19,30.6,31.32,30.6,31.19,2388,11143.166,1.0
2022-05-20,31.31,31.84,31.11,31.38,2426,11445.868,1.0
2022-05-23,31.59,31.91,31.4,31.79,2934,13941.337,1.0
2022-05-24,31.9,31.95,29.6,29.62,4730,21887.323,1.0
2022-05-25,29.79,30.33,29.67,29.8,2984,13439.312,1.0
2022-05-26,30.1,30.28,29.11,30.08,3703,16622.724,1.0
2022-05-27,30.19,30.89,30.15,30.35,3495,16053.53,1.0
2022-05-30,30.32,30.89,29.89,30.59,2965,13563.718,1.0
2022-05-31,30.81,34.08,30.0,32.92,16017,78615.346,1.0
2022-06-01,32.73,32.85,32.05,32.37,11360,55125.816,1.0
2022-06-02,32.52,32.67,31.7,32.59,6521,30693.331,1.0
2022-06-06,32.88,33.59,32.47,33.36,7593,36818.925,1.0
2022-06-07,33.36,33.58,32.45,32.78,5340,25589.836,1.0
2022-06-08,33.23,33.49,31.8,32.25,4894,23121.99,1.0
2022-06-09,32.07,32.34,31.34,31.39,4855,22434.047,1.0
2022-06-10,31.09,31.82,30.99,31.77,2726,12613.655,1.0
2022-06-13,31.44,32.03,31.36,31.69,2767,12837.797,1.0
2022-06-14,31.35,31.81,30.17,31.11,5128,23117.037,1.0
2022-06-15,31.06,32.15,31.06,31.6,4697,21838.368,1.0
2022-06-16,31.51,32.58,31.51,32.24,4936,23211.681,1.0
2022-06-17,32.15,32.5,31.39,32.12,4190,19570.809,1.0
2022-06-20,32.38,33.59,32.29,32.72,5356,25757.855,1.0
2022-06-21,32.89,33.93,32.4,33.73,10297,50057.254,1.0
2022-06-22,34.3,35.32,33.47,33.48,17195,86388.751,1.0
2022-06-23,33.33,33.84,32.78,33.61,8484,41164.861,1.0
2022-06-24,33.46,34.2,33.38,33.79,6511,32078.251,1.0
2022-06-27,34.06,34.51,33.97,34.11,7332,36532.226,1.0
2022-06-28,34.11,35.23,33.86,34.75,8832,44337.266,1.0
2022-06-29,34.7,34.88,33.53,33.54,6438,32020.588,1.0
2022-06-30,33.5,33.95,33.5,33.69,3921,19274.507,1.0
2022-07-01,33.99,34.0,33.38,33.44,4144,20318.09,1.0
2022-07-04,33.98,34.07,32.79,33.09,4094,19745.124,1.0
2022-07-05,33.1,33.23,31.93,32.27,5055,23958.82,1.0
2022-07-06,32.17,32.66,31.69,31.86,3099,14528.925,1.0
2022-07-07,31.93,33.45,31.79,32.76,9094,43508.359,1.0
2022-07-08,32.62,36.03,32.62,34.04,18119,91187.063,1.0
2022-07-11,33.5,34.04,32.18,32.22,10074,48221.772,1.0
2022-07-12,32.2,32.23,30.86,30.86,7594,34843.031,1.0
2022-07-13,30.93,31.25,30.73,31.01,3265,14815.759,1.0
2022-07-14,31.05,31.66,30.97,31.29,4117,18865.542,1.0
2022-07-15,31.19,32.05,30.55,31.52,5995,27599.497,1.0
2022-07-18,31.34,32.27,31.34,32.11,6021,28095.182,1.0
2022-07-19,32.02,32.56,31.94,32.48,6767,31962.887,1.0
2022-07-20,32.63,33.16,32.5,32.75,5214,24941.601,1.0
2022-07-21,32.52,33.66,32.2,33.08,7357,35760.113,1.0
2022-07-22,33.19,33.44,32.36,32.61,4581,21962.36,1.0
2022-07-25,32.66,32.85,31.99,32.2,3772,17797.404,1.0
2022-07-26,32.15,32.84,31.61,32.78,4569,21527.256,1.0
2022-07-27,32.7,33.54,32.58,33.42,5891,28520.381,1.0
2022-07-28,33.43,34.66,33.23,34.5,11884,59496.905,1.0
2022-07-29,34.24,34.8,33.71,33.86,5807,28813.309,1.0
2022-08-01,33.65,34.81,33.45,34.6,7281,36526.157,1.0
2022-08-02,34.13,34.52,32.83,33.23,8201,40024.296,1.0
2022-08-03,33.26,34.14,33.13,33.34,7238,35657.019,1.0
2022-08-04,33.76,34.55,33.64,34.16,6454,32114.278,1.0
2022-08-05,34.36,34.85,34.17,34.83,7037,35485.846,1.0
2022-08-08,34.78,34.83,34.18,34.81,5239,26397.94,1.0
2022-08-09,34.77,35.53,34.47,35.43,8367,42760.982,1.0
2022-08-10,35.41,35.84,34.9,35.6,7544,38941.038,1.0
2022-08-11,36.03,38.24,35.67,38.21,26838,145796.325,1.0
2022-08-12,38.93,39.18,36.82,36.82,23526,127516.487,1.0
2022-08-15,36.95,37.17,35.97,36.53,8342,44157.292,1.0
2022-08-16,36.45,37.68,35.67,37.58,20938,111549.836,1.0
2022-08-17,37.55,41.12,37.03,40.87,40555,233349.533,1.0
2022-08-18,40.26,46.4,39.43,44.62,52716,324160.613,1.0
2022-08-19,44.33,46.78,42.41,42.8,42668,274377.957,1.0
2022-08-22,42.58,43.27,40.83,41.61,25639,155092.179,1.0
2022-08-23,41.76,41.76,39.9,40.2,19303,113265.274,1.0
2022-08-24,40.54,40.54,37.42,37.88,20717,115534.948,1.0
2022-08-25,37.89,38.06,36.1,36.37,13741,73583.788,1.0
2022-08-26,36.67,37.05,35.25,35.49,9898,51986.92,1.0
2022-08-29,34.88,35.88,34.84,35.24,8425,43461.425,1.0
2022-08-30,35.06,36.06,35.06,35.81,7384,38273.411,1.0
2022-08-31,35.74,35.74,34.31,34.37,7970,40360.312,1.0
2022-09-01,34.52,34.67,33.99,34.02,4143,20713.478,1.0
2022-09-02,33.96,35.56,33.96,35.22,6807,34740.998,1.0
2022-09-05,35.45,35.56,34.47,34.5,5023,25401.627,1.0
2022-09-06,34.65,34.66,33.49,34.17,7052,34925.397,1.0
2022-09-07,34.01,34.71,34.01,34.19,4679,23434.68,1.0
2022-09-08,34.27,36.28,34.27,35.16,13836,71384.32,1.0
2022-09-09,35.03,35.1,33.79,34.5,6441,32180.021,1.0
2022-09-13,34.56,35.17,34.09,34.35,3873,19500.219,1.0
2022-09-14,33.64,33.94,32.98,33.23,6749,32743.834,1.0
2022-09-15,33.11,33.17,31.08,31.8,8973,41938.672,1.0
2022-09-16,31.61,31.93,30.81,30.83,3581,16477.283,1.0
2022-09-19,30.83,31.37,30.64,31.11,2955,13431.306,1.0
2022-09-20,31.23,31.72,30.93,31.01,2572,11775.21,1.0
2022-09-21,30.99,31.42,30.38,31.25,2461,11152.522,1.0
2022-09-22,30.94,31.53,30.73,30.99,1947,8887.78,1.0
2022-09-23,30.94,31.08,29.87,29.87,3521,15645.316,1.0
2022-09-26,29.87,30.0,29.01,29.26,3431,14846.101,1.0
2022-09-27,29.23,30.01,29.15,29.82,2652,11544.212,1.0
2022-09-28,29.83,30.02,28.99,29.0,2369,10236.496,1.0
2022-09-29,29.15,29.44,28.51,28.65,2933,12487.157,1.0
2022-09-30,28.61,28.81,27.89,27.89,3267,13573.536,1.0
2022-10-10,27.94,28.43,27.44,27.62,2289,9366.85,1.0
2022-10-11,27.85,28.94,27.47,28.23,3656,15220.208,1.0
2022-10-12,28.53,29.01,27.92,29.01,3003,12600.827,1.0
2022-10-13,28.84,29.92,28.55,29.07,4145,17862.887,1.0
2022-10-14,29.29,29.89,28.95,29.65,4433,19261.485,1.0
2022-10-17,29.85,30.26,29.37,30.19,3489,15337.362,1.0
2022-10-18,30.25,30.35,29.76,30.04,2588,11394.736,1.0
2022-10-19,29.94,30.28,29.8,29.87,2227,9802.523,1.0
2022-10-20,29.83,30.71,29.37,30.2,3988,17624.016,1.0
2022-10-21,30.23,30.29,29.69,29.85,2341,10281.798,1.0
2022-10-24,29.88,30.56,29.14,29.37,2982,13060.557,1.0
2022-10-25,29.52,29.57,28.72,29.11,2778,11897.787,1.0
2022-10-26,29.11,31.08,29.11,30.44,6657,29601.259,1.0
2022-10-27,30.44,31.08,30.18,30.6,5117,23030.497,1.0
2022-10-28,30.6,30.86,29.29,29.29,5417,23887.539,1.0
2022-10-31,29.29,31.05,29.29,30.17,4832,21341.756,1.0
2022-11-01,30.14,30.94,30.01,30.94,4565,20510.754,1.0
2022-11-02,31.93,32.96,31.33,31.45,11022,51741.417,1.0
2022-11-03,31.45,31.94,30.96,31.93,6376,29424.099,1.0
2022-11-04,31.93,32.3,31.61,32.19,5263,24613.004,1.0
2022-11-07,32.16,33.09,31.92,32.45,7843,37239.184,1.0
2022-11-08,32.26,32.55,31.53,31.77,5898,27509.075,1.0
2022-11-09,31.7,31.96,31.51,31.51,2941,13632.428,1.0
2022-11-10,31.62,32.31,31.26,31.77,6531,30288.49,1.0
2022-11-11,32.37,33.02,31.81,32.09,8029,38066.414,1.0
2022-11-14,32.05,32.28,31.26,31.43,5944,27596.582,1.0
2022-11-15,31.44,32.42,31.32,32.39,9838,46232.912,1.0
2022-11-16,32.66,32.66,31.9,32.08,6788,31986.712,1.0
2022-11-17,32.12,32.52,31.45,32.42,5908,27747.989,1.0
2022-11-18,32.28,32.63,31.59,31.66,7000,32880.819,1.0
2022-11-21,31.66,31.99,31.06,31.94,5349,24654.247,1.0
2022-11-22,31.94,32.28,31.26,31.33,5303,24617.141,1.0
2022-11-23,31.33,31.37,30.3,30.69,5654,25483.288,1.0
2022-11-24,30.73,31.44,30.73,31.04,5061,23060.786,1.0
2022-11-25,31.24,31.24,30.33,30.39,3425,15351.044,1.0
2022-11-28,30.28,30.28,29.7,29.93,4192,18408.711,1.0
2022-11-29,30.05,30.83,29.94,30.64,6246,27911.845,1.0
2022-11-30,30.63,31.08,30.3,30.3,4322,19393.411,1.0
2022-12-01,30.53,31.01,30.33,30.58,5019,22630.907,1.0
2022-12-02,30.66,31.34,30.38,30.94,4427,20077.493,1.0
2022-12-05,31.06,31.41,30.81,31.14,3598,16334.565,1.0
2022-12-06,31.16,31.55,31.03,31.15,3920,17925.049,1.0
2022-12-07,31.15,31.15,30.79,30.93,2933,13277.832,1.0
2022-12-08,31.06,31.06,30.57,30.68,3355,15102.462,1.0
2022-12-09,30.68,30.89,30.44,30.68,2766,12426.309,1.0
2022-12-12,30.71,30.87,30.31,30.58,2832,12678.247,1.0
2022-12-13,30.38,30.68,30.14,30.17,3406,15149.46,1.0
2022-12-14,30.27,30.6,30.04,30.1,2734,12145.826,1.0
2022-12-15,30.21,30.86,30.0,30.76,4199,18854.246,1.0
2022-12-16,30.77,30.79,29.91,29.95,3713,16426.706,1.0
2022-12-19,29.92,30.2,29.21,29.24,2858,12370.642,1.0
2022-12-20,29.47,29.5,29.04,29.33,1822,7833.669,1.0
2022-12-21,29.49,29.64,28.94,29.04,1969,8423.923,1.0
2022-12-22,29.27,29.27,28.59,28.6,2305,9802.01,1.0
2022-12-23,28.68,28.75,28.25,28.28,2009,8386.208,1.0
2022-12-26,28.33,28.8,28.23,28.77,1636,6887.569,1.0
2022-12-27,29.07,29.07,28.62,28.95,1539,6513.729,1.0
2022-12-28,28.79,28.79,28.46,28.56,1503,6314.917,1.0
2022-12-29,28.36,28.69,28.25,28.25,1802,7532.518,1.0
2022-12-30,28.55,28.55,28.22,28.23,1381,5752.905,1.0
2023-01-03,28.29,29.53,28.25,29.5,5260,22441.267,1.0
2023-01-04,29.3,29.94,29.3,29.57,3289,14283.276,1.0
2023-01-05,29.75,29.94,29.31,29.67,2136,9264.048,1.0
2023-01-06,29.68,29.98,29.43,29.64,2946,12852.256,1.0
2023-01-09,30.15,30.55,29.62,30.36,5202,23074.908,1.0
2023-01-10,30.27,32.52,30.25,32.15,17814,82543.827,1.0
2023-01-11,33.23,34.65,32.88,34.27,25664,126306.606,1.0
2023-01-12,34.02,35.66,33.66,35.37,21592,110506.355,1.0
2023-01-13,35.53,37.22,35.28,36.66,21733,115428.967,1.0
2023-01-16,36.71,38.04,36.29,36.53,18255,98236.486,1.0
2023-01-17,36.89,37.86,36.2,37.74,14329,77645.634,1.0
2023-01-18,37.55,38.11,36.89,37.33,11344,61946.057,1.0
2023-01-19,37.75,37.83,36.82,37.22,11393,61764.593,1.0
2023-01-20,36.84,37.38,36.47,36.91,8902,47883.054,1.0
2023-01-30,37.67,37.68,35.94,36.77,10493,55851.318,1.0
2023-01-31,36.82,36.89,36.0,36.42,6093,32108.748,1.0
2023-02-01,36.6,36.69,36.01,36.59,5399,28511.127,1.0
2023-02-02,36.77,36.77,36.09,36.26,4564,24130.945,1.0
2023-02-03,36.14,36.58,35.6,36.32,6111,32131.139,1.0
2023-02-06,36.1,37.88,35.6,35.74,8964,47090.705,1.0
2023-02-07,35.74,35.95,35.18,35.47,9536,49284.716,1.0
2023-02-08,35.94,36.85,35.03,35.94,16717,87571.858,1.0
2023-02-09,36.34,38.59,36.1,37.56,22874,124218.929,1.0
2023-02-10,37.25,38.06,36.82,36.91,13250,72005.796,1.0
2023-02-13,36.64,37.03,36.46,36.73,9305,49616.902,1.0
2023-02-14,36.71,36.99,35.76,35.76,8452,44576.595,1.0
2023-02-15,35.96,36.51,35.76,36.38,5633,29608.724,1.0
2023-02-16,36.48,36.48,34.46,34.6,10817,55655.472,1.0
2023-02-17,34.5,35.15,34.09,34.19,5640,28345.618,1.0
2023-02-20,34.19,34.56,33.79,34.25,4816,23944.235,1.0
2023-02-21,34.39,34.6,33.9,34.17,3938,19641.352,1.0
2023-02-22,34.17,37.51,33.95,37.3,24238,128266.519,1.0
2023-02-23,37.18,37.5,36.71,37.01,9914,53399.153,1.0
2023-02-24,37.02,40.76,37.02,39.89,30837,177035.737,1.0
2023-02-27,40.11,40.29,37.64,37.96,20203,112510.019,1.0
2023-02-28,38.04,38.93,37.46,37.93,10922,60240.932,1.0
2023-03-01,37.94,38.25,37.63,38.01,6820,37509.35,1.0
2023-03-02,38.01,38.01,35.61,36.14,17999,95109.435,1.0
2023-03-03,36.19,36.56,34.99,35.53,10598,54902.542,1.0
2023-03-06,35.53,35.76,35.23,35.38,4422,22770.994,1.0
2023-03-07,35.87,35.87,34.04,34.13,7234,36448.277,1.0
2023-03-08,34.03,34.65,33.96,34.59,5955,29741.63,1.0
2023-03-09,34.59,34.98,34.33,34.65,4656,23489.9,1.0
2023-03-10,34.38,35.08,34.38,34.59,6754,34213.498,1.0
2023-03-13,34.5,34.67,33.68,34.21,7157,35442.982,1.0
2023-03-14,34.19,34.38,33.36,34.17,6421,31801.404,1.0
2023-03-15,34.27,34.98,34.09,34.1,5230,26250.204,1.0
2023-03-16,34.1,34.23,33.45,33.51,3976,19632.147,1.0
2023-03-17,33.74,34.78,33.61,34.34,5318,26545.558,1.0
2023-03-20,34.54,34.88,33.7,34.62,5764,28875.95,1.0
2023-03-21,34.62,35.33,34.28,35.19,5428,27686.329,1.0
2023-03-22,35.1,35.6,35.09,35.51,6320,32542.376,1.0
2023-03-23,35.42,36.09,35.37,35.96,6813,35511.064,1.0
2023-03-24,36.14,37.46,35.96,37.25,11054,59432.605,1.0
2023-03-27,37.1,37.75,36.32,37.17,8702,46707.684,1.0
2023-03-28,37.03,37.31,36.12,36.31,6079,32307.637,1.0
2023-03-29,36.46,36.81,35.96,36.41,3855,20409.383,1.0
2023-03-30,36.71,36.71,36.03,36.07,4067,21450.394,1.0
2023-03-31,36.1,36.1,35.42,35.92,4739,24627.561,1.0
2023-04-03,35.92,37.33,35.92,37.09,7582,40631.381,1.0
2023-04-04,37.08,37.42,36.19,36.48,4707,25165.432,1.0
2023-04-06,36.59,37.61,36.59,37.1,8720,47089.787,1.0
2023-04-07,37.58,37.58,35.75,36.54,10085,53210.616,1.0
2023-04-10,37.39,37.82,35.81,36.02,14782,79148.267,1.0
2023-04-11,36.03,36.85,35.82,36.23,6954,36784.253,1.0
2023-04-12,36.23,37.18,36.16,37.06,7634,40934.568,1.0
2023-04-13,36.89,37.2,36.01,36.07,7073,37397.354,1.0
2023-04-14,35.89,36.35,35.33,36.22,5221,27272.595,1.0
2023-04-17,36.22,36.23,35.34,35.34,5279,27414.973,1.0
2023-04-18,35.46,35.5,34.35,34.65,6100,30907.743,1.0
2023-04-19,34.65,35.49,34.47,34.85,4464,22703.13,1.0
2023-04-20,34.93,35.64,34.45,35.56,4978,25437.484,1.0
2023-04-21,35.52,35.52,32.79,32.87,10074,49534.688,1.0
2023-04-24,32.8,32.87,32.02,32.31,6644,31379.038,1.0
2023-04-25,32.3,32.62,30.94,31.26,5562,25690.396,1.0
2023-04-26,31.25,31.77,30.94,31.37,3774,17292.858,1.0
2023-04-27,31.05,31.31,29.96,30.02,8215,36737.559,1.0
2023-04-28,30.08,30.73,30.05,30.59,4688,20971.604,1.0
2023-05-04,30.99,31.87,30.28,30.39,5765,25922.731,1.0
2023-05-05,30.63,30.63,30.03,30.4,3616,16073.501,1.0
2023-05-08,30.44,30.93,30.3,30.87,4646,20885.159,1.0
2023-05-09,30.73,31.57,30.01,30.53,7721,34798.386,1.0
2023-05-10,30.38,30.95,30.18,30.5,6749,30117.466,1.0
2023-05-11,30.62,31.11,30.49,30.94,4620,20882.699,1.0
2023-05-12,30.94,31.51,30.6,30.64,5121,23139.304,1.0
2023-05-15,30.87,31.06,30.48,30.96,3773,17005.008,1.0
2023-05-16,30.98,31.13,30.59,30.84,4217,19045.35,1.0
2023-05-17,30.64,31.72,30.64,31.72,5204,23935.81,1.0
2023-05-18,31.89,32.34,31.45,32.29,4189,19561.91,1.0
2023-05-19,32.21,35.0,32.08,33.46,16242,80081.828,1.0
2023-05-22,33.38,33.79,32.62,32.98,9268,44514.065,1.0
2023-05-23,32.98,33.16,32.6,32.83,4289,20596.669,1.0
2023-05-24,32.74,33.09,32.43,32.93,3675,17627.315,1.0
2023-05-25,33.44,33.77,32.73,33.23,6504,31584.387,1.0
2023-05-26,33.11,33.9,33.11,33.67,4522,22114.98,1.0
2023-05-29,33.52,34.16,33.49,33.82,4737,23312.554,1.0
2023-05-30,33.89,34.17,33.51,34.07,5108,25213.267,1.0
2023-05-31,34.31,35.23,33.87,34.31,8918,44866.124,1.0
2023-06-01,33.82,34.95,33.36,34.51,9013,45159.378,1.0
2023-06-02,34.78,35.69,34.38,34.8,7539,38481.775,1.0
2023-06-05,34.8,35.83,34.8,35.74,8038,41529.605,1.0
2023-06-06,35.39,35.65,33.81,33.92,9081,45567.281,1.0
2023-06-07,34.16,35.08,33.97,34.88,6601,32842.257,1.0
2023-06-08,34.76,35.16,33.89,34.27,5115,25162.524,1.0
2023-06-09,34.18,34.62,33.76,34.22,3908,19130.522,1.0
2023-06-12,34.12,35.01,33.87,34.74,4913,24315.05,1.0
2023-06-13,34.37,34.97,34.28,34.93,3115,15489.182,1.0
2023-06-14,34.88,35.38,34.4,35.13,5674,28421.568,1.0
2023-06-15,35.39,35.8,34.45,34.58,4495,22494.545,1.0
2023-06-16,34.47,34.6,33.87,33.98,4731,23111.962,1.0
2023-06-19,33.95,36.06,33.95,35.96,13089,66424.242,1.0
2023-06-20,36.06,36.09,34.6,34.65,8699,43777.75,1.0
2023-06-21,34.72,34.95,33.83,34.14,5357,26326.498,1.0
2023-06-26,33.79,34.43,33.01,33.08,5632,27007.769,1.0
2023-06-27,33.22,33.92,32.98,33.49,2963,14225.242,1.0
2023-06-28,33.51,33.92,32.55,33.74,5361,25528.727,1.0
2023-06-29,33.74,35.33,33.54,35.1,6354,31636.31,1.0
2023-06-30,35.24,35.73,34.92,35.38,3764,19092.803,1.0
2023-07-03,35.39,35.71,34.73,34.83,3434,17254.066,1.0
2023-07-04,34.88,35.92,34.69,35.54,4984,25285.803,1.0
2023-07-05,35.36,35.78,35.1,35.28,3160,16040.339,1.0
2023-07-06,34.99,35.79,34.83,35.36,3174,16112.56,1.0
2023-07-07,35.36,35.7,34.75,35.12,3192,16065.373,1.0
2023-07-10,35.33,35.45,34.35,34.6,4022,19974.839,1.0
2023-07-11,34.7,35.37,34.52,35.28,3452,17354.857,1.0
2023-07-12,35.28,35.46,34.55,34.57,2366,11854.797,1.0
2023-07-13,34.89,35.54,34.3,35.54,5131,25959.516,1.0
2023-07-14,35.54,36.52,35.23,36.14,8436,43589.955,1.0
2023-07-17,36.21,36.46,35.6,35.88,6165,31672.764,1.0
2023-07-18,35.97,36.84,35.73,35.96,5884,30605.633,1.0
2023-07-19,36.0,36.32,35.18,35.26,5835,29710.645,1.0
2023-07-20,35.24,35.56,34.17,34.17,6147,30560.408,1.0
2023-07-21,34.18,34.62,33.6,33.83,4245,20719.065,1.0
2023-07-24,33.84,34.15,33.53,33.74,3377,16370.633,1.0
2023-07-25,33.84,34.8,33.65,34.78,4554,22462.409,1.0
2023-07-26,34.54,34.9,34.05,34.15,3363,16555.39,1.0
2023-07-27,34.2,34.32,33.54,33.59,3419,16594.786,1.0
2023-07-28,33.57,33.98,33.18,33.81,4202,20257.282,1.0
2023-07-31,33.87,34.35,33.6,34.0,3114,15171.635,1.0
2023-08-01,33.92,34.23,33.61,33.84,3484,16908.462,1.0
2023-08-02,33.78,34.29,33.69,34.22,2951,14430.756,1.0
2023-08-03,34.06,34.06,33.47,33.58,3115,15058.877,1.0
2023-08-04,33.59,33.99,33.46,33.69,2554,12342.097,1.0
2023-08-07,33.53,34.2,33.36,33.46,2610,12567.908,1.0
2023-08-08,33.47,33.47,32.83,32.95,2953,14032.332,1.0
2023-08-09,32.88,33.01,32.51,32.59,2811,13197.004,1.0
2023-08-10,32.83,33.09,32.32,32.93,2268,10698.278,1.0
2023-08-11,32.93,33.02,32.23,32.25,2623,12271.038,1.0
2023-08-14,32.33,32.37,31.59,31.76,4034,18438.68,1.0
2023-08-15,31.87,32.12,31.39,31.64,2699,12273.651,1.0
2023-08-16,31.63,31.68,30.88,30.92,4673,20984.086,1.0
2023-08-17,30.96,31.08,30.53,30.88,4307,19064.434,1.0
2023-08-18,30.89,31.36,30.54,30.54,3639,16216.977,1.0
2023-08-21,30.51,31.06,30.48,30.68,4342,19211.342,1.0
2023-08-22,30.75,30.96,29.9,30.55,5491,24001.392,1.0
2023-08-23,30.55,30.56,29.95,29.95,2712,11781.987,1.0
2023-08-24,29.95,30.27,29.58,29.77,2758,11879.803,1.0
2023-08-25,29.77,29.87,28.93,29.06,3357,14164.27,1.0
2023-08-28,30.55,30.93,29.18,29.21,6888,29738.206,1.0
2023-08-29,29.21,30.78,29.21,30.75,4951,21584.887,1.0
2023-08-30,30.87,31.99,30.87,31.79,5964,27090.147,1.0
2023-08-31,31.77,32.08,31.31,31.79,5545,25357.279,1.0
2023-09-01,32.07,32.15,31.39,31.54,3183,14460.339,1.0
2023-09-04,31.59,31.93,31.22,31.69,3906,17664.896,1.0
2023-09-05,31.87,32.73,31.69,32.33,10898,50800.596,1.0
2023-09-06,31.87,33.45,31.87,33.44,9076,42993.53,1.0
2023-09-07,33.43,33.43,32.73,32.85,6303,29902.799,1.0
2023-09-08,32.84,33.28,32.66,33.18,5938,28157.918,1.0
2023-09-11,33.18,34.15,32.75,32.92,4072,19292.588,1.0
2023-09-12,32.99,33.26,32.45,32.85,2968,13963.978,1.0
2023-09-13,32.42,32.98,31.85,32.11,3736,17276.04,1.0
2023-09-14,32.25,32.35,31.47,31.68,4169,19060.104,1.0
2023-09-15,31.77,32.44,31.54,31.74,3325,15231.669,1.0
2023-09-18,31.75,32.23,31.31,31.89,2658,12173.595,1.0
2023-09-19,31.77,31.77,31.16,31.19,3538,15956.442,1.0
2023-09-20,31.13,31.87,31.03,31.11,3701,16703.457,1.0
2023-09-21,31.11,31.26,30.74,30.88,2722,12120.749,1.0
2023-09-22,30.88,32.24,30.73,32.22,3985,18105.689,1.0
2023-09-25,32.06,32.37,31.59,31.97,3575,16379.451,1.0
2023-09-26,31.67,31.92,31.19,31.59,3471,15726.197,1.0
2023-09-27,31.58,31.92,31.31,31.32,3175,14387.171,1.0
2023-09-28,31.5,32.79,31.3,32.66,6917,32098.119,1.0
2023-10-09,32.66,33.36,32.38,32.69,5335,25062.15,1.0
2023-10-10,32.86,33.02,32.28,32.98,4830,22745.062,1.0
2023-10-11,33.31,35.96,32.45,35.62,33266,165836.547,1.0
2023-10-12,35.01,36.54,34.45,35.31,30396,153588.293,1.0
2023-10-13,35.28,35.81,34.5,35.81,20297,103159.956,1.0
2023-10-16,35.86,36.03,34.37,34.5,17419,87110.098,1.0
2023-10-17,34.58,35.37,34.42,35.03,10997,55021.732,1.0
2023-10-18,35.68,35.68,33.88,34.06,12690,62653.68,1.0
2023-10-19,34.03,34.43,32.98,33.1,11849,57183.096,1.0
2023-10-20,32.98,33.68,31.91,31.99,10745,50482.462,1.0
2023-10-23,32.02,32.47,31.22,31.26,6656,30225.51,1.0
2023-10-24,31.3,32.07,31.04,32.0,5356,24382.833,1.0
2023-10-25,32.37,32.63,31.83,32.45,6042,27941.52,1.0
2023-10-26,32.18,32.98,32.06,32.89,7209,33803.755,1.0
2023-10-27,32.55,33.18,32.03,32.93,7095,33238.358,1.0
2023-10-30,32.93,35.69,32.93,35.32,15930,79254.708,1.0
2023-10-31,35.24,35.56,34.6,34.76,8583,43026.62,1.0
2023-11-01,34.86,35.16,34.51,34.79,6338,31575.979,1.0
2023-11-02,34.74,35.07,33.81,33.88,5185,25492.132,1.0
2023-11-03,33.81,34.67,33.8,34.47,11630,57290.13,1.0
2023-11-06,34.52,35.27,34.45,34.95,12375,61983.928,1.0
2023-11-07,35.1,38.11,34.96,37.57,37462,196872.207,1.0
2023-11-08,37.13,37.18,35.12,35.6,34394,176774.334,1.0
2023-11-09,35.61,35.61,34.39,34.52,20432,102011.351,1.0
2023-11-10,34.52,36.28,34.17,35.36,20008,101228.475,1.0
2023-11-13,35.28,35.78,34.85,35.17,13653,69009.795,1.0
2023-11-14,35.03,36.06,34.85,35.71,11986,61169.45,1.0
2023-11-15,35.89,36.42,35.66,36.22,11929,61587.216,1.0
2023-11-16,36.09,36.54,35.68,35.96,8210,42465.976,1.0
2023-11-17,35.71,36.73,35.63,36.54,10738,55820.13,1.0
2023-11-20,36.65,37.39,36.27,37.11,12326,64839.714,1.0
2023-11-21,37.15,37.15,35.96,36.1,9676,50243.249,1.0
2023-11-22,36.09,36.3,35.48,35.55,7770,39881.358,1.0
2023-11-23,35.55,36.54,35.48,36.27,9646,49851.444,1.0
2023-11-24,36.22,36.29,35.36,35.46,6083,31021.017,1.0
2023-11-27,35.36,36.09,35.31,35.48,4668,23823.388,1.0
2023-11-28,34.94,37.36,34.94,37.02,16071,84498.971,1.0
2023-11-29,36.9,36.95,36.09,36.32,11154,58175.282,1.0
2023-11-30,36.24,36.31,35.05,35.44,7554,38418.527,1.0
2023-12-01,35.43,35.88,35.11,35.71,7442,37923.61,1.0
2023-12-04,35.71,35.86,35.11,35.36,4747,24137.349,1.0
2023-12-05,35.25,35.35,34.17,34.17,7050,35116.271,1.0
2023-12-06,34.72,34.81,34.09,34.52,4431,21942.859,1.0
2023-12-07,34.52,35.18,34.45,34.89,5621,28162.449,1.0
2023-12-08,34.65,35.84,34.65,34.81,6885,34641.572,1.0
2023-12-11,34.88,35.96,34.4,35.53,8637,43788.202,1.0
2023-12-12,35.76,35.84,35.15,35.31,4739,23991.349,1.0
2023-12-13,35.31,35.58,34.65,35.31,5529,27860.595,1.0
2023-12-14,35.45,36.02,34.92,35.32,8753,44517.213,1.0
2023-12-15,35.44,35.74,34.75,34.84,4444,22384.661,1.0
2023-12-18,35.1,35.1,33.81,34.02,9544,46959.432,1.0
2023-12-19,34.02,35.47,34.02,35.35,11201,55857.896,1.0
2023-12-20,35.35,36.57,35.35,35.83,10237,52890.928,1.0
2023-12-21,35.69,36.13,34.35,35.15,7828,39250.245,1.0
2023-12-22,35.15,35.66,34.31,34.37,7367,36846.004,1.0
2023-12-25,34.39,34.85,33.81,34.53,5346,26281.621,1.0
2023-12-26,34.3,34.34,33.08,33.23,5795,27756.028,1.0
2023-12-27,33.35,34.6,33.02,34.49,5715,27903.3,1.0
2023-12-28,34.5,34.99,33.87,34.67,5183,25671.536,1.0
2023-12-29,34.63,38.82,34.62,37.2,33181,178447.354,1.0
2024-01-02,37.1,37.53,36.43,36.59,17062,89604.944,1.0
2024-01-03,36.59,36.77,35.47,35.9,13841,71220.996,1.0
2024-01-04,35.63,35.92,35.24,35.56,9797,49894.517,1.0
2024-01-05,35.56,36.1,34.19,34.38,12570,63045.785,1.0
2024-01-08,34.32,34.63,33.26,33.26,9132,44161.17,1.0
2024-01-09,33.37,33.86,32.72,32.96,7571,36093.025,1.0
2024-01-10,32.73,33.06,31.89,32.27,7590,35260.405,1.0
2024-01-11,32.3,33.02,32.19,32.88,6654,31277.841,1.0
2024-01-12,33.16,33.36,32.45,32.46,7168,33882.093,1.0
2024-01-15,32.49,32.89,32.06,32.6,4160,19438.246,1.0
2024-01-16,32.69,32.71,31.73,32.2,5312,24535.992,1.0
2024-01-17,32.4,32.4,31.05,31.05,6991,31880.574,1.0
2024-01-18,31.09,31.37,29.72,30.73,8746,38294.627,1.0
2024-01-19,30.73,30.96,29.87,29.97,5742,25011.656,1.0
2024-01-22,29.98,30.42,27.74,28.01,8172,34333.762,1.0
2024-01-23,27.86,27.9,26.93,26.97,10248,40307.611,1.0
2024-01-24,26.93,27.34,25.58,26.7,11050,42201.111,1.0
2024-01-25,26.5,28.1,26.38,28.08,7634,30297.601,1.0
2024-01-26,28.08,28.27,27.22,27.32,6866,27460.83,1.0
2024-01-29,27.34,27.9,26.36,26.5,6772,26310.626,1.0
2024-01-30,26.49,26.58,25.37,25.37,7684,28848.036,1.0
2024-01-31,25.35,25.64,23.56,23.82,9142,32403.731,1.0
2024-02-01,24.01,24.14,22.98,23.68,8364,28656.086,1.0
2024-02-02,23.7,24.3,21.34,22.2,12697,41811.124,1.0
2024-02-05,22.03,22.03,18.78,20.17,14511,42717.461,1.0
2024-02-06,19.54,21.63,18.48,21.07,12283,35788.365,1.0
2024-02-07,20.89,21.16,19.85,19.95,10850,32550.856,1.0
2024-02-08,19.95,22.73,19.69,22.1,13248,40955.835,1.0
2024-02-19,22.56,23.63,22.56,23.32,9520,32012.426,1.0
2024-02-20,22.99,24.09,22.88,23.94,8490,28927.487,1.0
2024-02-21,23.5,24.75,23.5,23.92,8070,28282.127,1.0
2024-02-22,23.92,24.62,23.79,24.54,7879,27715.996,1.0
2024-02-23,24.56,25.45,24.29,25.37,8870,31993.723,1.0
2024-02-26,25.39,26.49,25.25,25.9,8860,33127.92,1.0
2024-02-27,25.62,26.82,25.58,26.82,7604,29005.409,1.0
2024-02-28,26.82,27.13,23.96,24.02,14845,55005.139,1.0
2024-02-29,24.12,25.25,23.99,25.25,9348,33627.539,1.0
2024-03-01,25.26,26.06,25.26,25.76,7510,27992.967,1.0
2024-03-04,26.2,26.39,25.33,26.07,6254,23477.819,1.0
2024-03-05,26.08,26.28,25.35,25.75,5511,20581.329,1.0
2024-03-06,25.63,28.86,25.13,27.42,18626,73475.216,1.0
2024-03-07,27.04,27.63,25.83,26.03,16010,61654.563,1.0
2024-03-08,25.86,26.21,25.35,26.05,8979,33475.593,1.0
2024-03-11,25.88,26.29,25.46,26.29,6852,25719.501,1.0
2024-03-12,26.29,26.77,26.18,26.59,6642,25472.406,1.0
2024-03-13,26.84,27.25,26.47,26.86,7749,30126.689,1.0
2024-03-14,26.86,26.99,25.74,26.2,8412,32000.035,1.0
2024-03-15,26.12,26.69,25.94,26.6,5931,22638.189,1.0
2024-03-18,26.85,27.36,26.76,27.31,6510,25541.619,1.0
2024-03-19,27.3,28.08,27.02,27.51,8712,34670.738,1.0
2024-03-20,27.51,28.14,27.47,28.13,8201,33052.025,1.0
2024-03-21,28.13,29.87,27.7,29.24,16933,70575.235,1.0
2024-03-22,28.99,29.06,27.7,28.08,14308,58407.32,1.0
2024-03-25,27.94,28.23,26.84,26.84,9284,36792.557,1.0
2024-03-26,26.86,27.26,26.34,26.76,6003,23232.478,1.0
2024-03-27,26.76,26.92,25.78,25.8,5381,20313.159,1.0
2024-03-28,26.21,27.04,25.63,26.6,5523,21185.244,1.0
2024-03-29,26.29,28.36,26.16,27.98,10080,39734.72,1.0
2024-04-01,27.99,28.06,27.47,27.97,7665,30670.878,1.0
2024-04-02,27.74,27.99,27.5,27.72,3998,15987.057,1.0
2024-04-03,27.75,27.75,26.73,27.0,6314,24697.631,1.0
2024-04-08,26.95,27.17,25.78,25.84,6572,24927.702,1.0
2024-04-09,26.28,26.61,25.87,26.56,4163,15827.999,1.0
2024-04-10,26.62,26.63,25.52,25.91,4372,16414.351,1.0
2024-04-11,25.61,26.46,25.61,25.95,3113,11775.605,1.0
2024-04-12,26.0,26.42,25.65,25.68,3330,12558.949,1.0
2024-04-15,25.68,25.79,23.42,23.88,9822,34747.126,1.0
2024-04-16,23.76,23.78,22.34,22.73,6202,20606.922,1.0
2024-04-17,23.05,23.97,22.85,23.97,6322,21795.532,1.0
2024-04-18,24.21,24.22,23.26,23.76,8229,28329.849,1.0
2024-04-19,23.68,23.91,23.19,23.57,4781,16324.072,1.0
2024-04-22,23.71,24.46,23.06,24.46,6205,21366.731,1.0
2024-04-23,24.23,25.4,24.22,25.27,9283,33507.377,1.0
2024-04-24,27.71,28.41,26.57,28.26,29549,117815.485,1.0
2024-04-25,27.57,28.62,27.45,27.52,15462,62046.084,1.0
2024-04-26,27.37,27.99,27.14,27.36,12099,48210.065,1.0
2024-04-29,27.27,27.82,27.25,27.72,12566,50175.383,1.0
2024-04-30,27.72,28.27,27.58,27.82,18326,73585.921,1.0
2024-05-06,28.28,28.8,27.98,28.65,15833,65093.914,1.0
2024-05-07,28.83,28.93,28.26,28.47,7680,31501.385,1.0
2024-05-08,28.51,28.51,27.83,27.88,5942,24073.799,1.0
2024-05-09,27.98,29.35,27.97,28.71,10187,42271.789,1.0
2024-05-10,28.86,28.86,27.9,27.98,11155,45390.967,1.0
2024-05-13,27.74,28.08,27.32,27.52,6571,26225.819,1.0
2024-05-14,27.52,28.32,27.49,28.01,6789,27513.614,1.0
2024-05-15,27.85,28.19,27.65,27.78,4446,17912.62,1.0
2024-05-16,27.93,28.5,27.93,28.22,6548,26717.97,1.0
2024-05-17,28.22,28.97,28.04,28.79,7951,32855.458,1.0
2024-05-20,28.76,28.76,28.38,28.62,6348,26097.935,1.0
2024-05-21,28.4,29.11,28.4,28.97,7222,29973.579,1.0
2024-05-22,29.01,29.72,28.66,29.72,10808,45544.348,1.0
2024-05-23,29.54,31.07,29.14,30.66,23060,100382.699,1.0
2024-05-24,29.72,30.87,28.79,28.81,22426,95745.364,1.0
2024-05-27,28.52,29.4,28.48,29.34,12075,50424.896,1.0
2024-05-28,29.11,29.52,28.84,28.84,7686,32267.059,1.0
2024-05-29,28.68,29.9,28.58,29.56,9772,41456.691,1.0
2024-05-30,29.57,30.22,28.89,29.29,10645,45077.989,1.0
2024-05-31,29.32,30.43,29.29,29.93,13392,57866.523,1.0
2024-06-03,29.85,30.73,29.49,29.99,15138,65413.352,1.0
2024-06-04,29.67,29.92,28.37,28.83,14266,58837.892,1.0
2024-06-05,29.02,29.16,28.32,28.58,8069,33262.691,1.0
2024-06-06,28.42,29.49,27.17,27.46,12767,51492.597,1.0
2024-06-07,27.49,28.3,27.49,27.99,7424,29785.358,1.0
2024-06-11,28.0,29.3,27.24,29.11,10729,43705.833,1.0
2024-06-12,29.82,33.2,29.12,31.0,32876,146553.664,1.0
2024-06-13,30.75,32.96,30.46,32.19,37447,171221.347,1.0
2024-06-14,31.38,31.45,30.49,30.78,23834,105006.24,1.0
2024-06-17,30.97,31.8,30.16,31.65,24815,110804.548,1.0
2024-06-18,31.41,31.43,30.57,31.09,20358,90286.465,1.0
2024-06-19,31.09,31.37,30.43,31.15,16408,72657.743,1.0
2024-06-20,30.97,31.95,30.53,30.53,17817,79722.886,1.0
2024-06-21,30.19,31.39,29.56,31.0,15548,68166.742,1.0
2024-06-24,30.84,31.91,29.76,29.87,18018,79461.573,1.0
2024-06-25,29.87,30.29,29.0,29.4,14427,61125.636,1.0
2024-06-26,29.38,30.78,28.96,30.78,12063,52101.967,1.0
2024-06-27,30.6,32.44,30.46,31.11,23475,106336.606,1.0
2024-06-28,31.02,32.53,30.77,32.07,27180,124214.003,1.0
2024-07-01,31.91,31.91,30.27,31.26,22347,99173.008,1.0
2024-07-02,31.03,31.45,30.47,30.74,11927,52581.082,1.0
2024-07-03,30.74,32.09,30.17,30.91,18339,81163.721,1.0
2024-07-04,30.25,31.08,29.67,29.8,15148,65631.98,1.0
2024-07-05,29.8,30.26,29.08,29.96,9036,38338.054,1.0
2024-07-08,29.83,30.48,29.3,29.39,9528,40490.841,1.0
2024-07-09,29.39,31.66,29.32,31.63,24356,107621.287,1.0
2024-07-10,31.63,31.78,31.11,31.53,14145,63725.935,1.0
2024-07-11,31.94,32.81,31.33,32.67,24205,111166.121,1.0
2024-07-12,31.89,32.43,31.53,32.18,14707,67150.424,1.0
2024-07-15,32.16,32.16,31.47,31.61,10594,48085.324,1.0
2024-07-16,31.93,33.16,31.61,33.13,27529,128678.712,1.0
2024-07-17,32.65,32.8,31.47,31.6,19000,87295.534,1.0
2024-07-18,31.07,31.32,29.87,30.86,16640,72669.271,1.0
2024-07-19,30.74,31.36,30.35,30.58,11484,50744.0,1.0
2024-07-22,30.56,31.16,30.03,31.09,9257,40841.737,1.0
2024-07-23,31.03,31.18,29.89,29.97,10136,44079.133,1.0
2024-07-24,29.87,30.67,28.86,28.88,12475,52916.166,1.0
2024-07-25,28.8,28.82,27.77,28.28,9788,39650.554,1.0
2024-07-26,28.42,28.88,28.2,28.5,7147,29287.411,1.0
2024-07-29,33.02,34.36,32.58,34.36,42836,207046.109,1.0
2024-07-30,35.22,35.75,32.77,32.92,65824,319085.402,1.0
2024-07-31,32.71,34.49,32.23,33.92,48363,229645.977,1.0
2024-08-01,33.61,34.32,33.33,33.45,26335,126670.784,1.0
2024-08-02,33.33,34.19,32.67,32.79,27706,132436.833,1.0
2024-08-05,32.32,32.61,30.75,31.1,23564,107000.021,1.0
2024-08-06,31.61,31.88,31.02,31.32,10553,47304.33,1.0
2024-08-07,31.29,31.69,31.1,31.1,9253,41541.879,1.0
2024-08-08,31.04,31.54,30.35,31.15,10601,46923.562,1.0
2024-08-09,31.21,32.11,31.21,31.34,8951,40330.791,1.0
2024-08-12,31.32,31.89,30.78,31.43,9792,44007.551,1.0
2024-08-13,31.3,33.61,31.15,33.6,36189,170393.676,1.0
2024-08-14,33.23,33.86,33.02,33.46,26730,127557.089,1.0
2024-08-15,33.25,34.12,32.95,34.01,25714,123759.208,1.0
2024-08-16,34.26,34.9,33.59,33.62,36629,178561.687,1.0
2024-08-19,33.4,33.67,32.55,32.6,23040,108610.435,1.0
2024-08-20,32.7,33.17,32.19,32.43,14274,66515.954,1.0
2024-08-21,32.37,32.97,32.17,32.65,14068,65761.628,1.0
2024-08-22,32.52,32.9,32.22,32.29,10915,50723.951,1.0
2024-08-23,32.18,32.86,31.92,32.65,13780,63845.135,1.0
2024-08-26,32.61,33.5,32.33,33.24,20450,96592.67,1.0
2024-08-27,33.33,33.35,32.1,32.32,15367,71557.072,1.0
2024-08-28,32.18,32.87,31.83,32.44,11118,51477.237,1.0
2024-08-29,32.18,33.24,32.04,32.83,19343,90678.197,1.0
2024-08-30,32.75,34.11,32.72,33.82,25901,124704.581,1.0
2024-09-02,34.01,34.17,32.83,32.85,18002,86066.963,1.0
2024-09-03,32.82,33.36,32.36,32.61,11981,56151.257,1.0
2024-09-04,32.16,32.24,31.22,31.75,16062,72587.153,1.0
2024-09-05,31.75,32.25,31.56,31.93,10284,46915.998,1.0
2024-09-06,31.96,31.96,30.82,30.93,12177,54273.08,1.0
2024-09-09,30.75,31.24,30.46,30.62,8332,36702.703,1.0
2024-09-10,30.66,31.02,30.14,30.75,8858,38733.42,1.0
2024-09-11,30.75,30.75,30.2,30.5,7814,34052.164,1.0
2024-09-12,30.5,30.86,29.71,29.74,8762,37894.69,1.0
2024-09-13,29.86,29.88,29.23,29.32,7643,32268.76,1.0
2024-09-18,29.32,29.32,28.38,28.85,6986,28783.029,1.0
2024-09-19,28.9,29.3,28.51,29.04,7440,30873.709,1.0
2024-09-20,29.13,29.3,28.17,28.34,10395,42561.398,1.0
2024-09-23,28.4,28.76,27.57,27.59,12646,50761.511,1.0
2024-09-24,27.57,28.7,27.24,28.64,12971,52279.848,1.0
2024-09-25,28.8,29.58,28.53,28.56,13845,57657.388,1.0
2024-09-26,28.56,29.77,28.45,29.77,12658,53069.095,1.0
2024-09-27,30.54,32.52,30.03,32.33,22730,101963.394,1.0
2024-09-30,33.43,38.95,33.4,38.95,45159,232664.176,1.0
2024-10-08,46.9,46.9,43.92,46.9,57386,374425.444,1.0
2024-10-09,45.66,46.93,42.43,43.29,47691,302179.822,1.0
2024-10-10,43.79,44.21,41.08,41.9,29632,178289.492,1.0
2024-10-11,41.75,41.9,38.28,38.97,25670,144909.545,1.0
2024-10-14,38.91,42.07,38.32,41.99,27865,160183.491,1.0
2024-10-15,41.85,43.98,41.32,42.5,32247,196790.735,1.0
2024-10-16,41.42,43.41,41.42,42.86,23113,139628.236,1.0
2024-10-17,42.84,44.79,42.58,43.79,31943,199453.277,1.0
2024-10-18,42.63,43.91,39.92,43.24,70231,421611.9,1.0
2024-10-21,43.43,44.93,41.96,43.92,58656,361716.515,1.0
2024-10-22,43.89,43.89,41.92,42.71,30487,184861.329,1.0
2024-10-23,42.91,44.84,42.91,43.34,38938,242988.653,1.0
2024-10-24,42.57,43.82,42.35,42.92,19474,119500.714,1.0
2024-10-25,43.02,44.62,43.02,43.86,30179,187983.691,1.0
2024-10-28,43.87,45.29,43.47,45.22,34943,221585.139,1.0
2024-10-29,45.28,45.28,43.33,43.33,29916,187766.902,1.0
2024-10-30,42.86,44.21,42.6,43.34,17840,109894.408,1.0
2024-10-31,43.49,44.15,42.83,43.14,23381,144588.09,1.0
2024-11-01,42.57,43.05,39.97,40.0,30886,181370.049,1.0
2024-11-04,40.41,41.42,40.3,41.2,15592,90929.062,1.0
2024-11-05,41.42,42.7,41.09,42.31,18622,111521.579,1.0
2024-11-06,42.7,43.18,41.52,41.81,18276,109865.719,1.0
2024-11-07,41.36,42.94,41.35,42.75,17002,101565.786,1.0
2024-11-08,43.29,44.06,42.98,43.64,22433,138903.332,1.0
2024-11-11,43.49,44.75,43.0,44.69,24698,155600.477,1.0
2024-11-12,44.69,45.61,43.79,44.22,27094,171668.754,1.0
2024-11-13,44.12,44.48,42.81,44.39,19822,122800.18,1.0
2024-11-14,44.57,44.71,42.77,42.91,15226,94340.378,1.0
2024-11-15,42.93,44.55,42.21,42.28,22882,141164.272,1.0
2024-11-18,42.92,42.92,40.07,40.68,17980,105066.537,1.0
2024-11-19,40.59,42.74,40.59,42.7,17116,101763.454,1.0
2024-11-20,42.5,43.39,42.22,42.96,13103,79795.14,1.0
2024-11-21,42.9,42.9,41.69,42.52,10491,63228.663,1.0
2024-11-22,42.52,43.61,41.18,41.24,20006,121440.963,1.0
2024-11-25,41.21,41.46,40.3,41.21,12075,70215.726,1.0
2024-11-26,41.16,41.9,40.64,40.69,9019,52844.219,1.0
2024-11-27,40.3,41.96,39.28,41.85,13576,78315.126,1.0
2024-11-28,41.85,42.08,41.26,41.28,9464,55956.057,1.0
2024-11-29,41.78,42.33,40.68,41.89,10586,62678.384,1.0
2024-12-02,41.89,43.36,41.87,43.28,16148,98623.589,1.0
2024-12-03,43.07,45.42,42.86,44.07,26755,167943.053,1.0
2024-12-04,43.67,45.04,43.21,43.64,24335,152599.811,1.0
2024-12-05,43.29,44.5,43.29,44.02,16562,103195.981,1.0
2024-12-06,43.97,44.62,43.52,44.28,17396,109075.344,1.0
2024-12-09,44.27,44.99,43.33,44.25,16153,101593.266,1.0
2024-12-10,45.76,46.14,44.25,44.37,20785,132708.836,1.0
2024-12-11,44.36,45.42,43.77,45.03,22091,140563.107,1.0
2024-12-12,45.25,51.53,44.94,50.22,76809,526214.121,1.0
2024-12-13,49.23,52.92,47.87,51.49,78431,558422.745,1.0
2024-12-16,51.37,51.46,48.68,49.2,42765,300570.294,1.0
2024-12-17,49.2,49.78,46.42,46.64,36302,245090.283,1.0
2024-12-18,47.23,50.64,45.8,48.59,39525,269967.7,1.0
2024-12-19,48.17,54.79,47.48,54.17,71914,523188.713,1.0
2024-12-20,52.66,55.11,51.99,53.13,56437,428050.63,1.0
2024-12-23,52.96,53.67,50.09,50.16,42362,308131.802,1.0
2024-12-24,51.1,52.46,49.46,50.77,32814,236316.182,1.0
2024-12-25,50.67,52.15,49.58,50.38,34189,246463.036,1.0
2024-12-26,50.38,52.03,49.5,51.02,33069,239521.383,1.0
2024-12-27,50.69,54.1,50.49,53.1,51084,381349.386,1.0
2024-12-30,52.6,53.06,50.97,52.37,28672,209796.703,1.0
2024-12-31,51.63,52.34,48.3,48.3,29914,211471.377,1.0
2025-01-02,48.3,49.0,46.08,46.67,25251,170466.087,1.0
2025-01-03,46.87,47.76,45.36,45.64,22484,148705.555,1.0
2025-01-06,45.65,45.71,42.93,43.73,21473,135083.287,1.0
2025-01-07,43.64,45.28,43.51,45.16,20576,130813.877,1.0
2025-01-08,44.6,46.11,43.46,45.54,21032,134044.081,1.0
2025-01-09,45.09,46.98,44.63,46.08,19772,129995.436,1.0
2025-01-10,45.78,46.37,44.36,44.68,15644,100974.836,1.0
2025-01-13,43.61,44.72,42.58,43.96,14260,88574.78,1.0
2025-01-14,44.35,47.46,44.14,47.05,23296,152877.355,1.0
2025-01-15,47.05,47.62,46.55,46.99,14372,96066.525,1.0
2025-01-16,46.3,47.15,45.55,46.08,25026,164358.257,1.0
2025-01-17,46.02,47.63,46.02,47.15,20316,135766.677,1.0
2025-01-20,47.66,48.88,47.66,48.5,18775,128694.825,1.0
2025-01-21,49.41,50.08,47.71,49.15,39940,276745.451,1.0
2025-01-22,48.8,51.08,48.37,50.25,32238,229334.648,1.0
2025-01-23,50.47,50.73,49.02,49.02,26684,188757.178,1.0
2025-01-24,48.67,50.01,48.67,49.6,18052,126652.611,1.0
2025-01-27,49.84,49.96,48.45,48.68,17245,120246.118,1.0
2025-02-05,49.1,50.28,48.56,50.08,22115,155077.754,1.0
2025-02-06,50.21,51.65,50.1,51.4,30269,219105.986,1.0
2025-02-07,51.67,51.88,50.67,51.18,30943,224453.72,1.0
2025-02-10,51.1,52.81,50.01,52.76,36007,261394.138,1.0
2025-02-11,52.23,52.23,50.24,50.31,28854,207708.105,1.0
2025-02-12,50.03,51.09,50.01,50.97,19253,138529.357,1.0
2025-02-13,50.97,50.97,49.26,49.57,20157,142368.592,1.0
2025-02-14,49.68,49.95,48.74,49.07,16907,118293.831,1.0
2025-02-17,49.05,49.93,48.37,49.32,13085,91243.178,1.0
2025-02-18,49.33,49.55,47.18,47.22,19685,134648.956,1.0
2025-02-19,47.34,48.47,47.22,48.44,15541,106091.986,1.0
2025-02-20,48.73,49.98,48.51,49.54,20481,143226.939,1.0
2025-02-21,49.68,50.25,49.07,49.95,19118,134628.541,1.0
2025-02-24,50.0,51.22,49.6,49.93,21810,155799.892,1.0
2025-02-25,49.19,51.85,48.93,50.74,26318,189000.162,1.0
2025-02-26,50.84,51.74,50.56,50.98,17697,127861.107,1.0
2025-02-27,50.88,51.34,48.94,50.56,19634,139576.735,1.0
2025-02-28,50.01,50.29,47.03,47.2,19677,134799.003,1.0
2025-03-03,47.44,48.8,46.46,47.95,15477,105249.85,1.0
2025-03-04,47.59,48.88,47.26,48.84,13404,91993.74,1.0
2025-03-05,49.02,50.01,48.16,49.95,17678,123088.374,1.0
2025-03-06,50.54,50.95,49.95,50.1,14938,106508.963,1.0
2025-03-07,49.88,50.67,49.28,49.55,12420,87810.777,1.0
2025-03-10,49.55,50.16,48.93,49.48,9554,67093.404,1.0
2025-03-11,49.08,49.52,48.42,49.02,9542,66159.804,1.0
2025-03-12,49.23,51.8,48.45,50.26,27047,193264.007,1.0
2025-03-13,50.26,50.35,48.26,48.94,17847,123917.566,1.0
2025-03-14,48.85,50.66,48.24,50.05,17417,120503.897,1.0
2025-03-17,50.31,51.95,49.58,51.45,22746,162903.643,1.0
2025-03-18,51.45,51.94,51.15,51.69,15516,112047.569,1.0
2025-03-19,51.64,51.64,49.95,50.24,14925,105756.367,1.0
2025-03-20,50.42,51.49,50.08,50.41,13896,98995.043,1.0
2025-03-21,50.01,50.06,47.96,47.97,19278,131904.345,1.0
2025-03-24,47.98,49.37,46.93,48.14,14662,98795.07,1.0
2025-03-25,48.05,48.42,46.95,47.15,9224,61372.124,1.0
2025-03-26,47.08,47.74,47.08,47.34,6180,41150.731,1.0
2025-03-27,47.36,48.11,46.9,47.51,8452,56255.054,1.0
2025-03-28,47.44,47.76,46.9,46.93,6698,44429.696,1.0
2025-03-31,46.45,47.48,46.35,47.38,6931,45537.793,1.0
2025-04-01,47.36,47.87,46.93,47.16,7904,52581.167,1.0
2025-04-02,47.16,48.09,47.0,47.29,5550,36979.517,1.0
2025-04-03,46.82,47.05,42.97,43.06,30214,188582.891,1.0
2025-04-07,38.54,39.12,34.41,34.61,27214,139720.475,1.0
2025-04-08,34.54,36.64,33.97,35.1,22003,108505.779,1.0
2025-04-09,34.33,35.54,31.88,35.23,23179,111484.693,1.0
2025-04-10,37.4,38.24,36.7,36.83,21133,111197.534,1.0
2025-04-11,36.41,38.96,35.99,38.25,17923,94880.116,1.0
2025-04-14,41.34,42.06,38.71,39.04,30667,172982.945,1.0
2025-04-15,39.31,39.44,38.13,38.62,14674,79407.45,1.0
2025-04-16,38.48,38.62,36.98,37.79,11542,61343.033,1.0
2025-04-17,37.6,38.4,37.38,37.65,8979,47870.894,1.0
2025-04-18,37.66,38.66,37.43,38.24,11095,59192.996,1.0
2025-04-21,38.62,39.91,38.34,39.56,16245,89583.021,1.0
2025-04-22,39.29,40.51,39.27,39.88,14855,83400.589,1.0
2025-04-23,40.37,41.97,40.37,41.74,19883,115699.764,1.0
2025-04-24,41.72,42.74,41.14,42.56,22998,135948.768,1.0
2025-04-25,42.09,42.38,40.0,41.62,28205,163996.139,1.0
2025-04-28,41.99,41.99,40.61,40.64,17715,101468.175,1.0
2025-04-29,40.43,41.09,40.43,40.75,10489,60044.85,1.0
2025-04-30,40.8,41.62,40.71,41.19,11577,66951.931,1.0
2025-05-06,41.67,42.77,41.37,42.63,21738,128669.515,1.0
2025-05-07,43.42,43.49,42.08,42.46,14440,86417.414,1.0
2025-05-08,42.3,43.06,42.28,42.91,11635,69894.123,1.0
2025-05-09,42.87,42.87,41.91,42.05,11090,65676.725,1.0
2025-05-12,42.85,43.14,42.25,42.78,18477,110751.432,1.0
2025-05-13,43.49,43.64,42.47,42.53,18621,112374.995,1.0
2025-05-14,42.35,42.99,41.98,42.33,13028,77421.713,1.0
2025-05-15,42.35,42.48,41.7,41.92,7283,42944.945,1.0
2025-05-16,41.98,42.75,41.9,42.31,8892,52807.403,1.0
2025-05-19,42.31,42.38,41.63,42.15,7623,44942.377,1.0
2025-05-20,42.53,42.91,41.75,42.74,8696,51772.388,1.0
2025-05-21,44.5,47.51,44.5,45.23,56809,365408.121,1.0
2025-05-22,43.51,43.75,42.48,42.58,40951,247070.207,1.0
2025-05-23,42.51,43.06,41.7,41.7,20741,122709.619,1.0
2025-05-26,41.63,42.6,41.12,42.26,13620,80129.08,1.0
2025-05-27,42.18,42.18,41.57,41.66,10038,58791.737,1.0
2025-05-28,41.85,45.54,41.42,44.45,36373,221506.214,1.0
2025-05-29,44.77,46.27,44.67,45.14,31964,202605.019,1.0
2025-05-30,45.22,45.66,44.2,44.41,21104,132688.188,1.0
2025-06-03,44.02,45.18,43.77,44.63,18647,116185.672,1.0
2025-06-04,44.63,44.87,44.01,44.35,12111,75293.862,1.0
2025-06-05,44.35,44.98,43.82,44.71,16414,102133.131,1.0
2025-06-06,44.66,45.0,44.22,44.7,15289,68106.493,1.0
2025-06-09,44.72,45.27,44.58,44.8,15923,71392.765,1.0
2025-06-10,44.75,44.95,43.0,43.42,22200,97227.333,1.0
2025-06-11,43.48,46.85,43.48,45.12,41385,188348.587,1.0
2025-06-12,44.4,45.28,44.4,44.9,22318,100166.673,1.0
2025-06-13,44.58,44.91,43.58,43.8,16657,73421.914,1.0
2025-06-16,43.82,44.59,43.5,44.11,13756,60766.337,1.0
2025-06-17,44.19,46.8,43.9,45.19,30717,139486.006,1.0
2025-06-18,45.2,48.12,44.71,47.95,63602,298427.883,1.0
2025-06-19,47.87,50.34,47.57,48.8,81806,401634.201,1.0
2025-06-20,48.8,49.45,47.2,47.79,41107,198780.232,1.0
2025-06-23,48.44,48.44,47.3,47.72,25211,120106.586,1.0
2025-06-24,48.2,49.27,47.77,48.41,32670,158058.7,1.0
2025-06-25,48.28,49.12,47.85,48.32,29490,142395.272,1.0
2025-06-26,48.26,48.38,47.11,47.73,26216,125140.584,1.0
2025-06-27,47.73,49.1,46.9,48.23,42928,205876.698,1.0
2025-06-30,48.48,49.86,48.2,49.79,39573,194017.696,1.0
2025-07-01,49.7,49.78,48.16,49.12,31640,154275.511,1.0
2025-07-02,49.01,49.01,47.58,47.72,21203,101751.368,1.0
2025-07-03,48.19,50.46,47.81,49.92,43018,211118.152,1.0
2025-07-04,49.66,49.78,48.16,48.89,35664,174065.174,1.0
2025-07-07,48.6,49.07,48.03,48.72,15970,77622.251,1.0
2025-07-08,48.72,49.87,48.57,49.36,27723,137140.697,1.0
2025-07-09,49.33,50.49,49.09,49.36,27615,137239.355,1.0
2025-07-10,49.28,49.6,48.63,48.78,21218,103717.405,1.0
2025-07-11,48.79,48.84,48.13,48.58,21819,105751.578,1.0
2025-07-14,48.6,49.53,48.1,49.27,18597,90931.633,1.0
2025-07-15,49.26,49.5,47.96,48.66,23094,112532.157,1.0
2025-07-16,48.82,51.95,48.41,50.24,55332,281164.312,1.0
2025-07-17,50.5,51.33,49.87,51.0,29808,151595.33,1.0
2025-07-18,51.0,51.49,50.4,50.7,23029,117205.892,1.0
2025-07-21,50.7,51.97,50.11,51.27,31152,159427.314,1.0
2025-07-22,50.94,51.66,50.33,50.61,22671,115449.178,1.0
2025-07-23,50.51,51.1,49.81,50.24,19481,98028.418,1.0
2025-07-24,50.24,50.77,49.6,49.93,22510,112348.352,1.0
2025-07-25,49.94,50.58,49.69,50.5,16844,84466.525,1.0
2025-07-28,50.5,54.26,50.41,54.09,57585,301655.439,1.0
2025-07-29,54.48,55.96,53.87,55.83,58113,319158.094,1.0
2025-07-30,55.78,57.8,55.41,55.74,54005,303548.29,1.0
2025-07-31,55.51,56.19,54.0,54.36,40287,221679.987,1.0
2025-08-01,55.03,57.49,54.2,55.45,63508,356607.698,1.0
2025-08-04,54.44,55.69,54.27,55.14,28011,154253.123,1.0
2025-08-05,55.49,60.33,54.84,60.33,76410,440817.753,1.0
2025-08-06,59.1,60.6,57.57,60.16,69394,413930.891,1.0
2025-08-07,59.99,61.99,59.3,59.4,63161,381797.925,1.0
2025-08-08,59.3,61.5,58.57,60.74,44606,270113.766,1.0
2025-08-11,60.39,62.39,60.27,61.1,37491,229502.264,1.0
2025-08-12,61.0,61.4,59.77,60.99,28416,172380.695,1.0
2025-08-13,60.94,61.5,59.88,61.2,37525,227951.789,1.0
2025-08-14,61.16,64.15,59.88,63.33,79513,491852.528,1.0
2025-08-15,59.88,61.46,58.9,59.97,79941,481300.581,1.0
2025-08-18,60.5,62.7,60.27,60.97,56466,345788.796,1.0
2025-08-19,60.89,62.17,60.06,60.75,39824,242066.552,1.0
2025-08-20,60.75,60.86,59.29,60.72,27586,165980.144,1.0
2025-08-21,60.8,64.05,60.3,61.89,56355,351028.371,1.0
2025-08-22,61.36,62.81,60.66,60.85,32556,199295.808,1.0
2025-08-25,61.61,63.33,61.1,62.45,42927,267104.93,1.0
2025-08-26,62.38,67.99,61.08,65.43,70447,457664.956,1.0
2025-08-27,65.66,65.83,62.65,62.68,52294,336751.043,1.0
2025-08-28,62.05,63.22,59.78,63.22,56902,351340.675,1.0
2025-08-29,62.8,63.87,61.8,63.03,32067,201770.364,1.0
2025-09-01,63.5,65.33,63.1,65.33,47705,307756.794,1.0
2025-09-02,65.21,65.21,61.97,63.3,48467,306375.223,1.0
2025-09-03,63.13,65.2,60.93,61.38,35365,224156.471,1.0
2025-09-04,62.19,64.18,59.48,60.43,39591,244883.853,1.0
2025-09-05,60.55,63.54,60.0,63.08,35651,221982.864,1.0
2025-09-08,62.81,64.17,62.65,64.08,25668,162679.012,1.0
2025-09-09,63.57,63.57,61.5,61.75,24748,154709.945,1.0
2025-09-10,61.54,62.38,59.9,60.45,22617,137554.722,1.0
2025-09-11,60.46,62.14,59.23,62.03,24544,149901.12,1.0
2025-09-12,61.9,62.68,60.98,61.65,21297,131532.822,1.0
2025-09-15,61.5,61.86,60.35,60.87,18661,113858.49,1.0
2025-09-16,60.87,63.88,60.61,63.23,32435,202565.661,1.0
2025-09-17,63.02,65.2,62.75,63.9,26866,172517.399,1.0
2025-09-18,64.0,68.8,64.0,65.87,66075,443292.52,1.0
2025-09-19,66.48,67.45,63.7,64.62,30740,200533.744,1.0
2025-09-22,67.0,68.62,65.25,68.62,48960,329275.452,1.0
2025-09-23,69.76,69.98,64.7,66.45,52974,352321.913,1.0
2025-09-24,65.52,68.45,65.14,68.1,34751,232851.328,1.0
2025-09-25,67.9,73.68,67.51,71.51,57536,411366.226,1.0
2025-09-26,72.43,72.5,68.7,69.29,38253,267085.371,1.0
2025-09-29,68.95,74.8,68.6,74.2,46451,340184.505,1.0
2025-09-30,73.61,73.98,71.6,72.8,32184,233790.494,1.0
2025-10-09,72.3,72.95,70.05,70.29,38650,273986.01,1.0
2025-10-10,69.94,70.9,69.1,69.69,18407,128494.545,1.0
2025-10-13,65.01,68.8,64.28,67.88,21113,141371.667,1.0
2025-10-14,68.56,68.56,64.0,64.38,23215,153182.022,1.0
2025-10-15,64.52,66.98,63.21,66.84,16405,107728.243,1.0
2025-10-16,66.61,66.61,64.76,64.93,15077,98805.013,1.0
2025-10-17,64.5,66.84,64.5,66.2,19503,128605.54,1.0
2025-10-20,66.0,69.8,65.0,67.9,29620,199130.81,1.0
2025-10-21,68.51,69.46,67.56,68.99,23778,163493.415,1.0
2025-10-22,68.33,69.75,67.16,67.45,15488,105899.765,1.0
2025-10-23,67.49,67.95,65.5,66.88,11799,78126.658,1.0
2025-10-24,67.0,69.26,66.86,69.11,18664,128186.564,1.0
2025-10-27,69.57,70.91,69.01,70.64,21202,148679.673,1.0
2025-10-28,69.94,70.25,68.98,69.2,14531,101075.539,1.0
2025-10-29,68.8,69.88,68.52,69.01,13910,96144.823,1.0
2025-10-30,69.03,69.6,66.84,67.24,15533,105272.971,1.0
2025-10-31,67.22,68.16,66.78,67.4,9385,63327.471,1.0
2025-11-03,67.0,67.1,62.8,65.97,27199,176922.27,1.0
2025-11-04,66.03,66.3,63.68,63.96,14622,94390.489,1.0
2025-11-05,63.58,64.75,63.0,64.2,8445,53946.857,1.0
2025-11-06,64.2,67.17,64.17,66.1,20175,133741.056,1.0
2025-11-07,65.76,65.89,64.22,64.72,11709,75895.725,1.0
2025-11-10,64.75,65.18,62.71,63.49,16502,104827.456,1.0
2025-11-11,63.95,64.0,61.58,61.78,13696,85414.072,1.0
2025-11-12,61.78,62.36,61.0,61.31,10264,63060.81,1.0
2025-11-13,61.18,62.09,61.0,61.98,8074,49754.097,1.0
2025-11-14,62.0,62.24,61.04,61.2,6884,42412.538,1.0
2025-11-17,61.2,61.64,60.3,60.48,6549,39752.657,1.0
2025-11-18,60.66,60.95,58.7,59.1,13348,79678.421,1.0
2025-11-19,59.28,59.3,57.38,57.62,18126,105292.243,1.0
2025-11-20,57.89,58.5,57.43,57.45,9807,56680.159,1.0
2025-11-21,56.6,57.24,54.7,55.25,16956,94316.508,1.0
2025-11-24,56.06,56.8,55.31,56.6,12338,69519.853,1.0
2025-11-25,56.95,58.63,56.6,57.84,13127,76132.825,1.0
2025-11-26,57.78,59.89,57.69,58.46,18711,110536.988,1.0
2025-11-27,58.07,60.58,58.07,59.93,18001,107455.85,1.0
2025-11-28,59.81,60.58,59.39,59.91,9080,54418.14,1.0
2025-12-01,59.78,61.18,59.31,60.99,16722,100819.993,1.0
2025-12-02,60.65,61.43,59.83,60.16,12067,73003.528,1.0
2025-12-03,60.35,60.56,59.01,59.35,10633,63369.883,1.0
2025-12-04,59.36,59.79,58.24,59.06,9228,54314.27,1.0
2025-12-05,59.56,60.68,58.83,60.42,9221,55314.24,1.0
2025-12-08,60.49,61.4,59.97,60.77,13204,80219.274,1.0
2025-12-09,60.8,61.39,59.86,60.12,11755,71030.586,1.0
2025-12-10,59.61,60.2,58.84,59.78,11742,69823.475,1.0
2025-12-11,60.08,60.15,58.74,58.8,7904,46763.412,1.0
2025-12-12,59.04,59.58,58.12,58.91,9535,56232.98,1.0
2025-12-15,58.83,59.16,57.72,57.82,11704,68371.359,1.0
2025-12-16,57.76,58.39,56.47,56.9,10461,59566.616,1.0
2025-12-17,56.78,57.99,56.45,57.91,12217,70086.563,1.0
2025-12-18,57.61,59.13,57.16,58.39,10423,60910.11,1.0
2025-12-19,58.45,59.08,58.0,58.08,11432,66847.198,1.0
2025-12-22,58.13,59.28,58.12,58.79,11503,67674.639,1.0
2025-12-23,58.79,59.38,58.32,58.65,13931,81814.583,1.0
2025-12-24,58.98,60.99,58.68,60.5,20631,123696.847,1.0
2025-12-25,60.5,60.9,59.76,60.4,12914,77798.89,1.0
2025-12-26,60.21,60.8,59.7,59.92,13311,80129.2,1.0
2025-12-29,59.98,61.87,59.98,61.05,22158,135776.691,1.0
2025-12-30,60.68,61.35,59.73,59.95,23180,139917.981,1.0
2025-12-31,60.0,61.71,59.76,60.07,15099,90883.699,1.0
2026-01-05,60.47,68.68,60.47,67.7,86797,568779.837,1.0
2026-01-06,66.92,67.94,64.3,65.23,64308,422097.634,1.0
2026-01-07,64.98,64.98,63.3,63.64,52626,336253.921,1.0
2026-01-08,63.56,64.87,63.36,64.0,36793,235628.641,1.0
2026-01-09,63.51,64.63,63.24,63.97,35753,228645.096,1.0
2026-01-12,63.7,66.55,63.69,66.55,49748,325097.32,1.0
2026-01-13,66.98,67.0,64.38,64.63,30916,201099.545,1.0
2026-01-14,64.79,66.4,63.8,64.83,33492,218321.239,1.0
2026-01-15,64.97,67.44,64.76,66.25,33162,219439.83,1.0
2026-01-16,66.24,67.49,65.81,67.49,33636,224746.4711,1.0
